account_a,account_b,device_hash
ACC-C-000011-M1_CASHOUT,ACC-C-000011-M2_LAYERING,DEV-00008
ACC-C-000011-M2_LAYERING,ACC-C-000011-M2A_RUNWAY,DEV-00008
ACC-C-000011-M2A_RUNWAY,ACC-C-001915-M1_CASHOUT,DEV-00008
ACC-C-001915-M1_CASHOUT,ACC-C-001915-M2_LAYERING,DEV-00008
ACC-C-001915-M2_LAYERING,ACC-C-001915-M2A_RUNWAY,DEV-00008
ACC-C-001915-M2A_RUNWAY,ACC-C-006424-M1_CASHOUT,DEV-00008
ACC-C-006424-M1_CASHOUT,ACC-C-006424-M2A_RUNWAY,DEV-00008
ACC-C-006424-M2A_RUNWAY,ACC-C-010988-M1_CASHOUT,DEV-00008
ACC-C-010988-M1_CASHOUT,ACC-C-010988-M2_LAYERING,DEV-00008
ACC-C-010988-M2_LAYERING,ACC-C-010988-M2A_RUNWAY,DEV-00008
ACC-C-010988-M2A_RUNWAY,ACC-C-013792-M1_GATEWAY,DEV-00008
ACC-C-013792-M1_GATEWAY,ACC-C-014575-M1_CASHOUT,DEV-00008
ACC-C-014575-M1_CASHOUT,ACC-C-014575-M2A_RUNWAY,DEV-00008
ACC-C-014575-M2A_RUNWAY,ACC-C-014910-M1_GATEWAY,DEV-00008
ACC-C-000023-M1_GATEWAY,ACC-C-000418-M1_CASHOUT,DEV-00360
ACC-C-000418-M1_CASHOUT,ACC-C-000418-M2_LAYERING,DEV-00360
ACC-C-000418-M2_LAYERING,ACC-C-000418-M2A_RUNWAY,DEV-00360
ACC-C-000418-M2A_RUNWAY,ACC-C-002130-M1_CASHOUT,DEV-00360
ACC-C-002130-M1_CASHOUT,ACC-C-002130-M2A_RUNWAY,DEV-00360
ACC-C-002130-M2A_RUNWAY,ACC-C-003564-M1_CASHOUT,DEV-00360
ACC-C-003564-M1_CASHOUT,ACC-C-003564-M2A_RUNWAY,DEV-00360
ACC-C-003564-M2A_RUNWAY,ACC-C-005369-M1_CASHOUT,DEV-00360
ACC-C-005369-M1_CASHOUT,ACC-C-005369-M2_LAYERING,DEV-00360
ACC-C-005369-M2_LAYERING,ACC-C-005369-M2A_RUNWAY,DEV-00360
ACC-C-005369-M2A_RUNWAY,ACC-C-005675-M1_GATEWAY,DEV-00360
ACC-C-005675-M1_GATEWAY,ACC-C-008281-M1_GATEWAY,DEV-00360
ACC-C-008281-M1_GATEWAY,ACC-C-009816-M1_CASHOUT,DEV-00360
ACC-C-009816-M1_CASHOUT,ACC-C-009816-M2_LAYERING,DEV-00360
ACC-C-009816-M2_LAYERING,ACC-C-009816-M2A_RUNWAY,DEV-00360
ACC-C-009816-M2A_RUNWAY,ACC-C-011769-M1_CASHOUT,DEV-00360
ACC-C-011769-M1_CASHOUT,ACC-C-011769-M2A_RUNWAY,DEV-00360
ACC-C-011769-M2A_RUNWAY,ACC-C-012235-M1_GATEWAY,DEV-00360
ACC-C-012235-M1_GATEWAY,ACC-C-014721-M1_GATEWAY,DEV-00360
ACC-C-014721-M1_GATEWAY,ACC-C-016162-M1_GATEWAY,DEV-00360
ACC-C-016162-M1_GATEWAY,ACC-C-016163-M1_CASHOUT,DEV-00360
ACC-C-016163-M1_CASHOUT,ACC-C-016163-M2_LAYERING,DEV-00360
ACC-C-016163-M2_LAYERING,ACC-C-016163-M2A_RUNWAY,DEV-00360
ACC-C-000031-M1_CASHOUT,ACC-C-000031-M2A_RUNWAY,DEV-00296
ACC-C-000031-M2A_RUNWAY,ACC-C-005216-M1_CASHOUT,DEV-00296
ACC-C-005216-M1_CASHOUT,ACC-C-005216-M2A_RUNWAY,DEV-00296
ACC-C-005216-M2A_RUNWAY,ACC-C-007970-M1_CASHOUT,DEV-00296
ACC-C-007970-M1_CASHOUT,ACC-C-007970-M2A_RUNWAY,DEV-00296
ACC-C-007970-M2A_RUNWAY,ACC-C-008831-M1_CASHOUT,DEV-00296
ACC-C-008831-M1_CASHOUT,ACC-C-008831-M2_LAYERING,DEV-00296
ACC-C-008831-M2_LAYERING,ACC-C-008831-M2A_RUNWAY,DEV-00296
ACC-C-008831-M2A_RUNWAY,ACC-C-009585-M1_CASHOUT,DEV-00296
ACC-C-009585-M1_CASHOUT,ACC-C-009585-M2A_RUNWAY,DEV-00296
ACC-C-009585-M2A_RUNWAY,ACC-C-010509-M1_CASHOUT,DEV-00296
ACC-C-010509-M1_CASHOUT,ACC-C-010509-M2_LAYERING,DEV-00296
ACC-C-010509-M2_LAYERING,ACC-C-010509-M2A_RUNWAY,DEV-00296
ACC-C-010509-M2A_RUNWAY,ACC-C-016495-M1_CASHOUT,DEV-00296
ACC-C-016495-M1_CASHOUT,ACC-C-016495-M2A_RUNWAY,DEV-00296
ACC-C-000039-M1_CASHOUT,ACC-C-000039-M2_LAYERING,DEV-00086
ACC-C-000039-M2_LAYERING,ACC-C-000039-M2A_RUNWAY,DEV-00086
ACC-C-000039-M2A_RUNWAY,ACC-C-000156-M1_GATEWAY,DEV-00086
ACC-C-000156-M1_GATEWAY,ACC-C-000394-M1_CASHOUT,DEV-00086
ACC-C-000394-M1_CASHOUT,ACC-C-000394-M2_LAYERING,DEV-00086
ACC-C-000394-M2_LAYERING,ACC-C-000394-M2A_RUNWAY,DEV-00086
ACC-C-000394-M2A_RUNWAY,ACC-C-004230-M1_CASHOUT,DEV-00086
ACC-C-004230-M1_CASHOUT,ACC-C-004230-M2_LAYERING,DEV-00086
ACC-C-004230-M2_LAYERING,ACC-C-004230-M2A_RUNWAY,DEV-00086
ACC-C-004230-M2A_RUNWAY,ACC-C-004646-M1_GATEWAY,DEV-00086
ACC-C-004646-M1_GATEWAY,ACC-C-007227-M1_CASHOUT,DEV-00086
ACC-C-007227-M1_CASHOUT,ACC-C-007227-M2A_RUNWAY,DEV-00086
ACC-C-007227-M2A_RUNWAY,ACC-C-007498-M1_GATEWAY,DEV-00086
ACC-C-007498-M1_GATEWAY,ACC-C-008593-M1_GATEWAY,DEV-00086
ACC-C-008593-M1_GATEWAY,ACC-C-017583-M1_GATEWAY,DEV-00086
ACC-C-000042-M1_GATEWAY,ACC-C-000474-M1_CASHOUT,DEV-00079
ACC-C-000474-M1_CASHOUT,ACC-C-000474-M2_LAYERING,DEV-00079
ACC-C-000474-M2_LAYERING,ACC-C-000474-M2A_RUNWAY,DEV-00079
ACC-C-000474-M2A_RUNWAY,ACC-C-001789-M1_CASHOUT,DEV-00079
ACC-C-001789-M1_CASHOUT,ACC-C-001789-M2_LAYERING,DEV-00079
ACC-C-001789-M2_LAYERING,ACC-C-001789-M2A_RUNWAY,DEV-00079
ACC-C-001789-M2A_RUNWAY,ACC-C-004313-M1_GATEWAY,DEV-00079
ACC-C-004313-M1_GATEWAY,ACC-C-007100-M1_GATEWAY,DEV-00079
ACC-C-007100-M1_GATEWAY,ACC-C-012096-M1_CASHOUT,DEV-00079
ACC-C-012096-M1_CASHOUT,ACC-C-012096-M2_LAYERING,DEV-00079
ACC-C-012096-M2_LAYERING,ACC-C-012096-M2A_RUNWAY,DEV-00079
ACC-C-012096-M2A_RUNWAY,ACC-C-014899-M1_CASHOUT,DEV-00079
ACC-C-014899-M1_CASHOUT,ACC-C-014899-M2A_RUNWAY,DEV-00079
ACC-C-014899-M2A_RUNWAY,ACC-C-016652-M1_CASHOUT,DEV-00079
ACC-C-016652-M1_CASHOUT,ACC-C-016652-M2_LAYERING,DEV-00079
ACC-C-016652-M2_LAYERING,ACC-C-016652-M2A_RUNWAY,DEV-00079
ACC-C-000044-M1_GATEWAY,ACC-C-002270-M1_CASHOUT,DEV-00142
ACC-C-002270-M1_CASHOUT,ACC-C-002270-M2A_RUNWAY,DEV-00142
ACC-C-002270-M2A_RUNWAY,ACC-C-007894-M1_GATEWAY,DEV-00142
ACC-C-007894-M1_GATEWAY,ACC-C-009878-M1_GATEWAY,DEV-00142
ACC-C-009878-M1_GATEWAY,ACC-C-010767-M1_GATEWAY,DEV-00142
ACC-C-010767-M1_GATEWAY,ACC-C-012576-M1_CASHOUT,DEV-00142
ACC-C-012576-M1_CASHOUT,ACC-C-012576-M2A_RUNWAY,DEV-00142
ACC-C-000047-M1_CASHOUT,ACC-C-000047-M2_LAYERING,DEV-00024
ACC-C-000047-M2_LAYERING,ACC-C-000047-M2A_RUNWAY,DEV-00024
ACC-C-000047-M2A_RUNWAY,ACC-C-007046-M1_CASHOUT,DEV-00024
ACC-C-007046-M1_CASHOUT,ACC-C-007046-M2_LAYERING,DEV-00024
ACC-C-007046-M2_LAYERING,ACC-C-007046-M2A_RUNWAY,DEV-00024
ACC-C-007046-M2A_RUNWAY,ACC-C-007573-M1_GATEWAY,DEV-00024
ACC-C-007573-M1_GATEWAY,ACC-C-010068-M1_CASHOUT,DEV-00024
ACC-C-010068-M1_CASHOUT,ACC-C-010068-M2A_RUNWAY,DEV-00024
ACC-C-010068-M2A_RUNWAY,ACC-C-010157-M1_CASHOUT,DEV-00024
ACC-C-010157-M1_CASHOUT,ACC-C-010157-M2_LAYERING,DEV-00024
ACC-C-010157-M2_LAYERING,ACC-C-010157-M2A_RUNWAY,DEV-00024
ACC-C-010157-M2A_RUNWAY,ACC-C-015188-M1_GATEWAY,DEV-00024
ACC-C-000054-M1_GATEWAY,ACC-C-010056-M1_GATEWAY,DEV-00326
ACC-C-010056-M1_GATEWAY,ACC-C-011662-M1_GATEWAY,DEV-00326
ACC-C-011662-M1_GATEWAY,ACC-C-013132-M1_CASHOUT,DEV-00326
ACC-C-013132-M1_CASHOUT,ACC-C-013132-M2_LAYERING,DEV-00326
ACC-C-013132-M2_LAYERING,ACC-C-013132-M2A_RUNWAY,DEV-00326
ACC-C-013132-M2A_RUNWAY,ACC-C-015201-M1_CASHOUT,DEV-00326
ACC-C-015201-M1_CASHOUT,ACC-C-015201-M2_LAYERING,DEV-00326
ACC-C-015201-M2_LAYERING,ACC-C-015201-M2A_RUNWAY,DEV-00326
ACC-C-015201-M2A_RUNWAY,ACC-C-016132-M1_CASHOUT,DEV-00326
ACC-C-016132-M1_CASHOUT,ACC-C-016132-M2_LAYERING,DEV-00326
ACC-C-016132-M2_LAYERING,ACC-C-016132-M2A_RUNWAY,DEV-00326
ACC-C-016132-M2A_RUNWAY,ACC-C-016892-M1_CASHOUT,DEV-00326
ACC-C-016892-M1_CASHOUT,ACC-C-016892-M2_LAYERING,DEV-00326
ACC-C-016892-M2_LAYERING,ACC-C-016892-M2A_RUNWAY,DEV-00326
ACC-C-016892-M2A_RUNWAY,ACC-C-017673-M1_GATEWAY,DEV-00326
ACC-C-000060-M1_GATEWAY,ACC-C-000620-M1_CASHOUT,DEV-00256
ACC-C-000620-M1_CASHOUT,ACC-C-000620-M2_LAYERING,DEV-00256
ACC-C-000620-M2_LAYERING,ACC-C-000620-M2A_RUNWAY,DEV-00256
ACC-C-000620-M2A_RUNWAY,ACC-C-002463-M1_GATEWAY,DEV-00256
ACC-C-002463-M1_GATEWAY,ACC-C-006582-M1_GATEWAY,DEV-00256
ACC-C-006582-M1_GATEWAY,ACC-C-008563-M1_CASHOUT,DEV-00256
ACC-C-008563-M1_CASHOUT,ACC-C-008563-M2_LAYERING,DEV-00256
ACC-C-008563-M2_LAYERING,ACC-C-008563-M2A_RUNWAY,DEV-00256
ACC-C-008563-M2A_RUNWAY,ACC-C-009669-M1_GATEWAY,DEV-00256
ACC-C-009669-M1_GATEWAY,ACC-C-013001-M1_CASHOUT,DEV-00256
ACC-C-013001-M1_CASHOUT,ACC-C-013001-M2A_RUNWAY,DEV-00256
ACC-C-013001-M2A_RUNWAY,ACC-C-016059-M1_CASHOUT,DEV-00256
ACC-C-016059-M1_CASHOUT,ACC-C-016059-M2A_RUNWAY,DEV-00256
ACC-C-000061-M1_GATEWAY,ACC-C-001885-M1_GATEWAY,DEV-00154
ACC-C-001885-M1_GATEWAY,ACC-C-007714-M1_CASHOUT,DEV-00154
ACC-C-007714-M1_CASHOUT,ACC-C-007714-M2A_RUNWAY,DEV-00154
ACC-C-007714-M2A_RUNWAY,ACC-C-010344-M1_GATEWAY,DEV-00154
ACC-C-010344-M1_GATEWAY,ACC-C-011596-M1_GATEWAY,DEV-00154
ACC-C-011596-M1_GATEWAY,ACC-C-011872-M1_CASHOUT,DEV-00154
ACC-C-011872-M1_CASHOUT,ACC-C-011872-M2A_RUNWAY,DEV-00154
ACC-C-011872-M2A_RUNWAY,ACC-C-013281-M1_CASHOUT,DEV-00154
ACC-C-013281-M1_CASHOUT,ACC-C-013281-M2_LAYERING,DEV-00154
ACC-C-013281-M2_LAYERING,ACC-C-013281-M2A_RUNWAY,DEV-00154
ACC-C-000068-M1_CASHOUT,ACC-C-000068-M2A_RUNWAY,DEV-00236
ACC-C-000068-M2A_RUNWAY,ACC-C-002934-M1_GATEWAY,DEV-00236
ACC-C-002934-M1_GATEWAY,ACC-C-004925-M1_GATEWAY,DEV-00236
ACC-C-004925-M1_GATEWAY,ACC-C-005310-M1_CASHOUT,DEV-00236
ACC-C-005310-M1_CASHOUT,ACC-C-005310-M2A_RUNWAY,DEV-00236
ACC-C-005310-M2A_RUNWAY,ACC-C-010977-M1_GATEWAY,DEV-00236
ACC-C-010977-M1_GATEWAY,ACC-C-014091-M1_GATEWAY,DEV-00236
ACC-C-014091-M1_GATEWAY,ACC-C-015721-M1_CASHOUT,DEV-00236
ACC-C-015721-M1_CASHOUT,ACC-C-015721-M2A_RUNWAY,DEV-00236
ACC-C-015721-M2A_RUNWAY,ACC-C-017560-M1_GATEWAY,DEV-00236
ACC-C-000078-M1_GATEWAY,ACC-C-000357-M1_CASHOUT,DEV-00124
ACC-C-000357-M1_CASHOUT,ACC-C-000357-M2A_RUNWAY,DEV-00124
ACC-C-000357-M2A_RUNWAY,ACC-C-000475-M1_CASHOUT,DEV-00124
ACC-C-000475-M1_CASHOUT,ACC-C-000475-M2_LAYERING,DEV-00124
ACC-C-000475-M2_LAYERING,ACC-C-000475-M2A_RUNWAY,DEV-00124
ACC-C-000475-M2A_RUNWAY,ACC-C-002466-M1_GATEWAY,DEV-00124
ACC-C-002466-M1_GATEWAY,ACC-C-006317-M1_CASHOUT,DEV-00124
ACC-C-006317-M1_CASHOUT,ACC-C-006317-M2A_RUNWAY,DEV-00124
ACC-C-006317-M2A_RUNWAY,ACC-C-006900-M1_CASHOUT,DEV-00124
ACC-C-006900-M1_CASHOUT,ACC-C-006900-M2_LAYERING,DEV-00124
ACC-C-006900-M2_LAYERING,ACC-C-006900-M2A_RUNWAY,DEV-00124
ACC-C-006900-M2A_RUNWAY,ACC-C-008548-M1_GATEWAY,DEV-00124
ACC-C-008548-M1_GATEWAY,ACC-C-011047-M1_CASHOUT,DEV-00124
ACC-C-011047-M1_CASHOUT,ACC-C-011047-M2_LAYERING,DEV-00124
ACC-C-011047-M2_LAYERING,ACC-C-011047-M2A_RUNWAY,DEV-00124
ACC-C-011047-M2A_RUNWAY,ACC-C-012469-M1_CASHOUT,DEV-00124
ACC-C-012469-M1_CASHOUT,ACC-C-012469-M2_LAYERING,DEV-00124
ACC-C-012469-M2_LAYERING,ACC-C-012469-M2A_RUNWAY,DEV-00124
ACC-C-012469-M2A_RUNWAY,ACC-C-017359-M1_CASHOUT,DEV-00124
ACC-C-017359-M1_CASHOUT,ACC-C-017359-M2_LAYERING,DEV-00124
ACC-C-017359-M2_LAYERING,ACC-C-017359-M2A_RUNWAY,DEV-00124
ACC-C-017359-M2A_RUNWAY,ACC-C-017576-M1_GATEWAY,DEV-00124
ACC-C-000082-M1_GATEWAY,ACC-C-000180-M1_GATEWAY,DEV-00291
ACC-C-000180-M1_GATEWAY,ACC-C-002792-M1_CASHOUT,DEV-00291
ACC-C-002792-M1_CASHOUT,ACC-C-002792-M2_LAYERING,DEV-00291
ACC-C-002792-M2_LAYERING,ACC-C-002792-M2A_RUNWAY,DEV-00291
ACC-C-002792-M2A_RUNWAY,ACC-C-004057-M1_GATEWAY,DEV-00291
ACC-C-004057-M1_GATEWAY,ACC-C-004524-M1_GATEWAY,DEV-00291
ACC-C-004524-M1_GATEWAY,ACC-C-006232-M1_GATEWAY,DEV-00291
ACC-C-006232-M1_GATEWAY,ACC-C-012088-M1_CASHOUT,DEV-00291
ACC-C-012088-M1_CASHOUT,ACC-C-012088-M2_LAYERING,DEV-00291
ACC-C-012088-M2_LAYERING,ACC-C-012088-M2A_RUNWAY,DEV-00291
ACC-C-012088-M2A_RUNWAY,ACC-C-013636-M1_GATEWAY,DEV-00291
ACC-C-013636-M1_GATEWAY,ACC-C-017481-M1_GATEWAY,DEV-00291
ACC-C-000083-M1_GATEWAY,ACC-C-000527-M1_GATEWAY,DEV-00289
ACC-C-000527-M1_GATEWAY,ACC-C-002027-M1_CASHOUT,DEV-00289
ACC-C-002027-M1_CASHOUT,ACC-C-002027-M2A_RUNWAY,DEV-00289
ACC-C-002027-M2A_RUNWAY,ACC-C-002627-M1_GATEWAY,DEV-00289
ACC-C-002627-M1_GATEWAY,ACC-C-006175-M1_CASHOUT,DEV-00289
ACC-C-006175-M1_CASHOUT,ACC-C-006175-M2A_RUNWAY,DEV-00289
ACC-C-006175-M2A_RUNWAY,ACC-C-007865-M1_CASHOUT,DEV-00289
ACC-C-007865-M1_CASHOUT,ACC-C-007865-M2_LAYERING,DEV-00289
ACC-C-007865-M2_LAYERING,ACC-C-007865-M2A_RUNWAY,DEV-00289
ACC-C-007865-M2A_RUNWAY,ACC-C-009545-M1_CASHOUT,DEV-00289
ACC-C-009545-M1_CASHOUT,ACC-C-009545-M2_LAYERING,DEV-00289
ACC-C-009545-M2_LAYERING,ACC-C-009545-M2A_RUNWAY,DEV-00289
ACC-C-009545-M2A_RUNWAY,ACC-C-012518-M1_CASHOUT,DEV-00289
ACC-C-012518-M1_CASHOUT,ACC-C-012518-M2_LAYERING,DEV-00289
ACC-C-012518-M2_LAYERING,ACC-C-012518-M2A_RUNWAY,DEV-00289
ACC-C-012518-M2A_RUNWAY,ACC-C-013626-M1_CASHOUT,DEV-00289
ACC-C-013626-M1_CASHOUT,ACC-C-013626-M2A_RUNWAY,DEV-00289
ACC-C-000085-M1_GATEWAY,ACC-C-003946-M1_CASHOUT,DEV-00030
ACC-C-003946-M1_CASHOUT,ACC-C-003946-M2A_RUNWAY,DEV-00030
ACC-C-003946-M2A_RUNWAY,ACC-C-004538-M1_GATEWAY,DEV-00030
ACC-C-004538-M1_GATEWAY,ACC-C-005167-M1_CASHOUT,DEV-00030
ACC-C-005167-M1_CASHOUT,ACC-C-005167-M2A_RUNWAY,DEV-00030
ACC-C-005167-M2A_RUNWAY,ACC-C-013501-M1_CASHOUT,DEV-00030
ACC-C-013501-M1_CASHOUT,ACC-C-013501-M2_LAYERING,DEV-00030
ACC-C-013501-M2_LAYERING,ACC-C-013501-M2A_RUNWAY,DEV-00030
ACC-C-000091-M1_CASHOUT,ACC-C-000091-M2A_RUNWAY,DEV-00346
ACC-C-000091-M2A_RUNWAY,ACC-C-011576-M1_GATEWAY,DEV-00346
ACC-C-011576-M1_GATEWAY,ACC-C-011843-M1_GATEWAY,DEV-00346
ACC-C-011843-M1_GATEWAY,ACC-C-011907-M1_GATEWAY,DEV-00346
ACC-C-011907-M1_GATEWAY,ACC-C-017439-M1_GATEWAY,DEV-00346
ACC-C-000095-M1_CASHOUT,ACC-C-000095-M2_LAYERING,DEV-00332
ACC-C-000095-M2_LAYERING,ACC-C-000095-M2A_RUNWAY,DEV-00332
ACC-C-000095-M2A_RUNWAY,ACC-C-003180-M1_CASHOUT,DEV-00332
ACC-C-003180-M1_CASHOUT,ACC-C-003180-M2_LAYERING,DEV-00332
ACC-C-003180-M2_LAYERING,ACC-C-003180-M2A_RUNWAY,DEV-00332
ACC-C-003180-M2A_RUNWAY,ACC-C-003646-M1_GATEWAY,DEV-00332
ACC-C-003646-M1_GATEWAY,ACC-C-004734-M1_CASHOUT,DEV-00332
ACC-C-004734-M1_CASHOUT,ACC-C-004734-M2_LAYERING,DEV-00332
ACC-C-004734-M2_LAYERING,ACC-C-004734-M2A_RUNWAY,DEV-00332
ACC-C-004734-M2A_RUNWAY,ACC-C-006800-M1_GATEWAY,DEV-00332
ACC-C-006800-M1_GATEWAY,ACC-C-009999-M1_CASHOUT,DEV-00332
ACC-C-009999-M1_CASHOUT,ACC-C-009999-M2A_RUNWAY,DEV-00332
ACC-C-009999-M2A_RUNWAY,ACC-C-014236-M1_GATEWAY,DEV-00332
ACC-C-000104-M1_CASHOUT,ACC-C-000104-M2A_RUNWAY,DEV-00099
ACC-C-000104-M2A_RUNWAY,ACC-C-002146-M1_CASHOUT,DEV-00099
ACC-C-002146-M1_CASHOUT,ACC-C-002146-M2_LAYERING,DEV-00099
ACC-C-002146-M2_LAYERING,ACC-C-002146-M2A_RUNWAY,DEV-00099
ACC-C-002146-M2A_RUNWAY,ACC-C-004918-M1_CASHOUT,DEV-00099
ACC-C-004918-M1_CASHOUT,ACC-C-004918-M2A_RUNWAY,DEV-00099
ACC-C-004918-M2A_RUNWAY,ACC-C-010240-M1_GATEWAY,DEV-00099
ACC-C-010240-M1_GATEWAY,ACC-C-014834-M1_GATEWAY,DEV-00099
ACC-C-014834-M1_GATEWAY,ACC-C-015495-M1_CASHOUT,DEV-00099
ACC-C-015495-M1_CASHOUT,ACC-C-015495-M2_LAYERING,DEV-00099
ACC-C-015495-M2_LAYERING,ACC-C-015495-M2A_RUNWAY,DEV-00099
ACC-C-000105-M1_GATEWAY,ACC-C-009118-M1_GATEWAY,DEV-00058
ACC-C-009118-M1_GATEWAY,ACC-C-011785-M1_GATEWAY,DEV-00058
ACC-C-011785-M1_GATEWAY,ACC-C-012061-M1_CASHOUT,DEV-00058
ACC-C-012061-M1_CASHOUT,ACC-C-012061-M2_LAYERING,DEV-00058
ACC-C-012061-M2_LAYERING,ACC-C-012061-M2A_RUNWAY,DEV-00058
ACC-C-012061-M2A_RUNWAY,ACC-C-015312-M1_GATEWAY,DEV-00058
ACC-C-015312-M1_GATEWAY,ACC-C-016517-M1_CASHOUT,DEV-00058
ACC-C-016517-M1_CASHOUT,ACC-C-016517-M2A_RUNWAY,DEV-00058
ACC-C-016517-M2A_RUNWAY,ACC-C-016886-M1_GATEWAY,DEV-00058
ACC-C-000127-M1_CASHOUT,ACC-C-000127-M2_LAYERING,DEV-00389
ACC-C-000127-M2_LAYERING,ACC-C-000127-M2A_RUNWAY,DEV-00389
ACC-C-000127-M2A_RUNWAY,ACC-C-007963-M1_CASHOUT,DEV-00389
ACC-C-007963-M1_CASHOUT,ACC-C-007963-M2_LAYERING,DEV-00389
ACC-C-007963-M2_LAYERING,ACC-C-007963-M2A_RUNWAY,DEV-00389
ACC-C-007963-M2A_RUNWAY,ACC-C-015890-M1_GATEWAY,DEV-00389
ACC-C-000145-M1_CASHOUT,ACC-C-000145-M2_LAYERING,DEV-00113
ACC-C-000145-M2_LAYERING,ACC-C-000145-M2A_RUNWAY,DEV-00113
ACC-C-000145-M2A_RUNWAY,ACC-C-000311-M1_CASHOUT,DEV-00113
ACC-C-000311-M1_CASHOUT,ACC-C-000311-M2A_RUNWAY,DEV-00113
ACC-C-000311-M2A_RUNWAY,ACC-C-003476-M1_CASHOUT,DEV-00113
ACC-C-003476-M1_CASHOUT,ACC-C-003476-M2A_RUNWAY,DEV-00113
ACC-C-003476-M2A_RUNWAY,ACC-C-003872-M1_GATEWAY,DEV-00113
ACC-C-003872-M1_GATEWAY,ACC-C-010430-M1_GATEWAY,DEV-00113
ACC-C-010430-M1_GATEWAY,ACC-C-010943-M1_GATEWAY,DEV-00113
ACC-C-010943-M1_GATEWAY,ACC-C-011483-M1_CASHOUT,DEV-00113
ACC-C-011483-M1_CASHOUT,ACC-C-011483-M2_LAYERING,DEV-00113
ACC-C-011483-M2_LAYERING,ACC-C-011483-M2A_RUNWAY,DEV-00113
ACC-C-011483-M2A_RUNWAY,ACC-C-015439-M1_CASHOUT,DEV-00113
ACC-C-015439-M1_CASHOUT,ACC-C-015439-M2_LAYERING,DEV-00113
ACC-C-015439-M2_LAYERING,ACC-C-015439-M2A_RUNWAY,DEV-00113
ACC-C-015439-M2A_RUNWAY,ACC-C-016619-M1_CASHOUT,DEV-00113
ACC-C-016619-M1_CASHOUT,ACC-C-016619-M2_LAYERING,DEV-00113
ACC-C-016619-M2_LAYERING,ACC-C-016619-M2A_RUNWAY,DEV-00113
ACC-C-000157-M1_GATEWAY,ACC-C-002235-M1_GATEWAY,DEV-00150
ACC-C-002235-M1_GATEWAY,ACC-C-003893-M1_GATEWAY,DEV-00150
ACC-C-003893-M1_GATEWAY,ACC-C-004590-M1_CASHOUT,DEV-00150
ACC-C-004590-M1_CASHOUT,ACC-C-004590-M2_LAYERING,DEV-00150
ACC-C-004590-M2_LAYERING,ACC-C-004590-M2A_RUNWAY,DEV-00150
ACC-C-004590-M2A_RUNWAY,ACC-C-007224-M1_CASHOUT,DEV-00150
ACC-C-007224-M1_CASHOUT,ACC-C-007224-M2_LAYERING,DEV-00150
ACC-C-007224-M2_LAYERING,ACC-C-007224-M2A_RUNWAY,DEV-00150
ACC-C-007224-M2A_RUNWAY,ACC-C-016395-M1_CASHOUT,DEV-00150
ACC-C-016395-M1_CASHOUT,ACC-C-016395-M2A_RUNWAY,DEV-00150
ACC-C-016395-M2A_RUNWAY,ACC-C-016609-M1_GATEWAY,DEV-00150
ACC-C-016609-M1_GATEWAY,ACC-C-016788-M1_CASHOUT,DEV-00150
ACC-C-016788-M1_CASHOUT,ACC-C-016788-M2A_RUNWAY,DEV-00150
ACC-C-000178-M1_GATEWAY,ACC-C-002846-M1_GATEWAY,DEV-00253
ACC-C-002846-M1_GATEWAY,ACC-C-008435-M1_GATEWAY,DEV-00253
ACC-C-008435-M1_GATEWAY,ACC-C-011868-M1_GATEWAY,DEV-00253
ACC-C-011868-M1_GATEWAY,ACC-C-013110-M1_CASHOUT,DEV-00253
ACC-C-013110-M1_CASHOUT,ACC-C-013110-M2A_RUNWAY,DEV-00253
ACC-C-013110-M2A_RUNWAY,ACC-C-015280-M1_GATEWAY,DEV-00253
ACC-C-000184-M1_GATEWAY,ACC-C-002714-M1_CASHOUT,DEV-00222
ACC-C-002714-M1_CASHOUT,ACC-C-002714-M2_LAYERING,DEV-00222
ACC-C-002714-M2_LAYERING,ACC-C-002714-M2A_RUNWAY,DEV-00222
ACC-C-002714-M2A_RUNWAY,ACC-C-005541-M1_GATEWAY,DEV-00222
ACC-C-005541-M1_GATEWAY,ACC-C-006164-M1_GATEWAY,DEV-00222
ACC-C-006164-M1_GATEWAY,ACC-C-009442-M1_GATEWAY,DEV-00222
ACC-C-009442-M1_GATEWAY,ACC-C-016215-M1_CASHOUT,DEV-00222
ACC-C-016215-M1_CASHOUT,ACC-C-016215-M2A_RUNWAY,DEV-00222
ACC-C-000187-M1_CASHOUT,ACC-C-000187-M2_LAYERING,DEV-00273
ACC-C-000187-M2_LAYERING,ACC-C-000187-M2A_RUNWAY,DEV-00273
ACC-C-000187-M2A_RUNWAY,ACC-C-001838-M1_CASHOUT,DEV-00273
ACC-C-001838-M1_CASHOUT,ACC-C-001838-M2_LAYERING,DEV-00273
ACC-C-001838-M2_LAYERING,ACC-C-001838-M2A_RUNWAY,DEV-00273
ACC-C-001838-M2A_RUNWAY,ACC-C-002156-M1_CASHOUT,DEV-00273
ACC-C-002156-M1_CASHOUT,ACC-C-002156-M2A_RUNWAY,DEV-00273
ACC-C-002156-M2A_RUNWAY,ACC-C-007540-M1_CASHOUT,DEV-00273
ACC-C-007540-M1_CASHOUT,ACC-C-007540-M2_LAYERING,DEV-00273
ACC-C-007540-M2_LAYERING,ACC-C-007540-M2A_RUNWAY,DEV-00273
ACC-C-007540-M2A_RUNWAY,ACC-C-010682-M1_CASHOUT,DEV-00273
ACC-C-010682-M1_CASHOUT,ACC-C-010682-M2_LAYERING,DEV-00273
ACC-C-010682-M2_LAYERING,ACC-C-010682-M2A_RUNWAY,DEV-00273
ACC-C-010682-M2A_RUNWAY,ACC-C-011032-M1_CASHOUT,DEV-00273
ACC-C-011032-M1_CASHOUT,ACC-C-011032-M2_LAYERING,DEV-00273
ACC-C-011032-M2_LAYERING,ACC-C-011032-M2A_RUNWAY,DEV-00273
ACC-C-011032-M2A_RUNWAY,ACC-C-014277-M1_GATEWAY,DEV-00273
ACC-C-014277-M1_GATEWAY,ACC-C-017962-M1_GATEWAY,DEV-00273
ACC-C-000196-M1_GATEWAY,ACC-C-002999-M1_CASHOUT,DEV-00340
ACC-C-002999-M1_CASHOUT,ACC-C-002999-M2_LAYERING,DEV-00340
ACC-C-002999-M2_LAYERING,ACC-C-002999-M2A_RUNWAY,DEV-00340
ACC-C-002999-M2A_RUNWAY,ACC-C-004178-M1_GATEWAY,DEV-00340
ACC-C-004178-M1_GATEWAY,ACC-C-010538-M1_CASHOUT,DEV-00340
ACC-C-010538-M1_CASHOUT,ACC-C-010538-M2A_RUNWAY,DEV-00340
ACC-C-010538-M2A_RUNWAY,ACC-C-014577-M1_CASHOUT,DEV-00340
ACC-C-014577-M1_CASHOUT,ACC-C-014577-M2A_RUNWAY,DEV-00340
ACC-C-014577-M2A_RUNWAY,ACC-C-017089-M1_GATEWAY,DEV-00340
ACC-C-000201-M1_CASHOUT,ACC-C-000201-M2_LAYERING,DEV-00152
ACC-C-000201-M2_LAYERING,ACC-C-000201-M2A_RUNWAY,DEV-00152
ACC-C-000201-M2A_RUNWAY,ACC-C-002621-M1_CASHOUT,DEV-00152
ACC-C-002621-M1_CASHOUT,ACC-C-002621-M2_LAYERING,DEV-00152
ACC-C-002621-M2_LAYERING,ACC-C-002621-M2A_RUNWAY,DEV-00152
ACC-C-002621-M2A_RUNWAY,ACC-C-003102-M1_CASHOUT,DEV-00152
ACC-C-003102-M1_CASHOUT,ACC-C-003102-M2A_RUNWAY,DEV-00152
ACC-C-003102-M2A_RUNWAY,ACC-C-003278-M1_CASHOUT,DEV-00152
ACC-C-003278-M1_CASHOUT,ACC-C-003278-M2A_RUNWAY,DEV-00152
ACC-C-003278-M2A_RUNWAY,ACC-C-008026-M1_CASHOUT,DEV-00152
ACC-C-008026-M1_CASHOUT,ACC-C-008026-M2_LAYERING,DEV-00152
ACC-C-008026-M2_LAYERING,ACC-C-008026-M2A_RUNWAY,DEV-00152
ACC-C-008026-M2A_RUNWAY,ACC-C-012551-M1_CASHOUT,DEV-00152
ACC-C-012551-M1_CASHOUT,ACC-C-012551-M2A_RUNWAY,DEV-00152
ACC-C-012551-M2A_RUNWAY,ACC-C-017302-M1_GATEWAY,DEV-00152
ACC-C-000209-M1_GATEWAY,ACC-C-002404-M1_GATEWAY,DEV-00060
ACC-C-002404-M1_GATEWAY,ACC-C-004498-M1_CASHOUT,DEV-00060
ACC-C-004498-M1_CASHOUT,ACC-C-004498-M2A_RUNWAY,DEV-00060
ACC-C-004498-M2A_RUNWAY,ACC-C-010584-M1_CASHOUT,DEV-00060
ACC-C-010584-M1_CASHOUT,ACC-C-010584-M2A_RUNWAY,DEV-00060
ACC-C-010584-M2A_RUNWAY,ACC-C-011546-M1_CASHOUT,DEV-00060
ACC-C-011546-M1_CASHOUT,ACC-C-011546-M2_LAYERING,DEV-00060
ACC-C-011546-M2_LAYERING,ACC-C-011546-M2A_RUNWAY,DEV-00060
ACC-C-000213-M1_CASHOUT,ACC-C-000213-M2A_RUNWAY,DEV-00023
ACC-C-000213-M2A_RUNWAY,ACC-C-001237-M1_GATEWAY,DEV-00023
ACC-C-001237-M1_GATEWAY,ACC-C-001923-M1_CASHOUT,DEV-00023
ACC-C-001923-M1_CASHOUT,ACC-C-001923-M2_LAYERING,DEV-00023
ACC-C-001923-M2_LAYERING,ACC-C-001923-M2A_RUNWAY,DEV-00023
ACC-C-001923-M2A_RUNWAY,ACC-C-006540-M1_GATEWAY,DEV-00023
ACC-C-006540-M1_GATEWAY,ACC-C-006553-M1_CASHOUT,DEV-00023
ACC-C-006553-M1_CASHOUT,ACC-C-006553-M2_LAYERING,DEV-00023
ACC-C-006553-M2_LAYERING,ACC-C-006553-M2A_RUNWAY,DEV-00023
ACC-C-006553-M2A_RUNWAY,ACC-C-013822-M1_CASHOUT,DEV-00023
ACC-C-013822-M1_CASHOUT,ACC-C-013822-M2_LAYERING,DEV-00023
ACC-C-013822-M2_LAYERING,ACC-C-013822-M2A_RUNWAY,DEV-00023
ACC-C-000221-M1_GATEWAY,ACC-C-003236-M1_CASHOUT,DEV-00250
ACC-C-003236-M1_CASHOUT,ACC-C-003236-M2A_RUNWAY,DEV-00250
ACC-C-003236-M2A_RUNWAY,ACC-C-008549-M1_CASHOUT,DEV-00250
ACC-C-008549-M1_CASHOUT,ACC-C-008549-M2A_RUNWAY,DEV-00250
ACC-C-008549-M2A_RUNWAY,ACC-C-013476-M1_GATEWAY,DEV-00250
ACC-C-013476-M1_GATEWAY,ACC-C-015082-M1_GATEWAY,DEV-00250
ACC-C-000227-M1_CASHOUT,ACC-C-000227-M2A_RUNWAY,DEV-00080
ACC-C-000227-M2A_RUNWAY,ACC-C-001032-M1_CASHOUT,DEV-00080
ACC-C-001032-M1_CASHOUT,ACC-C-001032-M2_LAYERING,DEV-00080
ACC-C-001032-M2_LAYERING,ACC-C-001032-M2A_RUNWAY,DEV-00080
ACC-C-001032-M2A_RUNWAY,ACC-C-011659-M1_CASHOUT,DEV-00080
ACC-C-011659-M1_CASHOUT,ACC-C-011659-M2A_RUNWAY,DEV-00080
ACC-C-011659-M2A_RUNWAY,ACC-C-013463-M1_GATEWAY,DEV-00080
ACC-C-013463-M1_GATEWAY,ACC-C-014666-M1_GATEWAY,DEV-00080
ACC-C-014666-M1_GATEWAY,ACC-C-016817-M1_CASHOUT,DEV-00080
ACC-C-016817-M1_CASHOUT,ACC-C-016817-M2A_RUNWAY,DEV-00080
ACC-C-000232-M1_GATEWAY,ACC-C-004564-M1_CASHOUT,DEV-00140
ACC-C-004564-M1_CASHOUT,ACC-C-004564-M2A_RUNWAY,DEV-00140
ACC-C-004564-M2A_RUNWAY,ACC-C-006903-M1_CASHOUT,DEV-00140
ACC-C-006903-M1_CASHOUT,ACC-C-006903-M2_LAYERING,DEV-00140
ACC-C-006903-M2_LAYERING,ACC-C-006903-M2A_RUNWAY,DEV-00140
ACC-C-006903-M2A_RUNWAY,ACC-C-007703-M1_GATEWAY,DEV-00140
ACC-C-000234-M1_CASHOUT,ACC-C-000234-M2A_RUNWAY,DEV-00201
ACC-C-000234-M2A_RUNWAY,ACC-C-003908-M1_GATEWAY,DEV-00201
ACC-C-003908-M1_GATEWAY,ACC-C-013043-M1_CASHOUT,DEV-00201
ACC-C-013043-M1_CASHOUT,ACC-C-013043-M2_LAYERING,DEV-00201
ACC-C-013043-M2_LAYERING,ACC-C-013043-M2A_RUNWAY,DEV-00201
ACC-C-013043-M2A_RUNWAY,ACC-C-014249-M1_GATEWAY,DEV-00201
ACC-C-000239-M1_CASHOUT,ACC-C-000239-M2A_RUNWAY,DEV-00395
ACC-C-000239-M2A_RUNWAY,ACC-C-000739-M1_CASHOUT,DEV-00395
ACC-C-000739-M1_CASHOUT,ACC-C-000739-M2_LAYERING,DEV-00395
ACC-C-000739-M2_LAYERING,ACC-C-000739-M2A_RUNWAY,DEV-00395
ACC-C-000739-M2A_RUNWAY,ACC-C-003334-M1_GATEWAY,DEV-00395
ACC-C-003334-M1_GATEWAY,ACC-C-003812-M1_CASHOUT,DEV-00395
ACC-C-003812-M1_CASHOUT,ACC-C-003812-M2_LAYERING,DEV-00395
ACC-C-003812-M2_LAYERING,ACC-C-003812-M2A_RUNWAY,DEV-00395
ACC-C-003812-M2A_RUNWAY,ACC-C-003933-M1_CASHOUT,DEV-00395
ACC-C-003933-M1_CASHOUT,ACC-C-003933-M2A_RUNWAY,DEV-00395
ACC-C-003933-M2A_RUNWAY,ACC-C-004289-M1_CASHOUT,DEV-00395
ACC-C-004289-M1_CASHOUT,ACC-C-004289-M2_LAYERING,DEV-00395
ACC-C-004289-M2_LAYERING,ACC-C-004289-M2A_RUNWAY,DEV-00395
ACC-C-004289-M2A_RUNWAY,ACC-C-004634-M1_CASHOUT,DEV-00395
ACC-C-004634-M1_CASHOUT,ACC-C-004634-M2_LAYERING,DEV-00395
ACC-C-004634-M2_LAYERING,ACC-C-004634-M2A_RUNWAY,DEV-00395
ACC-C-004634-M2A_RUNWAY,ACC-C-008216-M1_GATEWAY,DEV-00395
ACC-C-008216-M1_GATEWAY,ACC-C-012094-M1_CASHOUT,DEV-00395
ACC-C-012094-M1_CASHOUT,ACC-C-012094-M2A_RUNWAY,DEV-00395
ACC-C-012094-M2A_RUNWAY,ACC-C-014840-M1_CASHOUT,DEV-00395
ACC-C-014840-M1_CASHOUT,ACC-C-014840-M2_LAYERING,DEV-00395
ACC-C-014840-M2_LAYERING,ACC-C-014840-M2A_RUNWAY,DEV-00395
ACC-C-014840-M2A_RUNWAY,ACC-C-015306-M1_CASHOUT,DEV-00395
ACC-C-015306-M1_CASHOUT,ACC-C-015306-M2A_RUNWAY,DEV-00395
ACC-C-000243-M1_CASHOUT,ACC-C-000243-M2A_RUNWAY,DEV-00000
ACC-C-000243-M2A_RUNWAY,ACC-C-008466-M1_GATEWAY,DEV-00000
ACC-C-008466-M1_GATEWAY,ACC-C-013011-M1_GATEWAY,DEV-00000
ACC-C-013011-M1_GATEWAY,ACC-C-013054-M1_GATEWAY,DEV-00000
ACC-C-013054-M1_GATEWAY,ACC-C-017568-M1_GATEWAY,DEV-00000
ACC-C-000248-M1_CASHOUT,ACC-C-000248-M2_LAYERING,DEV-00014
ACC-C-000248-M2_LAYERING,ACC-C-000248-M2A_RUNWAY,DEV-00014
ACC-C-000248-M2A_RUNWAY,ACC-C-004805-M1_GATEWAY,DEV-00014
ACC-C-004805-M1_GATEWAY,ACC-C-005922-M1_CASHOUT,DEV-00014
ACC-C-005922-M1_CASHOUT,ACC-C-005922-M2_LAYERING,DEV-00014
ACC-C-005922-M2_LAYERING,ACC-C-005922-M2A_RUNWAY,DEV-00014
ACC-C-005922-M2A_RUNWAY,ACC-C-007744-M1_CASHOUT,DEV-00014
ACC-C-007744-M1_CASHOUT,ACC-C-007744-M2_LAYERING,DEV-00014
ACC-C-007744-M2_LAYERING,ACC-C-007744-M2A_RUNWAY,DEV-00014
ACC-C-007744-M2A_RUNWAY,ACC-C-010277-M1_CASHOUT,DEV-00014
ACC-C-010277-M1_CASHOUT,ACC-C-010277-M2A_RUNWAY,DEV-00014
ACC-C-010277-M2A_RUNWAY,ACC-C-010425-M1_CASHOUT,DEV-00014
ACC-C-010425-M1_CASHOUT,ACC-C-010425-M2_LAYERING,DEV-00014
ACC-C-010425-M2_LAYERING,ACC-C-010425-M2A_RUNWAY,DEV-00014
ACC-C-010425-M2A_RUNWAY,ACC-C-013936-M1_CASHOUT,DEV-00014
ACC-C-013936-M1_CASHOUT,ACC-C-013936-M2A_RUNWAY,DEV-00014
ACC-C-013936-M2A_RUNWAY,ACC-C-015715-M1_CASHOUT,DEV-00014
ACC-C-015715-M1_CASHOUT,ACC-C-015715-M2_LAYERING,DEV-00014
ACC-C-015715-M2_LAYERING,ACC-C-015715-M2A_RUNWAY,DEV-00014
ACC-C-000275-M1_CASHOUT,ACC-C-000275-M2A_RUNWAY,DEV-00362
ACC-C-000275-M2A_RUNWAY,ACC-C-003202-M1_CASHOUT,DEV-00362
ACC-C-003202-M1_CASHOUT,ACC-C-003202-M2A_RUNWAY,DEV-00362
ACC-C-003202-M2A_RUNWAY,ACC-C-006543-M1_CASHOUT,DEV-00362
ACC-C-006543-M1_CASHOUT,ACC-C-006543-M2_LAYERING,DEV-00362
ACC-C-006543-M2_LAYERING,ACC-C-006543-M2A_RUNWAY,DEV-00362
ACC-C-006543-M2A_RUNWAY,ACC-C-008031-M1_CASHOUT,DEV-00362
ACC-C-008031-M1_CASHOUT,ACC-C-008031-M2_LAYERING,DEV-00362
ACC-C-008031-M2_LAYERING,ACC-C-008031-M2A_RUNWAY,DEV-00362
ACC-C-008031-M2A_RUNWAY,ACC-C-010951-M1_GATEWAY,DEV-00362
ACC-C-010951-M1_GATEWAY,ACC-C-011639-M1_CASHOUT,DEV-00362
ACC-C-011639-M1_CASHOUT,ACC-C-011639-M2_LAYERING,DEV-00362
ACC-C-011639-M2_LAYERING,ACC-C-011639-M2A_RUNWAY,DEV-00362
ACC-C-011639-M2A_RUNWAY,ACC-C-013510-M1_CASHOUT,DEV-00362
ACC-C-013510-M1_CASHOUT,ACC-C-013510-M2_LAYERING,DEV-00362
ACC-C-013510-M2_LAYERING,ACC-C-013510-M2A_RUNWAY,DEV-00362
ACC-C-013510-M2A_RUNWAY,ACC-C-015669-M1_CASHOUT,DEV-00362
ACC-C-015669-M1_CASHOUT,ACC-C-015669-M2A_RUNWAY,DEV-00362
ACC-C-015669-M2A_RUNWAY,ACC-C-016932-M1_GATEWAY,DEV-00362
ACC-C-000278-M1_CASHOUT,ACC-C-000278-M2_LAYERING,DEV-00163
ACC-C-000278-M2_LAYERING,ACC-C-000278-M2A_RUNWAY,DEV-00163
ACC-C-000278-M2A_RUNWAY,ACC-C-002849-M1_CASHOUT,DEV-00163
ACC-C-002849-M1_CASHOUT,ACC-C-002849-M2_LAYERING,DEV-00163
ACC-C-002849-M2_LAYERING,ACC-C-002849-M2A_RUNWAY,DEV-00163
ACC-C-002849-M2A_RUNWAY,ACC-C-005441-M1_CASHOUT,DEV-00163
ACC-C-005441-M1_CASHOUT,ACC-C-005441-M2_LAYERING,DEV-00163
ACC-C-005441-M2_LAYERING,ACC-C-005441-M2A_RUNWAY,DEV-00163
ACC-C-005441-M2A_RUNWAY,ACC-C-007605-M1_CASHOUT,DEV-00163
ACC-C-007605-M1_CASHOUT,ACC-C-007605-M2A_RUNWAY,DEV-00163
ACC-C-007605-M2A_RUNWAY,ACC-C-016076-M1_GATEWAY,DEV-00163
ACC-C-016076-M1_GATEWAY,ACC-C-016725-M1_CASHOUT,DEV-00163
ACC-C-016725-M1_CASHOUT,ACC-C-016725-M2A_RUNWAY,DEV-00163
ACC-C-016725-M2A_RUNWAY,ACC-C-017504-M1_GATEWAY,DEV-00163
ACC-C-000285-M1_CASHOUT,ACC-C-000285-M2_LAYERING,DEV-00215
ACC-C-000285-M2_LAYERING,ACC-C-000285-M2A_RUNWAY,DEV-00215
ACC-C-000285-M2A_RUNWAY,ACC-C-004756-M1_GATEWAY,DEV-00215
ACC-C-004756-M1_GATEWAY,ACC-C-005135-M1_CASHOUT,DEV-00215
ACC-C-005135-M1_CASHOUT,ACC-C-005135-M2_LAYERING,DEV-00215
ACC-C-005135-M2_LAYERING,ACC-C-005135-M2A_RUNWAY,DEV-00215
ACC-C-005135-M2A_RUNWAY,ACC-C-010093-M1_GATEWAY,DEV-00215
ACC-C-010093-M1_GATEWAY,ACC-C-010664-M1_CASHOUT,DEV-00215
ACC-C-010664-M1_CASHOUT,ACC-C-010664-M2_LAYERING,DEV-00215
ACC-C-010664-M2_LAYERING,ACC-C-010664-M2A_RUNWAY,DEV-00215
ACC-C-010664-M2A_RUNWAY,ACC-C-017532-M1_CASHOUT,DEV-00215
ACC-C-017532-M1_CASHOUT,ACC-C-017532-M2_LAYERING,DEV-00215
ACC-C-017532-M2_LAYERING,ACC-C-017532-M2A_RUNWAY,DEV-00215
ACC-C-000288-M1_CASHOUT,ACC-C-000288-M2_LAYERING,DEV-00097
ACC-C-000288-M2_LAYERING,ACC-C-000288-M2A_RUNWAY,DEV-00097
ACC-C-000288-M2A_RUNWAY,ACC-C-004156-M1_GATEWAY,DEV-00097
ACC-C-004156-M1_GATEWAY,ACC-C-006879-M1_GATEWAY,DEV-00097
ACC-C-006879-M1_GATEWAY,ACC-C-007335-M1_GATEWAY,DEV-00097
ACC-C-007335-M1_GATEWAY,ACC-C-010771-M1_CASHOUT,DEV-00097
ACC-C-010771-M1_CASHOUT,ACC-C-010771-M2A_RUNWAY,DEV-00097
ACC-C-010771-M2A_RUNWAY,ACC-C-016598-M1_CASHOUT,DEV-00097
ACC-C-016598-M1_CASHOUT,ACC-C-016598-M2A_RUNWAY,DEV-00097
ACC-C-000297-M1_CASHOUT,ACC-C-000297-M2_LAYERING,DEV-00128
ACC-C-000297-M2_LAYERING,ACC-C-000297-M2A_RUNWAY,DEV-00128
ACC-C-000297-M2A_RUNWAY,ACC-C-008000-M1_CASHOUT,DEV-00128
ACC-C-008000-M1_CASHOUT,ACC-C-008000-M2_LAYERING,DEV-00128
ACC-C-008000-M2_LAYERING,ACC-C-008000-M2A_RUNWAY,DEV-00128
ACC-C-008000-M2A_RUNWAY,ACC-C-010396-M1_GATEWAY,DEV-00128
ACC-C-010396-M1_GATEWAY,ACC-C-011922-M1_GATEWAY,DEV-00128
ACC-C-011922-M1_GATEWAY,ACC-C-014457-M1_GATEWAY,DEV-00128
ACC-C-014457-M1_GATEWAY,ACC-C-015889-M1_GATEWAY,DEV-00128
ACC-C-000306-M1_GATEWAY,ACC-C-002988-M1_GATEWAY,DEV-00310
ACC-C-002988-M1_GATEWAY,ACC-C-003474-M1_CASHOUT,DEV-00310
ACC-C-003474-M1_CASHOUT,ACC-C-003474-M2A_RUNWAY,DEV-00310
ACC-C-003474-M2A_RUNWAY,ACC-C-004337-M1_GATEWAY,DEV-00310
ACC-C-004337-M1_GATEWAY,ACC-C-004896-M1_CASHOUT,DEV-00310
ACC-C-004896-M1_CASHOUT,ACC-C-004896-M2_LAYERING,DEV-00310
ACC-C-004896-M2_LAYERING,ACC-C-004896-M2A_RUNWAY,DEV-00310
ACC-C-004896-M2A_RUNWAY,ACC-C-009193-M1_CASHOUT,DEV-00310
ACC-C-009193-M1_CASHOUT,ACC-C-009193-M2A_RUNWAY,DEV-00310
ACC-C-009193-M2A_RUNWAY,ACC-C-014154-M1_CASHOUT,DEV-00310
ACC-C-014154-M1_CASHOUT,ACC-C-014154-M2_LAYERING,DEV-00310
ACC-C-014154-M2_LAYERING,ACC-C-014154-M2A_RUNWAY,DEV-00310
ACC-C-000317-M1_GATEWAY,ACC-C-000847-M1_CASHOUT,DEV-00108
ACC-C-000847-M1_CASHOUT,ACC-C-000847-M2A_RUNWAY,DEV-00108
ACC-C-000847-M2A_RUNWAY,ACC-C-009132-M1_GATEWAY,DEV-00108
ACC-C-009132-M1_GATEWAY,ACC-C-011241-M1_GATEWAY,DEV-00108
ACC-C-011241-M1_GATEWAY,ACC-C-015328-M1_GATEWAY,DEV-00108
ACC-C-015328-M1_GATEWAY,ACC-C-017719-M1_CASHOUT,DEV-00108
ACC-C-017719-M1_CASHOUT,ACC-C-017719-M2A_RUNWAY,DEV-00108
ACC-C-000331-M1_CASHOUT,ACC-C-000331-M2_LAYERING,DEV-00287
ACC-C-000331-M2_LAYERING,ACC-C-000331-M2A_RUNWAY,DEV-00287
ACC-C-000331-M2A_RUNWAY,ACC-C-002246-M1_GATEWAY,DEV-00287
ACC-C-002246-M1_GATEWAY,ACC-C-003682-M1_CASHOUT,DEV-00287
ACC-C-003682-M1_CASHOUT,ACC-C-003682-M2_LAYERING,DEV-00287
ACC-C-003682-M2_LAYERING,ACC-C-003682-M2A_RUNWAY,DEV-00287
ACC-C-003682-M2A_RUNWAY,ACC-C-004605-M1_CASHOUT,DEV-00287
ACC-C-004605-M1_CASHOUT,ACC-C-004605-M2_LAYERING,DEV-00287
ACC-C-004605-M2_LAYERING,ACC-C-004605-M2A_RUNWAY,DEV-00287
ACC-C-004605-M2A_RUNWAY,ACC-C-005625-M1_CASHOUT,DEV-00287
ACC-C-005625-M1_CASHOUT,ACC-C-005625-M2A_RUNWAY,DEV-00287
ACC-C-005625-M2A_RUNWAY,ACC-C-013595-M1_GATEWAY,DEV-00287
ACC-C-013595-M1_GATEWAY,ACC-C-014635-M1_CASHOUT,DEV-00287
ACC-C-014635-M1_CASHOUT,ACC-C-014635-M2A_RUNWAY,DEV-00287
ACC-C-014635-M2A_RUNWAY,ACC-C-014878-M1_GATEWAY,DEV-00287
ACC-C-014878-M1_GATEWAY,ACC-C-017636-M1_GATEWAY,DEV-00287
ACC-C-000338-M1_GATEWAY,ACC-C-001286-M1_CASHOUT,DEV-00052
ACC-C-001286-M1_CASHOUT,ACC-C-001286-M2_LAYERING,DEV-00052
ACC-C-001286-M2_LAYERING,ACC-C-001286-M2A_RUNWAY,DEV-00052
ACC-C-001286-M2A_RUNWAY,ACC-C-004551-M1_GATEWAY,DEV-00052
ACC-C-004551-M1_GATEWAY,ACC-C-005560-M1_CASHOUT,DEV-00052
ACC-C-005560-M1_CASHOUT,ACC-C-005560-M2A_RUNWAY,DEV-00052
ACC-C-005560-M2A_RUNWAY,ACC-C-008370-M1_GATEWAY,DEV-00052
ACC-C-008370-M1_GATEWAY,ACC-C-008691-M1_CASHOUT,DEV-00052
ACC-C-008691-M1_CASHOUT,ACC-C-008691-M2_LAYERING,DEV-00052
ACC-C-008691-M2_LAYERING,ACC-C-008691-M2A_RUNWAY,DEV-00052
ACC-C-008691-M2A_RUNWAY,ACC-C-014143-M1_CASHOUT,DEV-00052
ACC-C-014143-M1_CASHOUT,ACC-C-014143-M2A_RUNWAY,DEV-00052
ACC-C-014143-M2A_RUNWAY,ACC-C-015562-M1_CASHOUT,DEV-00052
ACC-C-015562-M1_CASHOUT,ACC-C-015562-M2_LAYERING,DEV-00052
ACC-C-015562-M2_LAYERING,ACC-C-015562-M2A_RUNWAY,DEV-00052
ACC-C-000339-M1_GATEWAY,ACC-C-001050-M1_CASHOUT,DEV-00129
ACC-C-001050-M1_CASHOUT,ACC-C-001050-M2A_RUNWAY,DEV-00129
ACC-C-001050-M2A_RUNWAY,ACC-C-002832-M1_CASHOUT,DEV-00129
ACC-C-002832-M1_CASHOUT,ACC-C-002832-M2_LAYERING,DEV-00129
ACC-C-002832-M2_LAYERING,ACC-C-002832-M2A_RUNWAY,DEV-00129
ACC-C-002832-M2A_RUNWAY,ACC-C-003079-M1_CASHOUT,DEV-00129
ACC-C-003079-M1_CASHOUT,ACC-C-003079-M2A_RUNWAY,DEV-00129
ACC-C-003079-M2A_RUNWAY,ACC-C-008640-M1_CASHOUT,DEV-00129
ACC-C-008640-M1_CASHOUT,ACC-C-008640-M2A_RUNWAY,DEV-00129
ACC-C-008640-M2A_RUNWAY,ACC-C-010479-M1_CASHOUT,DEV-00129
ACC-C-010479-M1_CASHOUT,ACC-C-010479-M2_LAYERING,DEV-00129
ACC-C-010479-M2_LAYERING,ACC-C-010479-M2A_RUNWAY,DEV-00129
ACC-C-010479-M2A_RUNWAY,ACC-C-010603-M1_CASHOUT,DEV-00129
ACC-C-010603-M1_CASHOUT,ACC-C-010603-M2_LAYERING,DEV-00129
ACC-C-010603-M2_LAYERING,ACC-C-010603-M2A_RUNWAY,DEV-00129
ACC-C-010603-M2A_RUNWAY,ACC-C-011020-M1_CASHOUT,DEV-00129
ACC-C-011020-M1_CASHOUT,ACC-C-011020-M2A_RUNWAY,DEV-00129
ACC-C-011020-M2A_RUNWAY,ACC-C-017141-M1_CASHOUT,DEV-00129
ACC-C-017141-M1_CASHOUT,ACC-C-017141-M2_LAYERING,DEV-00129
ACC-C-017141-M2_LAYERING,ACC-C-017141-M2A_RUNWAY,DEV-00129
ACC-C-000351-M1_CASHOUT,ACC-C-000351-M2_LAYERING,DEV-00195
ACC-C-000351-M2_LAYERING,ACC-C-000351-M2A_RUNWAY,DEV-00195
ACC-C-000351-M2A_RUNWAY,ACC-C-000471-M1_GATEWAY,DEV-00195
ACC-C-000471-M1_GATEWAY,ACC-C-002556-M1_GATEWAY,DEV-00195
ACC-C-002556-M1_GATEWAY,ACC-C-012589-M1_CASHOUT,DEV-00195
ACC-C-012589-M1_CASHOUT,ACC-C-012589-M2A_RUNWAY,DEV-00195
ACC-C-012589-M2A_RUNWAY,ACC-C-014446-M1_GATEWAY,DEV-00195
ACC-C-014446-M1_GATEWAY,ACC-C-014720-M1_GATEWAY,DEV-00195
ACC-C-014720-M1_GATEWAY,ACC-C-015073-M1_GATEWAY,DEV-00195
ACC-C-015073-M1_GATEWAY,ACC-C-017921-M1_CASHOUT,DEV-00195
ACC-C-017921-M1_CASHOUT,ACC-C-017921-M2_LAYERING,DEV-00195
ACC-C-017921-M2_LAYERING,ACC-C-017921-M2A_RUNWAY,DEV-00195
ACC-C-000354-M1_GATEWAY,ACC-C-005070-M1_GATEWAY,DEV-00179
ACC-C-005070-M1_GATEWAY,ACC-C-006736-M1_CASHOUT,DEV-00179
ACC-C-006736-M1_CASHOUT,ACC-C-006736-M2_LAYERING,DEV-00179
ACC-C-006736-M2_LAYERING,ACC-C-006736-M2A_RUNWAY,DEV-00179
ACC-C-006736-M2A_RUNWAY,ACC-C-011142-M1_CASHOUT,DEV-00179
ACC-C-011142-M1_CASHOUT,ACC-C-011142-M2A_RUNWAY,DEV-00179
ACC-C-011142-M2A_RUNWAY,ACC-C-015755-M1_CASHOUT,DEV-00179
ACC-C-015755-M1_CASHOUT,ACC-C-015755-M2A_RUNWAY,DEV-00179
ACC-C-000363-M1_GATEWAY,ACC-C-001961-M1_CASHOUT,DEV-00026
ACC-C-001961-M1_CASHOUT,ACC-C-001961-M2A_RUNWAY,DEV-00026
ACC-C-001961-M2A_RUNWAY,ACC-C-003539-M1_GATEWAY,DEV-00026
ACC-C-003539-M1_GATEWAY,ACC-C-005751-M1_CASHOUT,DEV-00026
ACC-C-005751-M1_CASHOUT,ACC-C-005751-M2_LAYERING,DEV-00026
ACC-C-005751-M2_LAYERING,ACC-C-005751-M2A_RUNWAY,DEV-00026
ACC-C-005751-M2A_RUNWAY,ACC-C-014173-M1_CASHOUT,DEV-00026
ACC-C-014173-M1_CASHOUT,ACC-C-014173-M2_LAYERING,DEV-00026
ACC-C-014173-M2_LAYERING,ACC-C-014173-M2A_RUNWAY,DEV-00026
ACC-C-014173-M2A_RUNWAY,ACC-C-015133-M1_CASHOUT,DEV-00026
ACC-C-015133-M1_CASHOUT,ACC-C-015133-M2_LAYERING,DEV-00026
ACC-C-015133-M2_LAYERING,ACC-C-015133-M2A_RUNWAY,DEV-00026
ACC-C-015133-M2A_RUNWAY,ACC-C-017970-M1_CASHOUT,DEV-00026
ACC-C-017970-M1_CASHOUT,ACC-C-017970-M2_LAYERING,DEV-00026
ACC-C-017970-M2_LAYERING,ACC-C-017970-M2A_RUNWAY,DEV-00026
ACC-C-000364-M1_CASHOUT,ACC-C-000364-M2A_RUNWAY,DEV-00056
ACC-C-000364-M2A_RUNWAY,ACC-C-005223-M1_CASHOUT,DEV-00056
ACC-C-005223-M1_CASHOUT,ACC-C-005223-M2_LAYERING,DEV-00056
ACC-C-005223-M2_LAYERING,ACC-C-005223-M2A_RUNWAY,DEV-00056
ACC-C-005223-M2A_RUNWAY,ACC-C-008304-M1_CASHOUT,DEV-00056
ACC-C-008304-M1_CASHOUT,ACC-C-008304-M2_LAYERING,DEV-00056
ACC-C-008304-M2_LAYERING,ACC-C-008304-M2A_RUNWAY,DEV-00056
ACC-C-008304-M2A_RUNWAY,ACC-C-009609-M1_CASHOUT,DEV-00056
ACC-C-009609-M1_CASHOUT,ACC-C-009609-M2_LAYERING,DEV-00056
ACC-C-009609-M2_LAYERING,ACC-C-009609-M2A_RUNWAY,DEV-00056
ACC-C-009609-M2A_RUNWAY,ACC-C-013023-M1_GATEWAY,DEV-00056
ACC-C-013023-M1_GATEWAY,ACC-C-013821-M1_GATEWAY,DEV-00056
ACC-C-013821-M1_GATEWAY,ACC-C-017019-M1_CASHOUT,DEV-00056
ACC-C-017019-M1_CASHOUT,ACC-C-017019-M2A_RUNWAY,DEV-00056
ACC-C-000385-M1_CASHOUT,ACC-C-000385-M2_LAYERING,DEV-00248
ACC-C-000385-M2_LAYERING,ACC-C-000385-M2A_RUNWAY,DEV-00248
ACC-C-000385-M2A_RUNWAY,ACC-C-005079-M1_GATEWAY,DEV-00248
ACC-C-005079-M1_GATEWAY,ACC-C-005506-M1_CASHOUT,DEV-00248
ACC-C-005506-M1_CASHOUT,ACC-C-005506-M2_LAYERING,DEV-00248
ACC-C-005506-M2_LAYERING,ACC-C-005506-M2A_RUNWAY,DEV-00248
ACC-C-005506-M2A_RUNWAY,ACC-C-006722-M1_CASHOUT,DEV-00248
ACC-C-006722-M1_CASHOUT,ACC-C-006722-M2A_RUNWAY,DEV-00248
ACC-C-006722-M2A_RUNWAY,ACC-C-008594-M1_GATEWAY,DEV-00248
ACC-C-008594-M1_GATEWAY,ACC-C-014516-M1_GATEWAY,DEV-00248
ACC-C-014516-M1_GATEWAY,ACC-C-014858-M1_GATEWAY,DEV-00248
ACC-C-014858-M1_GATEWAY,ACC-C-016309-M1_GATEWAY,DEV-00248
ACC-C-000386-M1_GATEWAY,ACC-C-000716-M1_GATEWAY,DEV-00032
ACC-C-000716-M1_GATEWAY,ACC-C-003990-M1_GATEWAY,DEV-00032
ACC-C-003990-M1_GATEWAY,ACC-C-010837-M1_CASHOUT,DEV-00032
ACC-C-010837-M1_CASHOUT,ACC-C-010837-M2_LAYERING,DEV-00032
ACC-C-010837-M2_LAYERING,ACC-C-010837-M2A_RUNWAY,DEV-00032
ACC-C-010837-M2A_RUNWAY,ACC-C-015330-M1_GATEWAY,DEV-00032
ACC-C-015330-M1_GATEWAY,ACC-C-017022-M1_GATEWAY,DEV-00032
ACC-C-000395-M1_CASHOUT,ACC-C-000395-M2_LAYERING,DEV-00318
ACC-C-000395-M2_LAYERING,ACC-C-000395-M2A_RUNWAY,DEV-00318
ACC-C-000395-M2A_RUNWAY,ACC-C-002033-M1_CASHOUT,DEV-00318
ACC-C-002033-M1_CASHOUT,ACC-C-002033-M2A_RUNWAY,DEV-00318
ACC-C-002033-M2A_RUNWAY,ACC-C-003609-M1_GATEWAY,DEV-00318
ACC-C-003609-M1_GATEWAY,ACC-C-007648-M1_CASHOUT,DEV-00318
ACC-C-007648-M1_CASHOUT,ACC-C-007648-M2_LAYERING,DEV-00318
ACC-C-007648-M2_LAYERING,ACC-C-007648-M2A_RUNWAY,DEV-00318
ACC-C-007648-M2A_RUNWAY,ACC-C-009440-M1_CASHOUT,DEV-00318
ACC-C-009440-M1_CASHOUT,ACC-C-009440-M2A_RUNWAY,DEV-00318
ACC-C-009440-M2A_RUNWAY,ACC-C-011840-M1_CASHOUT,DEV-00318
ACC-C-011840-M1_CASHOUT,ACC-C-011840-M2A_RUNWAY,DEV-00318
ACC-C-011840-M2A_RUNWAY,ACC-C-013899-M1_CASHOUT,DEV-00318
ACC-C-013899-M1_CASHOUT,ACC-C-013899-M2_LAYERING,DEV-00318
ACC-C-013899-M2_LAYERING,ACC-C-013899-M2A_RUNWAY,DEV-00318
ACC-C-013899-M2A_RUNWAY,ACC-C-015177-M1_GATEWAY,DEV-00318
ACC-C-000402-M1_CASHOUT,ACC-C-000402-M2_LAYERING,DEV-00101
ACC-C-000402-M2_LAYERING,ACC-C-000402-M2A_RUNWAY,DEV-00101
ACC-C-000402-M2A_RUNWAY,ACC-C-003216-M1_CASHOUT,DEV-00101
ACC-C-003216-M1_CASHOUT,ACC-C-003216-M2_LAYERING,DEV-00101
ACC-C-003216-M2_LAYERING,ACC-C-003216-M2A_RUNWAY,DEV-00101
ACC-C-003216-M2A_RUNWAY,ACC-C-004294-M1_GATEWAY,DEV-00101
ACC-C-004294-M1_GATEWAY,ACC-C-007514-M1_CASHOUT,DEV-00101
ACC-C-007514-M1_CASHOUT,ACC-C-007514-M2_LAYERING,DEV-00101
ACC-C-007514-M2_LAYERING,ACC-C-007514-M2A_RUNWAY,DEV-00101
ACC-C-007514-M2A_RUNWAY,ACC-C-009496-M1_CASHOUT,DEV-00101
ACC-C-009496-M1_CASHOUT,ACC-C-009496-M2_LAYERING,DEV-00101
ACC-C-009496-M2_LAYERING,ACC-C-009496-M2A_RUNWAY,DEV-00101
ACC-C-009496-M2A_RUNWAY,ACC-C-010454-M1_CASHOUT,DEV-00101
ACC-C-010454-M1_CASHOUT,ACC-C-010454-M2A_RUNWAY,DEV-00101
ACC-C-010454-M2A_RUNWAY,ACC-C-010620-M1_CASHOUT,DEV-00101
ACC-C-010620-M1_CASHOUT,ACC-C-010620-M2A_RUNWAY,DEV-00101
ACC-C-010620-M2A_RUNWAY,ACC-C-013520-M1_GATEWAY,DEV-00101
ACC-C-000403-M1_CASHOUT,ACC-C-000403-M2_LAYERING,DEV-00290
ACC-C-000403-M2_LAYERING,ACC-C-000403-M2A_RUNWAY,DEV-00290
ACC-C-000403-M2A_RUNWAY,ACC-C-001529-M1_CASHOUT,DEV-00290
ACC-C-001529-M1_CASHOUT,ACC-C-001529-M2A_RUNWAY,DEV-00290
ACC-C-001529-M2A_RUNWAY,ACC-C-007561-M1_CASHOUT,DEV-00290
ACC-C-007561-M1_CASHOUT,ACC-C-007561-M2_LAYERING,DEV-00290
ACC-C-007561-M2_LAYERING,ACC-C-007561-M2A_RUNWAY,DEV-00290
ACC-C-007561-M2A_RUNWAY,ACC-C-013917-M1_GATEWAY,DEV-00290
ACC-C-013917-M1_GATEWAY,ACC-C-014032-M1_CASHOUT,DEV-00290
ACC-C-014032-M1_CASHOUT,ACC-C-014032-M2_LAYERING,DEV-00290
ACC-C-014032-M2_LAYERING,ACC-C-014032-M2A_RUNWAY,DEV-00290
ACC-C-014032-M2A_RUNWAY,ACC-C-014801-M1_CASHOUT,DEV-00290
ACC-C-014801-M1_CASHOUT,ACC-C-014801-M2A_RUNWAY,DEV-00290
ACC-C-000407-M1_GATEWAY,ACC-C-007228-M1_CASHOUT,DEV-00116
ACC-C-007228-M1_CASHOUT,ACC-C-007228-M2_LAYERING,DEV-00116
ACC-C-007228-M2_LAYERING,ACC-C-007228-M2A_RUNWAY,DEV-00116
ACC-C-007228-M2A_RUNWAY,ACC-C-011137-M1_CASHOUT,DEV-00116
ACC-C-011137-M1_CASHOUT,ACC-C-011137-M2A_RUNWAY,DEV-00116
ACC-C-011137-M2A_RUNWAY,ACC-C-015120-M1_GATEWAY,DEV-00116
ACC-C-015120-M1_GATEWAY,ACC-C-015782-M1_CASHOUT,DEV-00116
ACC-C-015782-M1_CASHOUT,ACC-C-015782-M2A_RUNWAY,DEV-00116
ACC-C-000413-M1_GATEWAY,ACC-C-000750-M1_CASHOUT,DEV-00093
ACC-C-000750-M1_CASHOUT,ACC-C-000750-M2_LAYERING,DEV-00093
ACC-C-000750-M2_LAYERING,ACC-C-000750-M2A_RUNWAY,DEV-00093
ACC-C-000750-M2A_RUNWAY,ACC-C-003666-M1_GATEWAY,DEV-00093
ACC-C-003666-M1_GATEWAY,ACC-C-004070-M1_GATEWAY,DEV-00093
ACC-C-004070-M1_GATEWAY,ACC-C-004766-M1_CASHOUT,DEV-00093
ACC-C-004766-M1_CASHOUT,ACC-C-004766-M2_LAYERING,DEV-00093
ACC-C-004766-M2_LAYERING,ACC-C-004766-M2A_RUNWAY,DEV-00093
ACC-C-004766-M2A_RUNWAY,ACC-C-007522-M1_GATEWAY,DEV-00093
ACC-C-007522-M1_GATEWAY,ACC-C-008543-M1_CASHOUT,DEV-00093
ACC-C-008543-M1_CASHOUT,ACC-C-008543-M2A_RUNWAY,DEV-00093
ACC-C-008543-M2A_RUNWAY,ACC-C-017575-M1_CASHOUT,DEV-00093
ACC-C-017575-M1_CASHOUT,ACC-C-017575-M2A_RUNWAY,DEV-00093
ACC-C-000417-M1_GATEWAY,ACC-C-000681-M1_GATEWAY,DEV-00145
ACC-C-000681-M1_GATEWAY,ACC-C-001049-M1_CASHOUT,DEV-00145
ACC-C-001049-M1_CASHOUT,ACC-C-001049-M2_LAYERING,DEV-00145
ACC-C-001049-M2_LAYERING,ACC-C-001049-M2A_RUNWAY,DEV-00145
ACC-C-001049-M2A_RUNWAY,ACC-C-004066-M1_GATEWAY,DEV-00145
ACC-C-004066-M1_GATEWAY,ACC-C-004215-M1_GATEWAY,DEV-00145
ACC-C-004215-M1_GATEWAY,ACC-C-006057-M1_GATEWAY,DEV-00145
ACC-C-006057-M1_GATEWAY,ACC-C-007119-M1_GATEWAY,DEV-00145
ACC-C-007119-M1_GATEWAY,ACC-C-007282-M1_CASHOUT,DEV-00145
ACC-C-007282-M1_CASHOUT,ACC-C-007282-M2A_RUNWAY,DEV-00145
ACC-C-007282-M2A_RUNWAY,ACC-C-008469-M1_CASHOUT,DEV-00145
ACC-C-008469-M1_CASHOUT,ACC-C-008469-M2_LAYERING,DEV-00145
ACC-C-008469-M2_LAYERING,ACC-C-008469-M2A_RUNWAY,DEV-00145
ACC-C-008469-M2A_RUNWAY,ACC-C-014388-M1_GATEWAY,DEV-00145
ACC-C-014388-M1_GATEWAY,ACC-C-014860-M1_CASHOUT,DEV-00145
ACC-C-014860-M1_CASHOUT,ACC-C-014860-M2A_RUNWAY,DEV-00145
ACC-C-000422-M1_CASHOUT,ACC-C-000422-M2_LAYERING,DEV-00185
ACC-C-000422-M2_LAYERING,ACC-C-000422-M2A_RUNWAY,DEV-00185
ACC-C-000422-M2A_RUNWAY,ACC-C-008267-M1_CASHOUT,DEV-00185
ACC-C-008267-M1_CASHOUT,ACC-C-008267-M2_LAYERING,DEV-00185
ACC-C-008267-M2_LAYERING,ACC-C-008267-M2A_RUNWAY,DEV-00185
ACC-C-008267-M2A_RUNWAY,ACC-C-009147-M1_GATEWAY,DEV-00185
ACC-C-009147-M1_GATEWAY,ACC-C-012542-M1_GATEWAY,DEV-00185
ACC-C-012542-M1_GATEWAY,ACC-C-014639-M1_GATEWAY,DEV-00185
ACC-C-000434-M1_CASHOUT,ACC-C-000434-M2_LAYERING,DEV-00107
ACC-C-000434-M2_LAYERING,ACC-C-000434-M2A_RUNWAY,DEV-00107
ACC-C-000434-M2A_RUNWAY,ACC-C-005962-M1_GATEWAY,DEV-00107
ACC-C-000435-M1_CASHOUT,ACC-C-000435-M2A_RUNWAY,DEV-00103
ACC-C-000435-M2A_RUNWAY,ACC-C-004328-M1_GATEWAY,DEV-00103
ACC-C-004328-M1_GATEWAY,ACC-C-008834-M1_GATEWAY,DEV-00103
ACC-C-008834-M1_GATEWAY,ACC-C-012276-M1_CASHOUT,DEV-00103
ACC-C-012276-M1_CASHOUT,ACC-C-012276-M2A_RUNWAY,DEV-00103
ACC-C-000456-M1_CASHOUT,ACC-C-000456-M2_LAYERING,DEV-00350
ACC-C-000456-M2_LAYERING,ACC-C-000456-M2A_RUNWAY,DEV-00350
ACC-C-000456-M2A_RUNWAY,ACC-C-002434-M1_CASHOUT,DEV-00350
ACC-C-002434-M1_CASHOUT,ACC-C-002434-M2_LAYERING,DEV-00350
ACC-C-002434-M2_LAYERING,ACC-C-002434-M2A_RUNWAY,DEV-00350
ACC-C-002434-M2A_RUNWAY,ACC-C-006816-M1_GATEWAY,DEV-00350
ACC-C-006816-M1_GATEWAY,ACC-C-007743-M1_CASHOUT,DEV-00350
ACC-C-007743-M1_CASHOUT,ACC-C-007743-M2A_RUNWAY,DEV-00350
ACC-C-007743-M2A_RUNWAY,ACC-C-009593-M1_GATEWAY,DEV-00350
ACC-C-009593-M1_GATEWAY,ACC-C-010800-M1_GATEWAY,DEV-00350
ACC-C-010800-M1_GATEWAY,ACC-C-011289-M1_CASHOUT,DEV-00350
ACC-C-011289-M1_CASHOUT,ACC-C-011289-M2_LAYERING,DEV-00350
ACC-C-011289-M2_LAYERING,ACC-C-011289-M2A_RUNWAY,DEV-00350
ACC-C-011289-M2A_RUNWAY,ACC-C-012507-M1_GATEWAY,DEV-00350
ACC-C-012507-M1_GATEWAY,ACC-C-015198-M1_CASHOUT,DEV-00350
ACC-C-015198-M1_CASHOUT,ACC-C-015198-M2_LAYERING,DEV-00350
ACC-C-015198-M2_LAYERING,ACC-C-015198-M2A_RUNWAY,DEV-00350
ACC-C-000458-M1_GATEWAY,ACC-C-002789-M1_CASHOUT,DEV-00283
ACC-C-002789-M1_CASHOUT,ACC-C-002789-M2A_RUNWAY,DEV-00283
ACC-C-002789-M2A_RUNWAY,ACC-C-009143-M1_CASHOUT,DEV-00283
ACC-C-009143-M1_CASHOUT,ACC-C-009143-M2_LAYERING,DEV-00283
ACC-C-009143-M2_LAYERING,ACC-C-009143-M2A_RUNWAY,DEV-00283
ACC-C-009143-M2A_RUNWAY,ACC-C-011889-M1_CASHOUT,DEV-00283
ACC-C-011889-M1_CASHOUT,ACC-C-011889-M2_LAYERING,DEV-00283
ACC-C-011889-M2_LAYERING,ACC-C-011889-M2A_RUNWAY,DEV-00283
ACC-C-011889-M2A_RUNWAY,ACC-C-012409-M1_CASHOUT,DEV-00283
ACC-C-012409-M1_CASHOUT,ACC-C-012409-M2_LAYERING,DEV-00283
ACC-C-012409-M2_LAYERING,ACC-C-012409-M2A_RUNWAY,DEV-00283
ACC-C-012409-M2A_RUNWAY,ACC-C-016205-M1_CASHOUT,DEV-00283
ACC-C-016205-M1_CASHOUT,ACC-C-016205-M2_LAYERING,DEV-00283
ACC-C-016205-M2_LAYERING,ACC-C-016205-M2A_RUNWAY,DEV-00283
ACC-C-016205-M2A_RUNWAY,ACC-C-016640-M1_CASHOUT,DEV-00283
ACC-C-016640-M1_CASHOUT,ACC-C-016640-M2_LAYERING,DEV-00283
ACC-C-016640-M2_LAYERING,ACC-C-016640-M2A_RUNWAY,DEV-00283
ACC-C-016640-M2A_RUNWAY,ACC-C-016876-M1_GATEWAY,DEV-00283
ACC-C-016876-M1_GATEWAY,ACC-C-017912-M1_GATEWAY,DEV-00283
ACC-C-000459-M1_CASHOUT,ACC-C-000459-M2_LAYERING,DEV-00028
ACC-C-000459-M2_LAYERING,ACC-C-000459-M2A_RUNWAY,DEV-00028
ACC-C-000459-M2A_RUNWAY,ACC-C-001258-M1_CASHOUT,DEV-00028
ACC-C-001258-M1_CASHOUT,ACC-C-001258-M2_LAYERING,DEV-00028
ACC-C-001258-M2_LAYERING,ACC-C-001258-M2A_RUNWAY,DEV-00028
ACC-C-001258-M2A_RUNWAY,ACC-C-001481-M1_CASHOUT,DEV-00028
ACC-C-001481-M1_CASHOUT,ACC-C-001481-M2_LAYERING,DEV-00028
ACC-C-001481-M2_LAYERING,ACC-C-001481-M2A_RUNWAY,DEV-00028
ACC-C-001481-M2A_RUNWAY,ACC-C-003024-M1_CASHOUT,DEV-00028
ACC-C-003024-M1_CASHOUT,ACC-C-003024-M2_LAYERING,DEV-00028
ACC-C-003024-M2_LAYERING,ACC-C-003024-M2A_RUNWAY,DEV-00028
ACC-C-003024-M2A_RUNWAY,ACC-C-016930-M1_CASHOUT,DEV-00028
ACC-C-016930-M1_CASHOUT,ACC-C-016930-M2_LAYERING,DEV-00028
ACC-C-016930-M2_LAYERING,ACC-C-016930-M2A_RUNWAY,DEV-00028
ACC-C-000464-M1_GATEWAY,ACC-C-007181-M1_CASHOUT,DEV-00386
ACC-C-007181-M1_CASHOUT,ACC-C-007181-M2_LAYERING,DEV-00386
ACC-C-007181-M2_LAYERING,ACC-C-007181-M2A_RUNWAY,DEV-00386
ACC-C-007181-M2A_RUNWAY,ACC-C-007651-M1_GATEWAY,DEV-00386
ACC-C-007651-M1_GATEWAY,ACC-C-007674-M1_CASHOUT,DEV-00386
ACC-C-007674-M1_CASHOUT,ACC-C-007674-M2A_RUNWAY,DEV-00386
ACC-C-007674-M2A_RUNWAY,ACC-C-009392-M1_GATEWAY,DEV-00386
ACC-C-009392-M1_GATEWAY,ACC-C-009763-M1_GATEWAY,DEV-00386
ACC-C-009763-M1_GATEWAY,ACC-C-013164-M1_GATEWAY,DEV-00386
ACC-C-013164-M1_GATEWAY,ACC-C-014331-M1_GATEWAY,DEV-00386
ACC-C-014331-M1_GATEWAY,ACC-C-015824-M1_CASHOUT,DEV-00386
ACC-C-015824-M1_CASHOUT,ACC-C-015824-M2_LAYERING,DEV-00386
ACC-C-015824-M2_LAYERING,ACC-C-015824-M2A_RUNWAY,DEV-00386
ACC-C-000479-M1_CASHOUT,ACC-C-000479-M2A_RUNWAY,DEV-00018
ACC-C-000479-M2A_RUNWAY,ACC-C-002571-M1_GATEWAY,DEV-00018
ACC-C-002571-M1_GATEWAY,ACC-C-004387-M1_CASHOUT,DEV-00018
ACC-C-004387-M1_CASHOUT,ACC-C-004387-M2A_RUNWAY,DEV-00018
ACC-C-004387-M2A_RUNWAY,ACC-C-006228-M1_CASHOUT,DEV-00018
ACC-C-006228-M1_CASHOUT,ACC-C-006228-M2_LAYERING,DEV-00018
ACC-C-006228-M2_LAYERING,ACC-C-006228-M2A_RUNWAY,DEV-00018
ACC-C-006228-M2A_RUNWAY,ACC-C-006435-M1_GATEWAY,DEV-00018
ACC-C-006435-M1_GATEWAY,ACC-C-008463-M1_CASHOUT,DEV-00018
ACC-C-008463-M1_CASHOUT,ACC-C-008463-M2_LAYERING,DEV-00018
ACC-C-008463-M2_LAYERING,ACC-C-008463-M2A_RUNWAY,DEV-00018
ACC-C-008463-M2A_RUNWAY,ACC-C-012343-M1_GATEWAY,DEV-00018
ACC-C-012343-M1_GATEWAY,ACC-C-016934-M1_CASHOUT,DEV-00018
ACC-C-016934-M1_CASHOUT,ACC-C-016934-M2_LAYERING,DEV-00018
ACC-C-016934-M2_LAYERING,ACC-C-016934-M2A_RUNWAY,DEV-00018
ACC-C-000497-M1_GATEWAY,ACC-C-002681-M1_CASHOUT,DEV-00343
ACC-C-002681-M1_CASHOUT,ACC-C-002681-M2A_RUNWAY,DEV-00343
ACC-C-002681-M2A_RUNWAY,ACC-C-004992-M1_CASHOUT,DEV-00343
ACC-C-004992-M1_CASHOUT,ACC-C-004992-M2A_RUNWAY,DEV-00343
ACC-C-004992-M2A_RUNWAY,ACC-C-013621-M1_GATEWAY,DEV-00343
ACC-C-013621-M1_GATEWAY,ACC-C-013887-M1_CASHOUT,DEV-00343
ACC-C-013887-M1_CASHOUT,ACC-C-013887-M2_LAYERING,DEV-00343
ACC-C-013887-M2_LAYERING,ACC-C-013887-M2A_RUNWAY,DEV-00343
ACC-C-000498-M1_CASHOUT,ACC-C-000498-M2_LAYERING,DEV-00295
ACC-C-000498-M2_LAYERING,ACC-C-000498-M2A_RUNWAY,DEV-00295
ACC-C-000498-M2A_RUNWAY,ACC-C-001424-M1_CASHOUT,DEV-00295
ACC-C-001424-M1_CASHOUT,ACC-C-001424-M2A_RUNWAY,DEV-00295
ACC-C-001424-M2A_RUNWAY,ACC-C-004522-M1_GATEWAY,DEV-00295
ACC-C-004522-M1_GATEWAY,ACC-C-008993-M1_GATEWAY,DEV-00295
ACC-C-008993-M1_GATEWAY,ACC-C-017891-M1_CASHOUT,DEV-00295
ACC-C-017891-M1_CASHOUT,ACC-C-017891-M2A_RUNWAY,DEV-00295
ACC-C-000500-M1_CASHOUT,ACC-C-000500-M2A_RUNWAY,DEV-00252
ACC-C-000500-M2A_RUNWAY,ACC-C-001416-M1_GATEWAY,DEV-00252
ACC-C-001416-M1_GATEWAY,ACC-C-011222-M1_CASHOUT,DEV-00252
ACC-C-011222-M1_CASHOUT,ACC-C-011222-M2_LAYERING,DEV-00252
ACC-C-011222-M2_LAYERING,ACC-C-011222-M2A_RUNWAY,DEV-00252
ACC-C-011222-M2A_RUNWAY,ACC-C-012683-M1_CASHOUT,DEV-00252
ACC-C-012683-M1_CASHOUT,ACC-C-012683-M2_LAYERING,DEV-00252
ACC-C-012683-M2_LAYERING,ACC-C-012683-M2A_RUNWAY,DEV-00252
ACC-C-012683-M2A_RUNWAY,ACC-C-012903-M1_CASHOUT,DEV-00252
ACC-C-012903-M1_CASHOUT,ACC-C-012903-M2_LAYERING,DEV-00252
ACC-C-012903-M2_LAYERING,ACC-C-012903-M2A_RUNWAY,DEV-00252
ACC-C-012903-M2A_RUNWAY,ACC-C-014484-M1_GATEWAY,DEV-00252
ACC-C-014484-M1_GATEWAY,ACC-C-015317-M1_GATEWAY,DEV-00252
ACC-C-015317-M1_GATEWAY,ACC-C-015919-M1_CASHOUT,DEV-00252
ACC-C-015919-M1_CASHOUT,ACC-C-015919-M2A_RUNWAY,DEV-00252
ACC-C-000502-M1_GATEWAY,ACC-C-001245-M1_GATEWAY,DEV-00282
ACC-C-001245-M1_GATEWAY,ACC-C-004203-M1_GATEWAY,DEV-00282
ACC-C-004203-M1_GATEWAY,ACC-C-005948-M1_GATEWAY,DEV-00282
ACC-C-005948-M1_GATEWAY,ACC-C-009196-M1_GATEWAY,DEV-00282
ACC-C-009196-M1_GATEWAY,ACC-C-009794-M1_GATEWAY,DEV-00282
ACC-C-009794-M1_GATEWAY,ACC-C-013241-M1_GATEWAY,DEV-00282
ACC-C-013241-M1_GATEWAY,ACC-C-014913-M1_CASHOUT,DEV-00282
ACC-C-014913-M1_CASHOUT,ACC-C-014913-M2A_RUNWAY,DEV-00282
ACC-C-000505-M1_GATEWAY,ACC-C-006276-M1_GATEWAY,DEV-00234
ACC-C-006276-M1_GATEWAY,ACC-C-008586-M1_CASHOUT,DEV-00234
ACC-C-008586-M1_CASHOUT,ACC-C-008586-M2A_RUNWAY,DEV-00234
ACC-C-008586-M2A_RUNWAY,ACC-C-009450-M1_GATEWAY,DEV-00234
ACC-C-009450-M1_GATEWAY,ACC-C-014158-M1_CASHOUT,DEV-00234
ACC-C-014158-M1_CASHOUT,ACC-C-014158-M2_LAYERING,DEV-00234
ACC-C-014158-M2_LAYERING,ACC-C-014158-M2A_RUNWAY,DEV-00234
ACC-C-014158-M2A_RUNWAY,ACC-C-014769-M1_CASHOUT,DEV-00234
ACC-C-014769-M1_CASHOUT,ACC-C-014769-M2_LAYERING,DEV-00234
ACC-C-014769-M2_LAYERING,ACC-C-014769-M2A_RUNWAY,DEV-00234
ACC-C-000506-M1_GATEWAY,ACC-C-001194-M1_CASHOUT,DEV-00361
ACC-C-001194-M1_CASHOUT,ACC-C-001194-M2_LAYERING,DEV-00361
ACC-C-001194-M2_LAYERING,ACC-C-001194-M2A_RUNWAY,DEV-00361
ACC-C-001194-M2A_RUNWAY,ACC-C-001430-M1_GATEWAY,DEV-00361
ACC-C-001430-M1_GATEWAY,ACC-C-006530-M1_CASHOUT,DEV-00361
ACC-C-006530-M1_CASHOUT,ACC-C-006530-M2_LAYERING,DEV-00361
ACC-C-006530-M2_LAYERING,ACC-C-006530-M2A_RUNWAY,DEV-00361
ACC-C-006530-M2A_RUNWAY,ACC-C-010917-M1_CASHOUT,DEV-00361
ACC-C-010917-M1_CASHOUT,ACC-C-010917-M2A_RUNWAY,DEV-00361
ACC-C-010917-M2A_RUNWAY,ACC-C-012760-M1_CASHOUT,DEV-00361
ACC-C-012760-M1_CASHOUT,ACC-C-012760-M2_LAYERING,DEV-00361
ACC-C-012760-M2_LAYERING,ACC-C-012760-M2A_RUNWAY,DEV-00361
ACC-C-012760-M2A_RUNWAY,ACC-C-013129-M1_GATEWAY,DEV-00361
ACC-C-013129-M1_GATEWAY,ACC-C-013705-M1_GATEWAY,DEV-00361
ACC-C-013705-M1_GATEWAY,ACC-C-014537-M1_CASHOUT,DEV-00361
ACC-C-014537-M1_CASHOUT,ACC-C-014537-M2A_RUNWAY,DEV-00361
ACC-C-014537-M2A_RUNWAY,ACC-C-015168-M1_CASHOUT,DEV-00361
ACC-C-015168-M1_CASHOUT,ACC-C-015168-M2_LAYERING,DEV-00361
ACC-C-015168-M2_LAYERING,ACC-C-015168-M2A_RUNWAY,DEV-00361
ACC-C-015168-M2A_RUNWAY,ACC-C-015351-M1_CASHOUT,DEV-00361
ACC-C-015351-M1_CASHOUT,ACC-C-015351-M2A_RUNWAY,DEV-00361
ACC-C-015351-M2A_RUNWAY,ACC-C-016304-M1_CASHOUT,DEV-00361
ACC-C-016304-M1_CASHOUT,ACC-C-016304-M2A_RUNWAY,DEV-00361
ACC-C-000538-M1_CASHOUT,ACC-C-000538-M2_LAYERING,DEV-00111
ACC-C-000538-M2_LAYERING,ACC-C-000538-M2A_RUNWAY,DEV-00111
ACC-C-000538-M2A_RUNWAY,ACC-C-000800-M1_CASHOUT,DEV-00111
ACC-C-000800-M1_CASHOUT,ACC-C-000800-M2_LAYERING,DEV-00111
ACC-C-000800-M2_LAYERING,ACC-C-000800-M2A_RUNWAY,DEV-00111
ACC-C-000800-M2A_RUNWAY,ACC-C-010930-M1_CASHOUT,DEV-00111
ACC-C-010930-M1_CASHOUT,ACC-C-010930-M2_LAYERING,DEV-00111
ACC-C-010930-M2_LAYERING,ACC-C-010930-M2A_RUNWAY,DEV-00111
ACC-C-010930-M2A_RUNWAY,ACC-C-017236-M1_GATEWAY,DEV-00111
ACC-C-000544-M1_GATEWAY,ACC-C-007938-M1_GATEWAY,DEV-00038
ACC-C-007938-M1_GATEWAY,ACC-C-013267-M1_CASHOUT,DEV-00038
ACC-C-013267-M1_CASHOUT,ACC-C-013267-M2_LAYERING,DEV-00038
ACC-C-013267-M2_LAYERING,ACC-C-013267-M2A_RUNWAY,DEV-00038
ACC-C-013267-M2A_RUNWAY,ACC-C-015884-M1_GATEWAY,DEV-00038
ACC-C-015884-M1_GATEWAY,ACC-C-017361-M1_GATEWAY,DEV-00038
ACC-C-000558-M1_GATEWAY,ACC-C-001934-M1_CASHOUT,DEV-00211
ACC-C-001934-M1_CASHOUT,ACC-C-001934-M2A_RUNWAY,DEV-00211
ACC-C-001934-M2A_RUNWAY,ACC-C-003303-M1_CASHOUT,DEV-00211
ACC-C-003303-M1_CASHOUT,ACC-C-003303-M2A_RUNWAY,DEV-00211
ACC-C-003303-M2A_RUNWAY,ACC-C-009781-M1_GATEWAY,DEV-00211
ACC-C-009781-M1_GATEWAY,ACC-C-012505-M1_CASHOUT,DEV-00211
ACC-C-012505-M1_CASHOUT,ACC-C-012505-M2A_RUNWAY,DEV-00211
ACC-C-012505-M2A_RUNWAY,ACC-C-013295-M1_GATEWAY,DEV-00211
ACC-C-013295-M1_GATEWAY,ACC-C-016362-M1_CASHOUT,DEV-00211
ACC-C-016362-M1_CASHOUT,ACC-C-016362-M2A_RUNWAY,DEV-00211
ACC-C-000562-M1_CASHOUT,ACC-C-000562-M2A_RUNWAY,DEV-00288
ACC-C-000562-M2A_RUNWAY,ACC-C-002193-M1_CASHOUT,DEV-00288
ACC-C-002193-M1_CASHOUT,ACC-C-002193-M2_LAYERING,DEV-00288
ACC-C-002193-M2_LAYERING,ACC-C-002193-M2A_RUNWAY,DEV-00288
ACC-C-002193-M2A_RUNWAY,ACC-C-002858-M1_GATEWAY,DEV-00288
ACC-C-002858-M1_GATEWAY,ACC-C-004661-M1_CASHOUT,DEV-00288
ACC-C-004661-M1_CASHOUT,ACC-C-004661-M2A_RUNWAY,DEV-00288
ACC-C-004661-M2A_RUNWAY,ACC-C-005619-M1_CASHOUT,DEV-00288
ACC-C-005619-M1_CASHOUT,ACC-C-005619-M2A_RUNWAY,DEV-00288
ACC-C-005619-M2A_RUNWAY,ACC-C-006323-M1_CASHOUT,DEV-00288
ACC-C-006323-M1_CASHOUT,ACC-C-006323-M2A_RUNWAY,DEV-00288
ACC-C-006323-M2A_RUNWAY,ACC-C-009288-M1_CASHOUT,DEV-00288
ACC-C-009288-M1_CASHOUT,ACC-C-009288-M2_LAYERING,DEV-00288
ACC-C-009288-M2_LAYERING,ACC-C-009288-M2A_RUNWAY,DEV-00288
ACC-C-009288-M2A_RUNWAY,ACC-C-009565-M1_CASHOUT,DEV-00288
ACC-C-009565-M1_CASHOUT,ACC-C-009565-M2A_RUNWAY,DEV-00288
ACC-C-009565-M2A_RUNWAY,ACC-C-017205-M1_CASHOUT,DEV-00288
ACC-C-017205-M1_CASHOUT,ACC-C-017205-M2_LAYERING,DEV-00288
ACC-C-017205-M2_LAYERING,ACC-C-017205-M2A_RUNWAY,DEV-00288
ACC-C-000590-M1_CASHOUT,ACC-C-000590-M2_LAYERING,DEV-00091
ACC-C-000590-M2_LAYERING,ACC-C-000590-M2A_RUNWAY,DEV-00091
ACC-C-000590-M2A_RUNWAY,ACC-C-005097-M1_GATEWAY,DEV-00091
ACC-C-005097-M1_GATEWAY,ACC-C-005599-M1_CASHOUT,DEV-00091
ACC-C-005599-M1_CASHOUT,ACC-C-005599-M2_LAYERING,DEV-00091
ACC-C-005599-M2_LAYERING,ACC-C-005599-M2A_RUNWAY,DEV-00091
ACC-C-005599-M2A_RUNWAY,ACC-C-006521-M1_CASHOUT,DEV-00091
ACC-C-006521-M1_CASHOUT,ACC-C-006521-M2_LAYERING,DEV-00091
ACC-C-006521-M2_LAYERING,ACC-C-006521-M2A_RUNWAY,DEV-00091
ACC-C-006521-M2A_RUNWAY,ACC-C-009990-M1_GATEWAY,DEV-00091
ACC-C-009990-M1_GATEWAY,ACC-C-011134-M1_GATEWAY,DEV-00091
ACC-C-011134-M1_GATEWAY,ACC-C-012754-M1_GATEWAY,DEV-00091
ACC-C-012754-M1_GATEWAY,ACC-C-016428-M1_GATEWAY,DEV-00091
ACC-C-016428-M1_GATEWAY,ACC-C-017599-M1_GATEWAY,DEV-00091
ACC-C-000629-M1_GATEWAY,ACC-C-004823-M1_CASHOUT,DEV-00131
ACC-C-004823-M1_CASHOUT,ACC-C-004823-M2A_RUNWAY,DEV-00131
ACC-C-004823-M2A_RUNWAY,ACC-C-013515-M1_CASHOUT,DEV-00131
ACC-C-013515-M1_CASHOUT,ACC-C-013515-M2_LAYERING,DEV-00131
ACC-C-013515-M2_LAYERING,ACC-C-013515-M2A_RUNWAY,DEV-00131
ACC-C-013515-M2A_RUNWAY,ACC-C-017137-M1_GATEWAY,DEV-00131
ACC-C-017137-M1_GATEWAY,ACC-C-017590-M1_CASHOUT,DEV-00131
ACC-C-017590-M1_CASHOUT,ACC-C-017590-M2_LAYERING,DEV-00131
ACC-C-017590-M2_LAYERING,ACC-C-017590-M2A_RUNWAY,DEV-00131
ACC-C-000630-M1_CASHOUT,ACC-C-000630-M2A_RUNWAY,DEV-00100
ACC-C-000630-M2A_RUNWAY,ACC-C-004961-M1_GATEWAY,DEV-00100
ACC-C-004961-M1_GATEWAY,ACC-C-007370-M1_GATEWAY,DEV-00100
ACC-C-007370-M1_GATEWAY,ACC-C-008199-M1_GATEWAY,DEV-00100
ACC-C-008199-M1_GATEWAY,ACC-C-009504-M1_CASHOUT,DEV-00100
ACC-C-009504-M1_CASHOUT,ACC-C-009504-M2_LAYERING,DEV-00100
ACC-C-009504-M2_LAYERING,ACC-C-009504-M2A_RUNWAY,DEV-00100
ACC-C-009504-M2A_RUNWAY,ACC-C-010853-M1_CASHOUT,DEV-00100
ACC-C-010853-M1_CASHOUT,ACC-C-010853-M2A_RUNWAY,DEV-00100
ACC-C-000635-M1_CASHOUT,ACC-C-000635-M2_LAYERING,DEV-00202
ACC-C-000635-M2_LAYERING,ACC-C-000635-M2A_RUNWAY,DEV-00202
ACC-C-000635-M2A_RUNWAY,ACC-C-002840-M1_CASHOUT,DEV-00202
ACC-C-002840-M1_CASHOUT,ACC-C-002840-M2_LAYERING,DEV-00202
ACC-C-002840-M2_LAYERING,ACC-C-002840-M2A_RUNWAY,DEV-00202
ACC-C-002840-M2A_RUNWAY,ACC-C-003195-M1_GATEWAY,DEV-00202
ACC-C-003195-M1_GATEWAY,ACC-C-008084-M1_GATEWAY,DEV-00202
ACC-C-008084-M1_GATEWAY,ACC-C-010205-M1_GATEWAY,DEV-00202
ACC-C-010205-M1_GATEWAY,ACC-C-017006-M1_CASHOUT,DEV-00202
ACC-C-017006-M1_CASHOUT,ACC-C-017006-M2_LAYERING,DEV-00202
ACC-C-017006-M2_LAYERING,ACC-C-017006-M2A_RUNWAY,DEV-00202
ACC-C-000639-M1_CASHOUT,ACC-C-000639-M2_LAYERING,DEV-00126
ACC-C-000639-M2_LAYERING,ACC-C-000639-M2A_RUNWAY,DEV-00126
ACC-C-000639-M2A_RUNWAY,ACC-C-001595-M1_GATEWAY,DEV-00126
ACC-C-001595-M1_GATEWAY,ACC-C-002493-M1_GATEWAY,DEV-00126
ACC-C-002493-M1_GATEWAY,ACC-C-005983-M1_CASHOUT,DEV-00126
ACC-C-005983-M1_CASHOUT,ACC-C-005983-M2A_RUNWAY,DEV-00126
ACC-C-005983-M2A_RUNWAY,ACC-C-007832-M1_GATEWAY,DEV-00126
ACC-C-007832-M1_GATEWAY,ACC-C-014441-M1_GATEWAY,DEV-00126
ACC-C-000657-M1_CASHOUT,ACC-C-000657-M2A_RUNWAY,DEV-00205
ACC-C-000657-M2A_RUNWAY,ACC-C-000882-M1_CASHOUT,DEV-00205
ACC-C-000882-M1_CASHOUT,ACC-C-000882-M2_LAYERING,DEV-00205
ACC-C-000882-M2_LAYERING,ACC-C-000882-M2A_RUNWAY,DEV-00205
ACC-C-000882-M2A_RUNWAY,ACC-C-002715-M1_CASHOUT,DEV-00205
ACC-C-002715-M1_CASHOUT,ACC-C-002715-M2A_RUNWAY,DEV-00205
ACC-C-002715-M2A_RUNWAY,ACC-C-003372-M1_CASHOUT,DEV-00205
ACC-C-003372-M1_CASHOUT,ACC-C-003372-M2A_RUNWAY,DEV-00205
ACC-C-003372-M2A_RUNWAY,ACC-C-004531-M1_GATEWAY,DEV-00205
ACC-C-004531-M1_GATEWAY,ACC-C-004577-M1_GATEWAY,DEV-00205
ACC-C-004577-M1_GATEWAY,ACC-C-005467-M1_GATEWAY,DEV-00205
ACC-C-005467-M1_GATEWAY,ACC-C-010983-M1_CASHOUT,DEV-00205
ACC-C-010983-M1_CASHOUT,ACC-C-010983-M2A_RUNWAY,DEV-00205
ACC-C-010983-M2A_RUNWAY,ACC-C-011174-M1_CASHOUT,DEV-00205
ACC-C-011174-M1_CASHOUT,ACC-C-011174-M2_LAYERING,DEV-00205
ACC-C-011174-M2_LAYERING,ACC-C-011174-M2A_RUNWAY,DEV-00205
ACC-C-011174-M2A_RUNWAY,ACC-C-011352-M1_GATEWAY,DEV-00205
ACC-C-011352-M1_GATEWAY,ACC-C-011699-M1_GATEWAY,DEV-00205
ACC-C-011699-M1_GATEWAY,ACC-C-012495-M1_GATEWAY,DEV-00205
ACC-C-012495-M1_GATEWAY,ACC-C-014130-M1_CASHOUT,DEV-00205
ACC-C-014130-M1_CASHOUT,ACC-C-014130-M2A_RUNWAY,DEV-00205
ACC-C-000661-M1_GATEWAY,ACC-C-004266-M1_GATEWAY,DEV-00148
ACC-C-004266-M1_GATEWAY,ACC-C-005139-M1_CASHOUT,DEV-00148
ACC-C-005139-M1_CASHOUT,ACC-C-005139-M2_LAYERING,DEV-00148
ACC-C-005139-M2_LAYERING,ACC-C-005139-M2A_RUNWAY,DEV-00148
ACC-C-005139-M2A_RUNWAY,ACC-C-005821-M1_GATEWAY,DEV-00148
ACC-C-005821-M1_GATEWAY,ACC-C-007062-M1_CASHOUT,DEV-00148
ACC-C-007062-M1_CASHOUT,ACC-C-007062-M2A_RUNWAY,DEV-00148
ACC-C-007062-M2A_RUNWAY,ACC-C-008865-M1_CASHOUT,DEV-00148
ACC-C-008865-M1_CASHOUT,ACC-C-008865-M2_LAYERING,DEV-00148
ACC-C-008865-M2_LAYERING,ACC-C-008865-M2A_RUNWAY,DEV-00148
ACC-C-008865-M2A_RUNWAY,ACC-C-010588-M1_GATEWAY,DEV-00148
ACC-C-010588-M1_GATEWAY,ACC-C-011795-M1_CASHOUT,DEV-00148
ACC-C-011795-M1_CASHOUT,ACC-C-011795-M2_LAYERING,DEV-00148
ACC-C-011795-M2_LAYERING,ACC-C-011795-M2A_RUNWAY,DEV-00148
ACC-C-011795-M2A_RUNWAY,ACC-C-015010-M1_CASHOUT,DEV-00148
ACC-C-015010-M1_CASHOUT,ACC-C-015010-M2A_RUNWAY,DEV-00148
ACC-C-000676-M1_CASHOUT,ACC-C-000676-M2_LAYERING,DEV-00299
ACC-C-000676-M2_LAYERING,ACC-C-000676-M2A_RUNWAY,DEV-00299
ACC-C-000676-M2A_RUNWAY,ACC-C-004115-M1_CASHOUT,DEV-00299
ACC-C-004115-M1_CASHOUT,ACC-C-004115-M2A_RUNWAY,DEV-00299
ACC-C-004115-M2A_RUNWAY,ACC-C-004189-M1_CASHOUT,DEV-00299
ACC-C-004189-M1_CASHOUT,ACC-C-004189-M2A_RUNWAY,DEV-00299
ACC-C-004189-M2A_RUNWAY,ACC-C-007128-M1_GATEWAY,DEV-00299
ACC-C-007128-M1_GATEWAY,ACC-C-007130-M1_CASHOUT,DEV-00299
ACC-C-007130-M1_CASHOUT,ACC-C-007130-M2_LAYERING,DEV-00299
ACC-C-007130-M2_LAYERING,ACC-C-007130-M2A_RUNWAY,DEV-00299
ACC-C-007130-M2A_RUNWAY,ACC-C-007977-M1_GATEWAY,DEV-00299
ACC-C-007977-M1_GATEWAY,ACC-C-010490-M1_CASHOUT,DEV-00299
ACC-C-010490-M1_CASHOUT,ACC-C-010490-M2_LAYERING,DEV-00299
ACC-C-010490-M2_LAYERING,ACC-C-010490-M2A_RUNWAY,DEV-00299
ACC-C-000684-M1_CASHOUT,ACC-C-000684-M2_LAYERING,DEV-00066
ACC-C-000684-M2_LAYERING,ACC-C-000684-M2A_RUNWAY,DEV-00066
ACC-C-000684-M2A_RUNWAY,ACC-C-001311-M1_GATEWAY,DEV-00066
ACC-C-001311-M1_GATEWAY,ACC-C-005658-M1_CASHOUT,DEV-00066
ACC-C-005658-M1_CASHOUT,ACC-C-005658-M2A_RUNWAY,DEV-00066
ACC-C-005658-M2A_RUNWAY,ACC-C-007409-M1_GATEWAY,DEV-00066
ACC-C-007409-M1_GATEWAY,ACC-C-009105-M1_CASHOUT,DEV-00066
ACC-C-009105-M1_CASHOUT,ACC-C-009105-M2_LAYERING,DEV-00066
ACC-C-009105-M2_LAYERING,ACC-C-009105-M2A_RUNWAY,DEV-00066
ACC-C-009105-M2A_RUNWAY,ACC-C-014419-M1_CASHOUT,DEV-00066
ACC-C-014419-M1_CASHOUT,ACC-C-014419-M2A_RUNWAY,DEV-00066
ACC-C-014419-M2A_RUNWAY,ACC-C-015797-M1_CASHOUT,DEV-00066
ACC-C-015797-M1_CASHOUT,ACC-C-015797-M2A_RUNWAY,DEV-00066
ACC-C-015797-M2A_RUNWAY,ACC-C-016296-M1_CASHOUT,DEV-00066
ACC-C-016296-M1_CASHOUT,ACC-C-016296-M2_LAYERING,DEV-00066
ACC-C-016296-M2_LAYERING,ACC-C-016296-M2A_RUNWAY,DEV-00066
ACC-C-016296-M2A_RUNWAY,ACC-C-017492-M1_GATEWAY,DEV-00066
ACC-C-000685-M1_CASHOUT,ACC-C-000685-M2_LAYERING,DEV-00155
ACC-C-000685-M2_LAYERING,ACC-C-000685-M2A_RUNWAY,DEV-00155
ACC-C-000685-M2A_RUNWAY,ACC-C-006554-M1_CASHOUT,DEV-00155
ACC-C-006554-M1_CASHOUT,ACC-C-006554-M2A_RUNWAY,DEV-00155
ACC-C-006554-M2A_RUNWAY,ACC-C-008039-M1_CASHOUT,DEV-00155
ACC-C-008039-M1_CASHOUT,ACC-C-008039-M2A_RUNWAY,DEV-00155
ACC-C-008039-M2A_RUNWAY,ACC-C-010519-M1_GATEWAY,DEV-00155
ACC-C-010519-M1_GATEWAY,ACC-C-015022-M1_CASHOUT,DEV-00155
ACC-C-015022-M1_CASHOUT,ACC-C-015022-M2_LAYERING,DEV-00155
ACC-C-015022-M2_LAYERING,ACC-C-015022-M2A_RUNWAY,DEV-00155
ACC-C-000688-M1_GATEWAY,ACC-C-002723-M1_CASHOUT,DEV-00397
ACC-C-002723-M1_CASHOUT,ACC-C-002723-M2A_RUNWAY,DEV-00397
ACC-C-002723-M2A_RUNWAY,ACC-C-005298-M1_GATEWAY,DEV-00397
ACC-C-005298-M1_GATEWAY,ACC-C-011007-M1_GATEWAY,DEV-00397
ACC-C-011007-M1_GATEWAY,ACC-C-014880-M1_CASHOUT,DEV-00397
ACC-C-014880-M1_CASHOUT,ACC-C-014880-M2A_RUNWAY,DEV-00397
ACC-C-014880-M2A_RUNWAY,ACC-C-015870-M1_GATEWAY,DEV-00397
ACC-C-015870-M1_GATEWAY,ACC-C-016955-M1_CASHOUT,DEV-00397
ACC-C-016955-M1_CASHOUT,ACC-C-016955-M2A_RUNWAY,DEV-00397
ACC-C-016955-M2A_RUNWAY,ACC-C-017919-M1_CASHOUT,DEV-00397
ACC-C-017919-M1_CASHOUT,ACC-C-017919-M2_LAYERING,DEV-00397
ACC-C-017919-M2_LAYERING,ACC-C-017919-M2A_RUNWAY,DEV-00397
ACC-C-000703-M1_GATEWAY,ACC-C-009421-M1_CASHOUT,DEV-00117
ACC-C-009421-M1_CASHOUT,ACC-C-009421-M2_LAYERING,DEV-00117
ACC-C-009421-M2_LAYERING,ACC-C-009421-M2A_RUNWAY,DEV-00117
ACC-C-009421-M2A_RUNWAY,ACC-C-011999-M1_GATEWAY,DEV-00117
ACC-C-011999-M1_GATEWAY,ACC-C-015972-M1_GATEWAY,DEV-00117
ACC-C-000704-M1_CASHOUT,ACC-C-000704-M2A_RUNWAY,DEV-00357
ACC-C-000704-M2A_RUNWAY,ACC-C-002526-M1_CASHOUT,DEV-00357
ACC-C-002526-M1_CASHOUT,ACC-C-002526-M2A_RUNWAY,DEV-00357
ACC-C-002526-M2A_RUNWAY,ACC-C-004486-M1_GATEWAY,DEV-00357
ACC-C-004486-M1_GATEWAY,ACC-C-007667-M1_GATEWAY,DEV-00357
ACC-C-007667-M1_GATEWAY,ACC-C-008443-M1_GATEWAY,DEV-00357
ACC-C-008443-M1_GATEWAY,ACC-C-009461-M1_GATEWAY,DEV-00357
ACC-C-009461-M1_GATEWAY,ACC-C-014013-M1_CASHOUT,DEV-00357
ACC-C-014013-M1_CASHOUT,ACC-C-014013-M2A_RUNWAY,DEV-00357
ACC-C-014013-M2A_RUNWAY,ACC-C-014260-M1_CASHOUT,DEV-00357
ACC-C-014260-M1_CASHOUT,ACC-C-014260-M2_LAYERING,DEV-00357
ACC-C-014260-M2_LAYERING,ACC-C-014260-M2A_RUNWAY,DEV-00357
ACC-C-014260-M2A_RUNWAY,ACC-C-014409-M1_GATEWAY,DEV-00357
ACC-C-014409-M1_GATEWAY,ACC-C-017242-M1_GATEWAY,DEV-00357
ACC-C-017242-M1_GATEWAY,ACC-C-017349-M1_CASHOUT,DEV-00357
ACC-C-017349-M1_CASHOUT,ACC-C-017349-M2A_RUNWAY,DEV-00357
ACC-C-000707-M1_CASHOUT,ACC-C-000707-M2_LAYERING,DEV-00118
ACC-C-000707-M2_LAYERING,ACC-C-000707-M2A_RUNWAY,DEV-00118
ACC-C-000707-M2A_RUNWAY,ACC-C-002770-M1_CASHOUT,DEV-00118
ACC-C-002770-M1_CASHOUT,ACC-C-002770-M2_LAYERING,DEV-00118
ACC-C-002770-M2_LAYERING,ACC-C-002770-M2A_RUNWAY,DEV-00118
ACC-C-002770-M2A_RUNWAY,ACC-C-008832-M1_CASHOUT,DEV-00118
ACC-C-008832-M1_CASHOUT,ACC-C-008832-M2_LAYERING,DEV-00118
ACC-C-008832-M2_LAYERING,ACC-C-008832-M2A_RUNWAY,DEV-00118
ACC-C-008832-M2A_RUNWAY,ACC-C-008852-M1_CASHOUT,DEV-00118
ACC-C-008852-M1_CASHOUT,ACC-C-008852-M2A_RUNWAY,DEV-00118
ACC-C-008852-M2A_RUNWAY,ACC-C-010794-M1_GATEWAY,DEV-00118
ACC-C-010794-M1_GATEWAY,ACC-C-012117-M1_CASHOUT,DEV-00118
ACC-C-012117-M1_CASHOUT,ACC-C-012117-M2A_RUNWAY,DEV-00118
ACC-C-012117-M2A_RUNWAY,ACC-C-012909-M1_CASHOUT,DEV-00118
ACC-C-012909-M1_CASHOUT,ACC-C-012909-M2_LAYERING,DEV-00118
ACC-C-012909-M2_LAYERING,ACC-C-012909-M2A_RUNWAY,DEV-00118
ACC-C-000728-M1_CASHOUT,ACC-C-000728-M2_LAYERING,DEV-00134
ACC-C-000728-M2_LAYERING,ACC-C-000728-M2A_RUNWAY,DEV-00134
ACC-C-000728-M2A_RUNWAY,ACC-C-003877-M1_GATEWAY,DEV-00134
ACC-C-003877-M1_GATEWAY,ACC-C-010626-M1_GATEWAY,DEV-00134
ACC-C-000742-M1_CASHOUT,ACC-C-000742-M2_LAYERING,DEV-00227
ACC-C-000742-M2_LAYERING,ACC-C-000742-M2A_RUNWAY,DEV-00227
ACC-C-000742-M2A_RUNWAY,ACC-C-003591-M1_GATEWAY,DEV-00227
ACC-C-003591-M1_GATEWAY,ACC-C-007283-M1_CASHOUT,DEV-00227
ACC-C-007283-M1_CASHOUT,ACC-C-007283-M2_LAYERING,DEV-00227
ACC-C-007283-M2_LAYERING,ACC-C-007283-M2A_RUNWAY,DEV-00227
ACC-C-007283-M2A_RUNWAY,ACC-C-009770-M1_GATEWAY,DEV-00227
ACC-C-009770-M1_GATEWAY,ACC-C-013639-M1_GATEWAY,DEV-00227
ACC-C-013639-M1_GATEWAY,ACC-C-015869-M1_CASHOUT,DEV-00227
ACC-C-015869-M1_CASHOUT,ACC-C-015869-M2A_RUNWAY,DEV-00227
ACC-C-000745-M1_CASHOUT,ACC-C-000745-M2_LAYERING,DEV-00044
ACC-C-000745-M2_LAYERING,ACC-C-000745-M2A_RUNWAY,DEV-00044
ACC-C-000745-M2A_RUNWAY,ACC-C-006813-M1_CASHOUT,DEV-00044
ACC-C-006813-M1_CASHOUT,ACC-C-006813-M2_LAYERING,DEV-00044
ACC-C-006813-M2_LAYERING,ACC-C-006813-M2A_RUNWAY,DEV-00044
ACC-C-006813-M2A_RUNWAY,ACC-C-007412-M1_CASHOUT,DEV-00044
ACC-C-007412-M1_CASHOUT,ACC-C-007412-M2A_RUNWAY,DEV-00044
ACC-C-007412-M2A_RUNWAY,ACC-C-010990-M1_CASHOUT,DEV-00044
ACC-C-010990-M1_CASHOUT,ACC-C-010990-M2_LAYERING,DEV-00044
ACC-C-010990-M2_LAYERING,ACC-C-010990-M2A_RUNWAY,DEV-00044
ACC-C-010990-M2A_RUNWAY,ACC-C-013642-M1_CASHOUT,DEV-00044
ACC-C-013642-M1_CASHOUT,ACC-C-013642-M2_LAYERING,DEV-00044
ACC-C-013642-M2_LAYERING,ACC-C-013642-M2A_RUNWAY,DEV-00044
ACC-C-013642-M2A_RUNWAY,ACC-C-016637-M1_GATEWAY,DEV-00044
ACC-C-016637-M1_GATEWAY,ACC-C-016697-M1_GATEWAY,DEV-00044
ACC-C-016697-M1_GATEWAY,ACC-C-017837-M1_GATEWAY,DEV-00044
ACC-C-000747-M1_GATEWAY,ACC-C-000839-M1_GATEWAY,DEV-00153
ACC-C-000839-M1_GATEWAY,ACC-C-016068-M1_GATEWAY,DEV-00153
ACC-C-016068-M1_GATEWAY,ACC-C-017680-M1_GATEWAY,DEV-00153
ACC-C-000753-M1_CASHOUT,ACC-C-000753-M2_LAYERING,DEV-00178
ACC-C-000753-M2_LAYERING,ACC-C-000753-M2A_RUNWAY,DEV-00178
ACC-C-000753-M2A_RUNWAY,ACC-C-002356-M1_CASHOUT,DEV-00178
ACC-C-002356-M1_CASHOUT,ACC-C-002356-M2A_RUNWAY,DEV-00178
ACC-C-002356-M2A_RUNWAY,ACC-C-002933-M1_CASHOUT,DEV-00178
ACC-C-002933-M1_CASHOUT,ACC-C-002933-M2A_RUNWAY,DEV-00178
ACC-C-002933-M2A_RUNWAY,ACC-C-015057-M1_CASHOUT,DEV-00178
ACC-C-015057-M1_CASHOUT,ACC-C-015057-M2A_RUNWAY,DEV-00178
ACC-C-015057-M2A_RUNWAY,ACC-C-017081-M1_CASHOUT,DEV-00178
ACC-C-017081-M1_CASHOUT,ACC-C-017081-M2_LAYERING,DEV-00178
ACC-C-017081-M2_LAYERING,ACC-C-017081-M2A_RUNWAY,DEV-00178
ACC-C-000769-M1_CASHOUT,ACC-C-000769-M2A_RUNWAY,DEV-00143
ACC-C-000769-M2A_RUNWAY,ACC-C-001621-M1_CASHOUT,DEV-00143
ACC-C-001621-M1_CASHOUT,ACC-C-001621-M2A_RUNWAY,DEV-00143
ACC-C-001621-M2A_RUNWAY,ACC-C-008153-M1_CASHOUT,DEV-00143
ACC-C-008153-M1_CASHOUT,ACC-C-008153-M2A_RUNWAY,DEV-00143
ACC-C-008153-M2A_RUNWAY,ACC-C-008798-M1_CASHOUT,DEV-00143
ACC-C-008798-M1_CASHOUT,ACC-C-008798-M2_LAYERING,DEV-00143
ACC-C-008798-M2_LAYERING,ACC-C-008798-M2A_RUNWAY,DEV-00143
ACC-C-008798-M2A_RUNWAY,ACC-C-009048-M1_CASHOUT,DEV-00143
ACC-C-009048-M1_CASHOUT,ACC-C-009048-M2A_RUNWAY,DEV-00143
ACC-C-009048-M2A_RUNWAY,ACC-C-011284-M1_GATEWAY,DEV-00143
ACC-C-011284-M1_GATEWAY,ACC-C-012165-M1_GATEWAY,DEV-00143
ACC-C-012165-M1_GATEWAY,ACC-C-013149-M1_CASHOUT,DEV-00143
ACC-C-013149-M1_CASHOUT,ACC-C-013149-M2_LAYERING,DEV-00143
ACC-C-013149-M2_LAYERING,ACC-C-013149-M2A_RUNWAY,DEV-00143
ACC-C-013149-M2A_RUNWAY,ACC-C-015621-M1_GATEWAY,DEV-00143
ACC-C-000771-M1_CASHOUT,ACC-C-000771-M2_LAYERING,DEV-00176
ACC-C-000771-M2_LAYERING,ACC-C-000771-M2A_RUNWAY,DEV-00176
ACC-C-000771-M2A_RUNWAY,ACC-C-002517-M1_GATEWAY,DEV-00176
ACC-C-002517-M1_GATEWAY,ACC-C-003100-M1_CASHOUT,DEV-00176
ACC-C-003100-M1_CASHOUT,ACC-C-003100-M2A_RUNWAY,DEV-00176
ACC-C-003100-M2A_RUNWAY,ACC-C-004088-M1_CASHOUT,DEV-00176
ACC-C-004088-M1_CASHOUT,ACC-C-004088-M2A_RUNWAY,DEV-00176
ACC-C-004088-M2A_RUNWAY,ACC-C-006537-M1_CASHOUT,DEV-00176
ACC-C-006537-M1_CASHOUT,ACC-C-006537-M2_LAYERING,DEV-00176
ACC-C-006537-M2_LAYERING,ACC-C-006537-M2A_RUNWAY,DEV-00176
ACC-C-006537-M2A_RUNWAY,ACC-C-007235-M1_GATEWAY,DEV-00176
ACC-C-007235-M1_GATEWAY,ACC-C-010349-M1_GATEWAY,DEV-00176
ACC-C-010349-M1_GATEWAY,ACC-C-011373-M1_CASHOUT,DEV-00176
ACC-C-011373-M1_CASHOUT,ACC-C-011373-M2_LAYERING,DEV-00176
ACC-C-011373-M2_LAYERING,ACC-C-011373-M2A_RUNWAY,DEV-00176
ACC-C-011373-M2A_RUNWAY,ACC-C-016980-M1_GATEWAY,DEV-00176
ACC-C-000796-M1_GATEWAY,ACC-C-005477-M1_CASHOUT,DEV-00125
ACC-C-005477-M1_CASHOUT,ACC-C-005477-M2A_RUNWAY,DEV-00125
ACC-C-005477-M2A_RUNWAY,ACC-C-006609-M1_GATEWAY,DEV-00125
ACC-C-006609-M1_GATEWAY,ACC-C-008302-M1_GATEWAY,DEV-00125
ACC-C-008302-M1_GATEWAY,ACC-C-014393-M1_CASHOUT,DEV-00125
ACC-C-014393-M1_CASHOUT,ACC-C-014393-M2A_RUNWAY,DEV-00125
ACC-C-014393-M2A_RUNWAY,ACC-C-015666-M1_CASHOUT,DEV-00125
ACC-C-015666-M1_CASHOUT,ACC-C-015666-M2A_RUNWAY,DEV-00125
ACC-C-000798-M1_CASHOUT,ACC-C-000798-M2_LAYERING,DEV-00279
ACC-C-000798-M2_LAYERING,ACC-C-000798-M2A_RUNWAY,DEV-00279
ACC-C-000798-M2A_RUNWAY,ACC-C-001139-M1_GATEWAY,DEV-00279
ACC-C-001139-M1_GATEWAY,ACC-C-001280-M1_CASHOUT,DEV-00279
ACC-C-001280-M1_CASHOUT,ACC-C-001280-M2A_RUNWAY,DEV-00279
ACC-C-001280-M2A_RUNWAY,ACC-C-002266-M1_CASHOUT,DEV-00279
ACC-C-002266-M1_CASHOUT,ACC-C-002266-M2A_RUNWAY,DEV-00279
ACC-C-002266-M2A_RUNWAY,ACC-C-011068-M1_GATEWAY,DEV-00279
ACC-C-011068-M1_GATEWAY,ACC-C-016992-M1_GATEWAY,DEV-00279
ACC-C-000816-M1_CASHOUT,ACC-C-000816-M2A_RUNWAY,DEV-00352
ACC-C-000816-M2A_RUNWAY,ACC-C-000859-M1_GATEWAY,DEV-00352
ACC-C-000859-M1_GATEWAY,ACC-C-003035-M1_GATEWAY,DEV-00352
ACC-C-003035-M1_GATEWAY,ACC-C-004083-M1_CASHOUT,DEV-00352
ACC-C-004083-M1_CASHOUT,ACC-C-004083-M2A_RUNWAY,DEV-00352
ACC-C-004083-M2A_RUNWAY,ACC-C-007320-M1_CASHOUT,DEV-00352
ACC-C-007320-M1_CASHOUT,ACC-C-007320-M2_LAYERING,DEV-00352
ACC-C-007320-M2_LAYERING,ACC-C-007320-M2A_RUNWAY,DEV-00352
ACC-C-007320-M2A_RUNWAY,ACC-C-008164-M1_CASHOUT,DEV-00352
ACC-C-008164-M1_CASHOUT,ACC-C-008164-M2A_RUNWAY,DEV-00352
ACC-C-000832-M1_GATEWAY,ACC-C-002717-M1_GATEWAY,DEV-00109
ACC-C-002717-M1_GATEWAY,ACC-C-003700-M1_CASHOUT,DEV-00109
ACC-C-003700-M1_CASHOUT,ACC-C-003700-M2_LAYERING,DEV-00109
ACC-C-003700-M2_LAYERING,ACC-C-003700-M2A_RUNWAY,DEV-00109
ACC-C-003700-M2A_RUNWAY,ACC-C-004164-M1_GATEWAY,DEV-00109
ACC-C-004164-M1_GATEWAY,ACC-C-004562-M1_CASHOUT,DEV-00109
ACC-C-004562-M1_CASHOUT,ACC-C-004562-M2_LAYERING,DEV-00109
ACC-C-004562-M2_LAYERING,ACC-C-004562-M2A_RUNWAY,DEV-00109
ACC-C-004562-M2A_RUNWAY,ACC-C-005618-M1_GATEWAY,DEV-00109
ACC-C-005618-M1_GATEWAY,ACC-C-005941-M1_CASHOUT,DEV-00109
ACC-C-005941-M1_CASHOUT,ACC-C-005941-M2_LAYERING,DEV-00109
ACC-C-005941-M2_LAYERING,ACC-C-005941-M2A_RUNWAY,DEV-00109
ACC-C-005941-M2A_RUNWAY,ACC-C-013081-M1_CASHOUT,DEV-00109
ACC-C-013081-M1_CASHOUT,ACC-C-013081-M2_LAYERING,DEV-00109
ACC-C-013081-M2_LAYERING,ACC-C-013081-M2A_RUNWAY,DEV-00109
ACC-C-013081-M2A_RUNWAY,ACC-C-014585-M1_GATEWAY,DEV-00109
ACC-C-014585-M1_GATEWAY,ACC-C-016281-M1_CASHOUT,DEV-00109
ACC-C-016281-M1_CASHOUT,ACC-C-016281-M2_LAYERING,DEV-00109
ACC-C-016281-M2_LAYERING,ACC-C-016281-M2A_RUNWAY,DEV-00109
ACC-C-016281-M2A_RUNWAY,ACC-C-017196-M1_CASHOUT,DEV-00109
ACC-C-017196-M1_CASHOUT,ACC-C-017196-M2_LAYERING,DEV-00109
ACC-C-017196-M2_LAYERING,ACC-C-017196-M2A_RUNWAY,DEV-00109
ACC-C-000848-M1_CASHOUT,ACC-C-000848-M2A_RUNWAY,DEV-00302
ACC-C-000848-M2A_RUNWAY,ACC-C-009844-M1_GATEWAY,DEV-00302
ACC-C-009844-M1_GATEWAY,ACC-C-010034-M1_GATEWAY,DEV-00302
ACC-C-010034-M1_GATEWAY,ACC-C-013704-M1_CASHOUT,DEV-00302
ACC-C-013704-M1_CASHOUT,ACC-C-013704-M2_LAYERING,DEV-00302
ACC-C-013704-M2_LAYERING,ACC-C-013704-M2A_RUNWAY,DEV-00302
ACC-C-013704-M2A_RUNWAY,ACC-C-016133-M1_CASHOUT,DEV-00302
ACC-C-016133-M1_CASHOUT,ACC-C-016133-M2A_RUNWAY,DEV-00302
ACC-C-000868-M1_CASHOUT,ACC-C-000868-M2_LAYERING,DEV-00380
ACC-C-000868-M2_LAYERING,ACC-C-000868-M2A_RUNWAY,DEV-00380
ACC-C-000868-M2A_RUNWAY,ACC-C-002026-M1_GATEWAY,DEV-00380
ACC-C-002026-M1_GATEWAY,ACC-C-002726-M1_CASHOUT,DEV-00380
ACC-C-002726-M1_CASHOUT,ACC-C-002726-M2A_RUNWAY,DEV-00380
ACC-C-002726-M2A_RUNWAY,ACC-C-004784-M1_CASHOUT,DEV-00380
ACC-C-004784-M1_CASHOUT,ACC-C-004784-M2_LAYERING,DEV-00380
ACC-C-004784-M2_LAYERING,ACC-C-004784-M2A_RUNWAY,DEV-00380
ACC-C-004784-M2A_RUNWAY,ACC-C-008797-M1_GATEWAY,DEV-00380
ACC-C-008797-M1_GATEWAY,ACC-C-011554-M1_GATEWAY,DEV-00380
ACC-C-011554-M1_GATEWAY,ACC-C-013552-M1_CASHOUT,DEV-00380
ACC-C-013552-M1_CASHOUT,ACC-C-013552-M2A_RUNWAY,DEV-00380
ACC-C-000871-M1_CASHOUT,ACC-C-000871-M2_LAYERING,DEV-00085
ACC-C-000871-M2_LAYERING,ACC-C-000871-M2A_RUNWAY,DEV-00085
ACC-C-000871-M2A_RUNWAY,ACC-C-001503-M1_GATEWAY,DEV-00085
ACC-C-001503-M1_GATEWAY,ACC-C-003684-M1_CASHOUT,DEV-00085
ACC-C-003684-M1_CASHOUT,ACC-C-003684-M2A_RUNWAY,DEV-00085
ACC-C-003684-M2A_RUNWAY,ACC-C-004810-M1_GATEWAY,DEV-00085
ACC-C-004810-M1_GATEWAY,ACC-C-008064-M1_CASHOUT,DEV-00085
ACC-C-008064-M1_CASHOUT,ACC-C-008064-M2_LAYERING,DEV-00085
ACC-C-008064-M2_LAYERING,ACC-C-008064-M2A_RUNWAY,DEV-00085
ACC-C-008064-M2A_RUNWAY,ACC-C-011816-M1_CASHOUT,DEV-00085
ACC-C-011816-M1_CASHOUT,ACC-C-011816-M2_LAYERING,DEV-00085
ACC-C-011816-M2_LAYERING,ACC-C-011816-M2A_RUNWAY,DEV-00085
ACC-C-011816-M2A_RUNWAY,ACC-C-014843-M1_GATEWAY,DEV-00085
ACC-C-014843-M1_GATEWAY,ACC-C-015084-M1_CASHOUT,DEV-00085
ACC-C-015084-M1_CASHOUT,ACC-C-015084-M2A_RUNWAY,DEV-00085
ACC-C-015084-M2A_RUNWAY,ACC-C-016090-M1_CASHOUT,DEV-00085
ACC-C-016090-M1_CASHOUT,ACC-C-016090-M2A_RUNWAY,DEV-00085
ACC-C-016090-M2A_RUNWAY,ACC-C-016744-M1_GATEWAY,DEV-00085
ACC-C-016744-M1_GATEWAY,ACC-C-017071-M1_CASHOUT,DEV-00085
ACC-C-017071-M1_CASHOUT,ACC-C-017071-M2A_RUNWAY,DEV-00085
ACC-C-000897-M1_CASHOUT,ACC-C-000897-M2_LAYERING,DEV-00240
ACC-C-000897-M2_LAYERING,ACC-C-000897-M2A_RUNWAY,DEV-00240
ACC-C-000897-M2A_RUNWAY,ACC-C-001831-M1_GATEWAY,DEV-00240
ACC-C-001831-M1_GATEWAY,ACC-C-003773-M1_GATEWAY,DEV-00240
ACC-C-003773-M1_GATEWAY,ACC-C-005276-M1_GATEWAY,DEV-00240
ACC-C-005276-M1_GATEWAY,ACC-C-006396-M1_GATEWAY,DEV-00240
ACC-C-006396-M1_GATEWAY,ACC-C-006860-M1_CASHOUT,DEV-00240
ACC-C-006860-M1_CASHOUT,ACC-C-006860-M2_LAYERING,DEV-00240
ACC-C-006860-M2_LAYERING,ACC-C-006860-M2A_RUNWAY,DEV-00240
ACC-C-006860-M2A_RUNWAY,ACC-C-009872-M1_CASHOUT,DEV-00240
ACC-C-009872-M1_CASHOUT,ACC-C-009872-M2A_RUNWAY,DEV-00240
ACC-C-009872-M2A_RUNWAY,ACC-C-015829-M1_GATEWAY,DEV-00240
ACC-C-015829-M1_GATEWAY,ACC-C-017088-M1_CASHOUT,DEV-00240
ACC-C-017088-M1_CASHOUT,ACC-C-017088-M2A_RUNWAY,DEV-00240
ACC-C-000900-M1_CASHOUT,ACC-C-000900-M2_LAYERING,DEV-00053
ACC-C-000900-M2_LAYERING,ACC-C-000900-M2A_RUNWAY,DEV-00053
ACC-C-000900-M2A_RUNWAY,ACC-C-001665-M1_CASHOUT,DEV-00053
ACC-C-001665-M1_CASHOUT,ACC-C-001665-M2A_RUNWAY,DEV-00053
ACC-C-001665-M2A_RUNWAY,ACC-C-012023-M1_GATEWAY,DEV-00053
ACC-C-012023-M1_GATEWAY,ACC-C-013564-M1_GATEWAY,DEV-00053
ACC-C-013564-M1_GATEWAY,ACC-C-014487-M1_CASHOUT,DEV-00053
ACC-C-014487-M1_CASHOUT,ACC-C-014487-M2_LAYERING,DEV-00053
ACC-C-014487-M2_LAYERING,ACC-C-014487-M2A_RUNWAY,DEV-00053
ACC-C-014487-M2A_RUNWAY,ACC-C-017389-M1_GATEWAY,DEV-00053
ACC-C-000903-M1_GATEWAY,ACC-C-002123-M1_GATEWAY,DEV-00061
ACC-C-002123-M1_GATEWAY,ACC-C-003507-M1_CASHOUT,DEV-00061
ACC-C-003507-M1_CASHOUT,ACC-C-003507-M2_LAYERING,DEV-00061
ACC-C-003507-M2_LAYERING,ACC-C-003507-M2A_RUNWAY,DEV-00061
ACC-C-003507-M2A_RUNWAY,ACC-C-003665-M1_GATEWAY,DEV-00061
ACC-C-003665-M1_GATEWAY,ACC-C-006287-M1_CASHOUT,DEV-00061
ACC-C-006287-M1_CASHOUT,ACC-C-006287-M2_LAYERING,DEV-00061
ACC-C-006287-M2_LAYERING,ACC-C-006287-M2A_RUNWAY,DEV-00061
ACC-C-000910-M1_GATEWAY,ACC-C-001109-M1_CASHOUT,DEV-00382
ACC-C-001109-M1_CASHOUT,ACC-C-001109-M2A_RUNWAY,DEV-00382
ACC-C-001109-M2A_RUNWAY,ACC-C-001111-M1_CASHOUT,DEV-00382
ACC-C-001111-M1_CASHOUT,ACC-C-001111-M2A_RUNWAY,DEV-00382
ACC-C-001111-M2A_RUNWAY,ACC-C-001253-M1_GATEWAY,DEV-00382
ACC-C-001253-M1_GATEWAY,ACC-C-001973-M1_GATEWAY,DEV-00382
ACC-C-001973-M1_GATEWAY,ACC-C-004654-M1_GATEWAY,DEV-00382
ACC-C-004654-M1_GATEWAY,ACC-C-004857-M1_CASHOUT,DEV-00382
ACC-C-004857-M1_CASHOUT,ACC-C-004857-M2A_RUNWAY,DEV-00382
ACC-C-004857-M2A_RUNWAY,ACC-C-006488-M1_CASHOUT,DEV-00382
ACC-C-006488-M1_CASHOUT,ACC-C-006488-M2_LAYERING,DEV-00382
ACC-C-006488-M2_LAYERING,ACC-C-006488-M2A_RUNWAY,DEV-00382
ACC-C-006488-M2A_RUNWAY,ACC-C-009128-M1_CASHOUT,DEV-00382
ACC-C-009128-M1_CASHOUT,ACC-C-009128-M2A_RUNWAY,DEV-00382
ACC-C-009128-M2A_RUNWAY,ACC-C-010955-M1_GATEWAY,DEV-00382
ACC-C-010955-M1_GATEWAY,ACC-C-012631-M1_CASHOUT,DEV-00382
ACC-C-012631-M1_CASHOUT,ACC-C-012631-M2A_RUNWAY,DEV-00382
ACC-C-012631-M2A_RUNWAY,ACC-C-015567-M1_CASHOUT,DEV-00382
ACC-C-015567-M1_CASHOUT,ACC-C-015567-M2_LAYERING,DEV-00382
ACC-C-015567-M2_LAYERING,ACC-C-015567-M2A_RUNWAY,DEV-00382
ACC-C-015567-M2A_RUNWAY,ACC-C-016074-M1_CASHOUT,DEV-00382
ACC-C-016074-M1_CASHOUT,ACC-C-016074-M2A_RUNWAY,DEV-00382
ACC-C-016074-M2A_RUNWAY,ACC-C-017073-M1_GATEWAY,DEV-00382
ACC-C-017073-M1_GATEWAY,ACC-C-017467-M1_CASHOUT,DEV-00382
ACC-C-017467-M1_CASHOUT,ACC-C-017467-M2_LAYERING,DEV-00382
ACC-C-017467-M2_LAYERING,ACC-C-017467-M2A_RUNWAY,DEV-00382
ACC-C-000913-M1_GATEWAY,ACC-C-001442-M1_CASHOUT,DEV-00391
ACC-C-001442-M1_CASHOUT,ACC-C-001442-M2A_RUNWAY,DEV-00391
ACC-C-001442-M2A_RUNWAY,ACC-C-002967-M1_CASHOUT,DEV-00391
ACC-C-002967-M1_CASHOUT,ACC-C-002967-M2_LAYERING,DEV-00391
ACC-C-002967-M2_LAYERING,ACC-C-002967-M2A_RUNWAY,DEV-00391
ACC-C-002967-M2A_RUNWAY,ACC-C-006297-M1_GATEWAY,DEV-00391
ACC-C-006297-M1_GATEWAY,ACC-C-009233-M1_CASHOUT,DEV-00391
ACC-C-009233-M1_CASHOUT,ACC-C-009233-M2_LAYERING,DEV-00391
ACC-C-009233-M2_LAYERING,ACC-C-009233-M2A_RUNWAY,DEV-00391
ACC-C-009233-M2A_RUNWAY,ACC-C-010280-M1_GATEWAY,DEV-00391
ACC-C-010280-M1_GATEWAY,ACC-C-010649-M1_GATEWAY,DEV-00391
ACC-C-010649-M1_GATEWAY,ACC-C-012418-M1_GATEWAY,DEV-00391
ACC-C-012418-M1_GATEWAY,ACC-C-012614-M1_GATEWAY,DEV-00391
ACC-C-012614-M1_GATEWAY,ACC-C-014183-M1_CASHOUT,DEV-00391
ACC-C-014183-M1_CASHOUT,ACC-C-014183-M2A_RUNWAY,DEV-00391
ACC-C-014183-M2A_RUNWAY,ACC-C-015387-M1_CASHOUT,DEV-00391
ACC-C-015387-M1_CASHOUT,ACC-C-015387-M2A_RUNWAY,DEV-00391
ACC-C-000915-M1_CASHOUT,ACC-C-000915-M2A_RUNWAY,DEV-00119
ACC-C-000915-M2A_RUNWAY,ACC-C-000975-M1_CASHOUT,DEV-00119
ACC-C-000975-M1_CASHOUT,ACC-C-000975-M2_LAYERING,DEV-00119
ACC-C-000975-M2_LAYERING,ACC-C-000975-M2A_RUNWAY,DEV-00119
ACC-C-000975-M2A_RUNWAY,ACC-C-001444-M1_GATEWAY,DEV-00119
ACC-C-001444-M1_GATEWAY,ACC-C-002901-M1_CASHOUT,DEV-00119
ACC-C-002901-M1_CASHOUT,ACC-C-002901-M2A_RUNWAY,DEV-00119
ACC-C-002901-M2A_RUNWAY,ACC-C-005280-M1_GATEWAY,DEV-00119
ACC-C-005280-M1_GATEWAY,ACC-C-017997-M1_GATEWAY,DEV-00119
ACC-C-000918-M1_CASHOUT,ACC-C-000918-M2_LAYERING,DEV-00239
ACC-C-000918-M2_LAYERING,ACC-C-000918-M2A_RUNWAY,DEV-00239
ACC-C-000918-M2A_RUNWAY,ACC-C-001567-M1_CASHOUT,DEV-00239
ACC-C-001567-M1_CASHOUT,ACC-C-001567-M2_LAYERING,DEV-00239
ACC-C-001567-M2_LAYERING,ACC-C-001567-M2A_RUNWAY,DEV-00239
ACC-C-001567-M2A_RUNWAY,ACC-C-005786-M1_CASHOUT,DEV-00239
ACC-C-005786-M1_CASHOUT,ACC-C-005786-M2_LAYERING,DEV-00239
ACC-C-005786-M2_LAYERING,ACC-C-005786-M2A_RUNWAY,DEV-00239
ACC-C-005786-M2A_RUNWAY,ACC-C-007982-M1_CASHOUT,DEV-00239
ACC-C-007982-M1_CASHOUT,ACC-C-007982-M2A_RUNWAY,DEV-00239
ACC-C-007982-M2A_RUNWAY,ACC-C-009998-M1_CASHOUT,DEV-00239
ACC-C-009998-M1_CASHOUT,ACC-C-009998-M2_LAYERING,DEV-00239
ACC-C-009998-M2_LAYERING,ACC-C-009998-M2A_RUNWAY,DEV-00239
ACC-C-009998-M2A_RUNWAY,ACC-C-010537-M1_GATEWAY,DEV-00239
ACC-C-010537-M1_GATEWAY,ACC-C-016235-M1_CASHOUT,DEV-00239
ACC-C-016235-M1_CASHOUT,ACC-C-016235-M2_LAYERING,DEV-00239
ACC-C-016235-M2_LAYERING,ACC-C-016235-M2A_RUNWAY,DEV-00239
ACC-C-000928-M1_GATEWAY,ACC-C-001257-M1_CASHOUT,DEV-00059
ACC-C-001257-M1_CASHOUT,ACC-C-001257-M2_LAYERING,DEV-00059
ACC-C-001257-M2_LAYERING,ACC-C-001257-M2A_RUNWAY,DEV-00059
ACC-C-001257-M2A_RUNWAY,ACC-C-001802-M1_CASHOUT,DEV-00059
ACC-C-001802-M1_CASHOUT,ACC-C-001802-M2A_RUNWAY,DEV-00059
ACC-C-001802-M2A_RUNWAY,ACC-C-002503-M1_GATEWAY,DEV-00059
ACC-C-002503-M1_GATEWAY,ACC-C-004744-M1_CASHOUT,DEV-00059
ACC-C-004744-M1_CASHOUT,ACC-C-004744-M2A_RUNWAY,DEV-00059
ACC-C-004744-M2A_RUNWAY,ACC-C-009672-M1_CASHOUT,DEV-00059
ACC-C-009672-M1_CASHOUT,ACC-C-009672-M2_LAYERING,DEV-00059
ACC-C-009672-M2_LAYERING,ACC-C-009672-M2A_RUNWAY,DEV-00059
ACC-C-009672-M2A_RUNWAY,ACC-C-011473-M1_CASHOUT,DEV-00059
ACC-C-011473-M1_CASHOUT,ACC-C-011473-M2_LAYERING,DEV-00059
ACC-C-011473-M2_LAYERING,ACC-C-011473-M2A_RUNWAY,DEV-00059
ACC-C-011473-M2A_RUNWAY,ACC-C-011595-M1_GATEWAY,DEV-00059
ACC-C-011595-M1_GATEWAY,ACC-C-013221-M1_CASHOUT,DEV-00059
ACC-C-013221-M1_CASHOUT,ACC-C-013221-M2A_RUNWAY,DEV-00059
ACC-C-013221-M2A_RUNWAY,ACC-C-014456-M1_CASHOUT,DEV-00059
ACC-C-014456-M1_CASHOUT,ACC-C-014456-M2_LAYERING,DEV-00059
ACC-C-014456-M2_LAYERING,ACC-C-014456-M2A_RUNWAY,DEV-00059
ACC-C-014456-M2A_RUNWAY,ACC-C-014824-M1_CASHOUT,DEV-00059
ACC-C-014824-M1_CASHOUT,ACC-C-014824-M2A_RUNWAY,DEV-00059
ACC-C-014824-M2A_RUNWAY,ACC-C-016271-M1_GATEWAY,DEV-00059
ACC-C-016271-M1_GATEWAY,ACC-C-017410-M1_CASHOUT,DEV-00059
ACC-C-017410-M1_CASHOUT,ACC-C-017410-M2A_RUNWAY,DEV-00059
ACC-C-000968-M1_CASHOUT,ACC-C-000968-M2A_RUNWAY,DEV-00347
ACC-C-000968-M2A_RUNWAY,ACC-C-002484-M1_CASHOUT,DEV-00347
ACC-C-002484-M1_CASHOUT,ACC-C-002484-M2A_RUNWAY,DEV-00347
ACC-C-002484-M2A_RUNWAY,ACC-C-005804-M1_CASHOUT,DEV-00347
ACC-C-005804-M1_CASHOUT,ACC-C-005804-M2_LAYERING,DEV-00347
ACC-C-005804-M2_LAYERING,ACC-C-005804-M2A_RUNWAY,DEV-00347
ACC-C-005804-M2A_RUNWAY,ACC-C-009654-M1_CASHOUT,DEV-00347
ACC-C-009654-M1_CASHOUT,ACC-C-009654-M2A_RUNWAY,DEV-00347
ACC-C-009654-M2A_RUNWAY,ACC-C-010842-M1_CASHOUT,DEV-00347
ACC-C-010842-M1_CASHOUT,ACC-C-010842-M2_LAYERING,DEV-00347
ACC-C-010842-M2_LAYERING,ACC-C-010842-M2A_RUNWAY,DEV-00347
ACC-C-010842-M2A_RUNWAY,ACC-C-011121-M1_GATEWAY,DEV-00347
ACC-C-011121-M1_GATEWAY,ACC-C-014012-M1_GATEWAY,DEV-00347
ACC-C-014012-M1_GATEWAY,ACC-C-014218-M1_GATEWAY,DEV-00347
ACC-C-000980-M1_CASHOUT,ACC-C-000980-M2_LAYERING,DEV-00040
ACC-C-000980-M2_LAYERING,ACC-C-000980-M2A_RUNWAY,DEV-00040
ACC-C-000980-M2A_RUNWAY,ACC-C-004514-M1_GATEWAY,DEV-00040
ACC-C-004514-M1_GATEWAY,ACC-C-005548-M1_CASHOUT,DEV-00040
ACC-C-005548-M1_CASHOUT,ACC-C-005548-M2_LAYERING,DEV-00040
ACC-C-005548-M2_LAYERING,ACC-C-005548-M2A_RUNWAY,DEV-00040
ACC-C-000981-M1_GATEWAY,ACC-C-011896-M1_GATEWAY,DEV-00029
ACC-C-011896-M1_GATEWAY,ACC-C-013166-M1_GATEWAY,DEV-00029
ACC-C-013166-M1_GATEWAY,ACC-C-014368-M1_CASHOUT,DEV-00029
ACC-C-014368-M1_CASHOUT,ACC-C-014368-M2A_RUNWAY,DEV-00029
ACC-C-014368-M2A_RUNWAY,ACC-C-017188-M1_CASHOUT,DEV-00029
ACC-C-017188-M1_CASHOUT,ACC-C-017188-M2_LAYERING,DEV-00029
ACC-C-017188-M2_LAYERING,ACC-C-017188-M2A_RUNWAY,DEV-00029
ACC-C-001012-M1_CASHOUT,ACC-C-001012-M2_LAYERING,DEV-00224
ACC-C-001012-M2_LAYERING,ACC-C-001012-M2A_RUNWAY,DEV-00224
ACC-C-001012-M2A_RUNWAY,ACC-C-004212-M1_CASHOUT,DEV-00224
ACC-C-004212-M1_CASHOUT,ACC-C-004212-M2A_RUNWAY,DEV-00224
ACC-C-004212-M2A_RUNWAY,ACC-C-005738-M1_GATEWAY,DEV-00224
ACC-C-005738-M1_GATEWAY,ACC-C-008720-M1_CASHOUT,DEV-00224
ACC-C-008720-M1_CASHOUT,ACC-C-008720-M2A_RUNWAY,DEV-00224
ACC-C-008720-M2A_RUNWAY,ACC-C-010893-M1_CASHOUT,DEV-00224
ACC-C-010893-M1_CASHOUT,ACC-C-010893-M2_LAYERING,DEV-00224
ACC-C-010893-M2_LAYERING,ACC-C-010893-M2A_RUNWAY,DEV-00224
ACC-C-010893-M2A_RUNWAY,ACC-C-011220-M1_GATEWAY,DEV-00224
ACC-C-011220-M1_GATEWAY,ACC-C-013036-M1_CASHOUT,DEV-00224
ACC-C-013036-M1_CASHOUT,ACC-C-013036-M2_LAYERING,DEV-00224
ACC-C-013036-M2_LAYERING,ACC-C-013036-M2A_RUNWAY,DEV-00224
ACC-C-001014-M1_CASHOUT,ACC-C-001014-M2A_RUNWAY,DEV-00262
ACC-C-001014-M2A_RUNWAY,ACC-C-004208-M1_GATEWAY,DEV-00262
ACC-C-004208-M1_GATEWAY,ACC-C-007423-M1_CASHOUT,DEV-00262
ACC-C-007423-M1_CASHOUT,ACC-C-007423-M2_LAYERING,DEV-00262
ACC-C-007423-M2_LAYERING,ACC-C-007423-M2A_RUNWAY,DEV-00262
ACC-C-001024-M1_CASHOUT,ACC-C-001024-M2_LAYERING,DEV-00286
ACC-C-001024-M2_LAYERING,ACC-C-001024-M2A_RUNWAY,DEV-00286
ACC-C-001024-M2A_RUNWAY,ACC-C-001531-M1_GATEWAY,DEV-00286
ACC-C-001531-M1_GATEWAY,ACC-C-002948-M1_GATEWAY,DEV-00286
ACC-C-002948-M1_GATEWAY,ACC-C-005112-M1_CASHOUT,DEV-00286
ACC-C-005112-M1_CASHOUT,ACC-C-005112-M2A_RUNWAY,DEV-00286
ACC-C-005112-M2A_RUNWAY,ACC-C-005343-M1_CASHOUT,DEV-00286
ACC-C-005343-M1_CASHOUT,ACC-C-005343-M2A_RUNWAY,DEV-00286
ACC-C-005343-M2A_RUNWAY,ACC-C-008681-M1_CASHOUT,DEV-00286
ACC-C-008681-M1_CASHOUT,ACC-C-008681-M2_LAYERING,DEV-00286
ACC-C-008681-M2_LAYERING,ACC-C-008681-M2A_RUNWAY,DEV-00286
ACC-C-008681-M2A_RUNWAY,ACC-C-009903-M1_CASHOUT,DEV-00286
ACC-C-009903-M1_CASHOUT,ACC-C-009903-M2A_RUNWAY,DEV-00286
ACC-C-009903-M2A_RUNWAY,ACC-C-010001-M1_CASHOUT,DEV-00286
ACC-C-010001-M1_CASHOUT,ACC-C-010001-M2_LAYERING,DEV-00286
ACC-C-010001-M2_LAYERING,ACC-C-010001-M2A_RUNWAY,DEV-00286
ACC-C-010001-M2A_RUNWAY,ACC-C-012547-M1_CASHOUT,DEV-00286
ACC-C-012547-M1_CASHOUT,ACC-C-012547-M2A_RUNWAY,DEV-00286
ACC-C-012547-M2A_RUNWAY,ACC-C-014070-M1_GATEWAY,DEV-00286
ACC-C-014070-M1_GATEWAY,ACC-C-017520-M1_GATEWAY,DEV-00286
ACC-C-001029-M1_GATEWAY,ACC-C-006678-M1_GATEWAY,DEV-00368
ACC-C-006678-M1_GATEWAY,ACC-C-007629-M1_CASHOUT,DEV-00368
ACC-C-007629-M1_CASHOUT,ACC-C-007629-M2_LAYERING,DEV-00368
ACC-C-007629-M2_LAYERING,ACC-C-007629-M2A_RUNWAY,DEV-00368
ACC-C-007629-M2A_RUNWAY,ACC-C-008321-M1_CASHOUT,DEV-00368
ACC-C-008321-M1_CASHOUT,ACC-C-008321-M2_LAYERING,DEV-00368
ACC-C-008321-M2_LAYERING,ACC-C-008321-M2A_RUNWAY,DEV-00368
ACC-C-008321-M2A_RUNWAY,ACC-C-010024-M1_CASHOUT,DEV-00368
ACC-C-010024-M1_CASHOUT,ACC-C-010024-M2_LAYERING,DEV-00368
ACC-C-010024-M2_LAYERING,ACC-C-010024-M2A_RUNWAY,DEV-00368
ACC-C-010024-M2A_RUNWAY,ACC-C-012917-M1_GATEWAY,DEV-00368
ACC-C-012917-M1_GATEWAY,ACC-C-015944-M1_GATEWAY,DEV-00368
ACC-C-015944-M1_GATEWAY,ACC-C-016067-M1_GATEWAY,DEV-00368
ACC-C-016067-M1_GATEWAY,ACC-C-016534-M1_CASHOUT,DEV-00368
ACC-C-016534-M1_CASHOUT,ACC-C-016534-M2_LAYERING,DEV-00368
ACC-C-016534-M2_LAYERING,ACC-C-016534-M2A_RUNWAY,DEV-00368
ACC-C-016534-M2A_RUNWAY,ACC-C-017740-M1_GATEWAY,DEV-00368
ACC-C-001030-M1_CASHOUT,ACC-C-001030-M2_LAYERING,DEV-00139
ACC-C-001030-M2_LAYERING,ACC-C-001030-M2A_RUNWAY,DEV-00139
ACC-C-001030-M2A_RUNWAY,ACC-C-005588-M1_CASHOUT,DEV-00139
ACC-C-005588-M1_CASHOUT,ACC-C-005588-M2_LAYERING,DEV-00139
ACC-C-005588-M2_LAYERING,ACC-C-005588-M2A_RUNWAY,DEV-00139
ACC-C-005588-M2A_RUNWAY,ACC-C-008034-M1_GATEWAY,DEV-00139
ACC-C-008034-M1_GATEWAY,ACC-C-009393-M1_GATEWAY,DEV-00139
ACC-C-009393-M1_GATEWAY,ACC-C-011942-M1_CASHOUT,DEV-00139
ACC-C-011942-M1_CASHOUT,ACC-C-011942-M2A_RUNWAY,DEV-00139
ACC-C-011942-M2A_RUNWAY,ACC-C-012860-M1_CASHOUT,DEV-00139
ACC-C-012860-M1_CASHOUT,ACC-C-012860-M2A_RUNWAY,DEV-00139
ACC-C-012860-M2A_RUNWAY,ACC-C-017783-M1_GATEWAY,DEV-00139
ACC-C-001034-M1_GATEWAY,ACC-C-002080-M1_GATEWAY,DEV-00141
ACC-C-002080-M1_GATEWAY,ACC-C-010086-M1_CASHOUT,DEV-00141
ACC-C-010086-M1_CASHOUT,ACC-C-010086-M2_LAYERING,DEV-00141
ACC-C-010086-M2_LAYERING,ACC-C-010086-M2A_RUNWAY,DEV-00141
ACC-C-010086-M2A_RUNWAY,ACC-C-011084-M1_CASHOUT,DEV-00141
ACC-C-011084-M1_CASHOUT,ACC-C-011084-M2_LAYERING,DEV-00141
ACC-C-011084-M2_LAYERING,ACC-C-011084-M2A_RUNWAY,DEV-00141
ACC-C-011084-M2A_RUNWAY,ACC-C-012717-M1_CASHOUT,DEV-00141
ACC-C-012717-M1_CASHOUT,ACC-C-012717-M2A_RUNWAY,DEV-00141
ACC-C-012717-M2A_RUNWAY,ACC-C-014510-M1_CASHOUT,DEV-00141
ACC-C-014510-M1_CASHOUT,ACC-C-014510-M2A_RUNWAY,DEV-00141
ACC-C-014510-M2A_RUNWAY,ACC-C-014891-M1_CASHOUT,DEV-00141
ACC-C-014891-M1_CASHOUT,ACC-C-014891-M2_LAYERING,DEV-00141
ACC-C-014891-M2_LAYERING,ACC-C-014891-M2A_RUNWAY,DEV-00141
ACC-C-014891-M2A_RUNWAY,ACC-C-015212-M1_CASHOUT,DEV-00141
ACC-C-015212-M1_CASHOUT,ACC-C-015212-M2_LAYERING,DEV-00141
ACC-C-015212-M2_LAYERING,ACC-C-015212-M2A_RUNWAY,DEV-00141
ACC-C-001036-M1_CASHOUT,ACC-C-001036-M2_LAYERING,DEV-00159
ACC-C-001036-M2_LAYERING,ACC-C-001036-M2A_RUNWAY,DEV-00159
ACC-C-001036-M2A_RUNWAY,ACC-C-001370-M1_CASHOUT,DEV-00159
ACC-C-001370-M1_CASHOUT,ACC-C-001370-M2A_RUNWAY,DEV-00159
ACC-C-001370-M2A_RUNWAY,ACC-C-001644-M1_CASHOUT,DEV-00159
ACC-C-001644-M1_CASHOUT,ACC-C-001644-M2_LAYERING,DEV-00159
ACC-C-001644-M2_LAYERING,ACC-C-001644-M2A_RUNWAY,DEV-00159
ACC-C-001644-M2A_RUNWAY,ACC-C-001721-M1_CASHOUT,DEV-00159
ACC-C-001721-M1_CASHOUT,ACC-C-001721-M2_LAYERING,DEV-00159
ACC-C-001721-M2_LAYERING,ACC-C-001721-M2A_RUNWAY,DEV-00159
ACC-C-001721-M2A_RUNWAY,ACC-C-003904-M1_GATEWAY,DEV-00159
ACC-C-003904-M1_GATEWAY,ACC-C-008886-M1_CASHOUT,DEV-00159
ACC-C-008886-M1_CASHOUT,ACC-C-008886-M2_LAYERING,DEV-00159
ACC-C-008886-M2_LAYERING,ACC-C-008886-M2A_RUNWAY,DEV-00159
ACC-C-008886-M2A_RUNWAY,ACC-C-010065-M1_CASHOUT,DEV-00159
ACC-C-010065-M1_CASHOUT,ACC-C-010065-M2_LAYERING,DEV-00159
ACC-C-010065-M2_LAYERING,ACC-C-010065-M2A_RUNWAY,DEV-00159
ACC-C-010065-M2A_RUNWAY,ACC-C-012451-M1_CASHOUT,DEV-00159
ACC-C-012451-M1_CASHOUT,ACC-C-012451-M2_LAYERING,DEV-00159
ACC-C-012451-M2_LAYERING,ACC-C-012451-M2A_RUNWAY,DEV-00159
ACC-C-012451-M2A_RUNWAY,ACC-C-012543-M1_GATEWAY,DEV-00159
ACC-C-012543-M1_GATEWAY,ACC-C-014545-M1_CASHOUT,DEV-00159
ACC-C-014545-M1_CASHOUT,ACC-C-014545-M2A_RUNWAY,DEV-00159
ACC-C-014545-M2A_RUNWAY,ACC-C-014975-M1_CASHOUT,DEV-00159
ACC-C-014975-M1_CASHOUT,ACC-C-014975-M2A_RUNWAY,DEV-00159
ACC-C-014975-M2A_RUNWAY,ACC-C-017544-M1_CASHOUT,DEV-00159
ACC-C-017544-M1_CASHOUT,ACC-C-017544-M2A_RUNWAY,DEV-00159
ACC-C-017544-M2A_RUNWAY,ACC-C-017614-M1_GATEWAY,DEV-00159
ACC-C-001079-M1_GATEWAY,ACC-C-001140-M1_GATEWAY,DEV-00005
ACC-C-001140-M1_GATEWAY,ACC-C-003380-M1_GATEWAY,DEV-00005
ACC-C-003380-M1_GATEWAY,ACC-C-004256-M1_CASHOUT,DEV-00005
ACC-C-004256-M1_CASHOUT,ACC-C-004256-M2_LAYERING,DEV-00005
ACC-C-004256-M2_LAYERING,ACC-C-004256-M2A_RUNWAY,DEV-00005
ACC-C-004256-M2A_RUNWAY,ACC-C-009743-M1_CASHOUT,DEV-00005
ACC-C-009743-M1_CASHOUT,ACC-C-009743-M2A_RUNWAY,DEV-00005
ACC-C-001087-M1_GATEWAY,ACC-C-002664-M1_GATEWAY,DEV-00379
ACC-C-002664-M1_GATEWAY,ACC-C-005330-M1_CASHOUT,DEV-00379
ACC-C-005330-M1_CASHOUT,ACC-C-005330-M2A_RUNWAY,DEV-00379
ACC-C-005330-M2A_RUNWAY,ACC-C-005931-M1_CASHOUT,DEV-00379
ACC-C-005931-M1_CASHOUT,ACC-C-005931-M2_LAYERING,DEV-00379
ACC-C-005931-M2_LAYERING,ACC-C-005931-M2A_RUNWAY,DEV-00379
ACC-C-005931-M2A_RUNWAY,ACC-C-006520-M1_GATEWAY,DEV-00379
ACC-C-006520-M1_GATEWAY,ACC-C-007045-M1_CASHOUT,DEV-00379
ACC-C-007045-M1_CASHOUT,ACC-C-007045-M2_LAYERING,DEV-00379
ACC-C-007045-M2_LAYERING,ACC-C-007045-M2A_RUNWAY,DEV-00379
ACC-C-001095-M1_GATEWAY,ACC-C-016137-M1_CASHOUT,DEV-00022
ACC-C-016137-M1_CASHOUT,ACC-C-016137-M2_LAYERING,DEV-00022
ACC-C-016137-M2_LAYERING,ACC-C-016137-M2A_RUNWAY,DEV-00022
ACC-C-001098-M1_CASHOUT,ACC-C-001098-M2_LAYERING,DEV-00369
ACC-C-001098-M2_LAYERING,ACC-C-001098-M2A_RUNWAY,DEV-00369
ACC-C-001098-M2A_RUNWAY,ACC-C-003270-M1_GATEWAY,DEV-00369
ACC-C-003270-M1_GATEWAY,ACC-C-006035-M1_CASHOUT,DEV-00369
ACC-C-006035-M1_CASHOUT,ACC-C-006035-M2A_RUNWAY,DEV-00369
ACC-C-006035-M2A_RUNWAY,ACC-C-011246-M1_GATEWAY,DEV-00369
ACC-C-011246-M1_GATEWAY,ACC-C-012864-M1_CASHOUT,DEV-00369
ACC-C-012864-M1_CASHOUT,ACC-C-012864-M2A_RUNWAY,DEV-00369
ACC-C-012864-M2A_RUNWAY,ACC-C-014209-M1_CASHOUT,DEV-00369
ACC-C-014209-M1_CASHOUT,ACC-C-014209-M2A_RUNWAY,DEV-00369
ACC-C-014209-M2A_RUNWAY,ACC-C-015072-M1_CASHOUT,DEV-00369
ACC-C-015072-M1_CASHOUT,ACC-C-015072-M2A_RUNWAY,DEV-00369
ACC-C-015072-M2A_RUNWAY,ACC-C-015431-M1_CASHOUT,DEV-00369
ACC-C-015431-M1_CASHOUT,ACC-C-015431-M2A_RUNWAY,DEV-00369
ACC-C-015431-M2A_RUNWAY,ACC-C-016663-M1_CASHOUT,DEV-00369
ACC-C-016663-M1_CASHOUT,ACC-C-016663-M2A_RUNWAY,DEV-00369
ACC-C-001099-M1_GATEWAY,ACC-C-002623-M1_GATEWAY,DEV-00366
ACC-C-002623-M1_GATEWAY,ACC-C-007375-M1_CASHOUT,DEV-00366
ACC-C-007375-M1_CASHOUT,ACC-C-007375-M2_LAYERING,DEV-00366
ACC-C-007375-M2_LAYERING,ACC-C-007375-M2A_RUNWAY,DEV-00366
ACC-C-007375-M2A_RUNWAY,ACC-C-011969-M1_CASHOUT,DEV-00366
ACC-C-011969-M1_CASHOUT,ACC-C-011969-M2A_RUNWAY,DEV-00366
ACC-C-011969-M2A_RUNWAY,ACC-C-012966-M1_GATEWAY,DEV-00366
ACC-C-012966-M1_GATEWAY,ACC-C-015147-M1_CASHOUT,DEV-00366
ACC-C-015147-M1_CASHOUT,ACC-C-015147-M2_LAYERING,DEV-00366
ACC-C-015147-M2_LAYERING,ACC-C-015147-M2A_RUNWAY,DEV-00366
ACC-C-015147-M2A_RUNWAY,ACC-C-015558-M1_CASHOUT,DEV-00366
ACC-C-015558-M1_CASHOUT,ACC-C-015558-M2A_RUNWAY,DEV-00366
ACC-C-001126-M1_CASHOUT,ACC-C-001126-M2A_RUNWAY,DEV-00203
ACC-C-001126-M2A_RUNWAY,ACC-C-004493-M1_CASHOUT,DEV-00203
ACC-C-004493-M1_CASHOUT,ACC-C-004493-M2_LAYERING,DEV-00203
ACC-C-004493-M2_LAYERING,ACC-C-004493-M2A_RUNWAY,DEV-00203
ACC-C-004493-M2A_RUNWAY,ACC-C-004834-M1_CASHOUT,DEV-00203
ACC-C-004834-M1_CASHOUT,ACC-C-004834-M2_LAYERING,DEV-00203
ACC-C-004834-M2_LAYERING,ACC-C-004834-M2A_RUNWAY,DEV-00203
ACC-C-004834-M2A_RUNWAY,ACC-C-005093-M1_CASHOUT,DEV-00203
ACC-C-005093-M1_CASHOUT,ACC-C-005093-M2_LAYERING,DEV-00203
ACC-C-005093-M2_LAYERING,ACC-C-005093-M2A_RUNWAY,DEV-00203
ACC-C-005093-M2A_RUNWAY,ACC-C-005975-M1_CASHOUT,DEV-00203
ACC-C-005975-M1_CASHOUT,ACC-C-005975-M2A_RUNWAY,DEV-00203
ACC-C-005975-M2A_RUNWAY,ACC-C-008515-M1_CASHOUT,DEV-00203
ACC-C-008515-M1_CASHOUT,ACC-C-008515-M2_LAYERING,DEV-00203
ACC-C-008515-M2_LAYERING,ACC-C-008515-M2A_RUNWAY,DEV-00203
ACC-C-008515-M2A_RUNWAY,ACC-C-010271-M1_GATEWAY,DEV-00203
ACC-C-010271-M1_GATEWAY,ACC-C-014229-M1_CASHOUT,DEV-00203
ACC-C-014229-M1_CASHOUT,ACC-C-014229-M2_LAYERING,DEV-00203
ACC-C-014229-M2_LAYERING,ACC-C-014229-M2A_RUNWAY,DEV-00203
ACC-C-014229-M2A_RUNWAY,ACC-C-014530-M1_CASHOUT,DEV-00203
ACC-C-014530-M1_CASHOUT,ACC-C-014530-M2_LAYERING,DEV-00203
ACC-C-014530-M2_LAYERING,ACC-C-014530-M2A_RUNWAY,DEV-00203
ACC-C-014530-M2A_RUNWAY,ACC-C-016151-M1_GATEWAY,DEV-00203
ACC-C-016151-M1_GATEWAY,ACC-C-016799-M1_CASHOUT,DEV-00203
ACC-C-016799-M1_CASHOUT,ACC-C-016799-M2A_RUNWAY,DEV-00203
ACC-C-001146-M1_CASHOUT,ACC-C-001146-M2A_RUNWAY,DEV-00257
ACC-C-001146-M2A_RUNWAY,ACC-C-002406-M1_CASHOUT,DEV-00257
ACC-C-002406-M1_CASHOUT,ACC-C-002406-M2_LAYERING,DEV-00257
ACC-C-002406-M2_LAYERING,ACC-C-002406-M2A_RUNWAY,DEV-00257
ACC-C-002406-M2A_RUNWAY,ACC-C-002683-M1_CASHOUT,DEV-00257
ACC-C-002683-M1_CASHOUT,ACC-C-002683-M2_LAYERING,DEV-00257
ACC-C-002683-M2_LAYERING,ACC-C-002683-M2A_RUNWAY,DEV-00257
ACC-C-002683-M2A_RUNWAY,ACC-C-004022-M1_CASHOUT,DEV-00257
ACC-C-004022-M1_CASHOUT,ACC-C-004022-M2A_RUNWAY,DEV-00257
ACC-C-004022-M2A_RUNWAY,ACC-C-006022-M1_GATEWAY,DEV-00257
ACC-C-006022-M1_GATEWAY,ACC-C-006694-M1_GATEWAY,DEV-00257
ACC-C-006694-M1_GATEWAY,ACC-C-012394-M1_CASHOUT,DEV-00257
ACC-C-012394-M1_CASHOUT,ACC-C-012394-M2_LAYERING,DEV-00257
ACC-C-012394-M2_LAYERING,ACC-C-012394-M2A_RUNWAY,DEV-00257
ACC-C-012394-M2A_RUNWAY,ACC-C-014984-M1_CASHOUT,DEV-00257
ACC-C-014984-M1_CASHOUT,ACC-C-014984-M2_LAYERING,DEV-00257
ACC-C-014984-M2_LAYERING,ACC-C-014984-M2A_RUNWAY,DEV-00257
ACC-C-014984-M2A_RUNWAY,ACC-C-016581-M1_CASHOUT,DEV-00257
ACC-C-016581-M1_CASHOUT,ACC-C-016581-M2_LAYERING,DEV-00257
ACC-C-016581-M2_LAYERING,ACC-C-016581-M2A_RUNWAY,DEV-00257
ACC-C-001165-M1_CASHOUT,ACC-C-001165-M2A_RUNWAY,DEV-00271
ACC-C-001165-M2A_RUNWAY,ACC-C-005210-M1_CASHOUT,DEV-00271
ACC-C-005210-M1_CASHOUT,ACC-C-005210-M2_LAYERING,DEV-00271
ACC-C-005210-M2_LAYERING,ACC-C-005210-M2A_RUNWAY,DEV-00271
ACC-C-005210-M2A_RUNWAY,ACC-C-005319-M1_GATEWAY,DEV-00271
ACC-C-005319-M1_GATEWAY,ACC-C-006150-M1_CASHOUT,DEV-00271
ACC-C-006150-M1_CASHOUT,ACC-C-006150-M2A_RUNWAY,DEV-00271
ACC-C-006150-M2A_RUNWAY,ACC-C-012508-M1_GATEWAY,DEV-00271
ACC-C-012508-M1_GATEWAY,ACC-C-016665-M1_CASHOUT,DEV-00271
ACC-C-016665-M1_CASHOUT,ACC-C-016665-M2_LAYERING,DEV-00271
ACC-C-016665-M2_LAYERING,ACC-C-016665-M2A_RUNWAY,DEV-00271
ACC-C-016665-M2A_RUNWAY,ACC-C-017859-M1_GATEWAY,DEV-00271
ACC-C-001167-M1_GATEWAY,ACC-C-004335-M1_GATEWAY,DEV-00314
ACC-C-004335-M1_GATEWAY,ACC-C-004553-M1_CASHOUT,DEV-00314
ACC-C-004553-M1_CASHOUT,ACC-C-004553-M2_LAYERING,DEV-00314
ACC-C-004553-M2_LAYERING,ACC-C-004553-M2A_RUNWAY,DEV-00314
ACC-C-004553-M2A_RUNWAY,ACC-C-012357-M1_CASHOUT,DEV-00314
ACC-C-012357-M1_CASHOUT,ACC-C-012357-M2A_RUNWAY,DEV-00314
ACC-C-012357-M2A_RUNWAY,ACC-C-015713-M1_CASHOUT,DEV-00314
ACC-C-015713-M1_CASHOUT,ACC-C-015713-M2_LAYERING,DEV-00314
ACC-C-015713-M2_LAYERING,ACC-C-015713-M2A_RUNWAY,DEV-00314
ACC-C-015713-M2A_RUNWAY,ACC-C-015877-M1_CASHOUT,DEV-00314
ACC-C-015877-M1_CASHOUT,ACC-C-015877-M2A_RUNWAY,DEV-00314
ACC-C-001179-M1_CASHOUT,ACC-C-001179-M2_LAYERING,DEV-00043
ACC-C-001179-M2_LAYERING,ACC-C-001179-M2A_RUNWAY,DEV-00043
ACC-C-001179-M2A_RUNWAY,ACC-C-002733-M1_CASHOUT,DEV-00043
ACC-C-002733-M1_CASHOUT,ACC-C-002733-M2A_RUNWAY,DEV-00043
ACC-C-002733-M2A_RUNWAY,ACC-C-004899-M1_CASHOUT,DEV-00043
ACC-C-004899-M1_CASHOUT,ACC-C-004899-M2_LAYERING,DEV-00043
ACC-C-004899-M2_LAYERING,ACC-C-004899-M2A_RUNWAY,DEV-00043
ACC-C-004899-M2A_RUNWAY,ACC-C-006121-M1_CASHOUT,DEV-00043
ACC-C-006121-M1_CASHOUT,ACC-C-006121-M2A_RUNWAY,DEV-00043
ACC-C-006121-M2A_RUNWAY,ACC-C-007680-M1_CASHOUT,DEV-00043
ACC-C-007680-M1_CASHOUT,ACC-C-007680-M2_LAYERING,DEV-00043
ACC-C-007680-M2_LAYERING,ACC-C-007680-M2A_RUNWAY,DEV-00043
ACC-C-007680-M2A_RUNWAY,ACC-C-008859-M1_CASHOUT,DEV-00043
ACC-C-008859-M1_CASHOUT,ACC-C-008859-M2A_RUNWAY,DEV-00043
ACC-C-008859-M2A_RUNWAY,ACC-C-016519-M1_GATEWAY,DEV-00043
ACC-C-001203-M1_GATEWAY,ACC-C-001847-M1_CASHOUT,DEV-00337
ACC-C-001847-M1_CASHOUT,ACC-C-001847-M2_LAYERING,DEV-00337
ACC-C-001847-M2_LAYERING,ACC-C-001847-M2A_RUNWAY,DEV-00337
ACC-C-001847-M2A_RUNWAY,ACC-C-014709-M1_GATEWAY,DEV-00337
ACC-C-014709-M1_GATEWAY,ACC-C-017800-M1_CASHOUT,DEV-00337
ACC-C-017800-M1_CASHOUT,ACC-C-017800-M2_LAYERING,DEV-00337
ACC-C-017800-M2_LAYERING,ACC-C-017800-M2A_RUNWAY,DEV-00337
ACC-C-001230-M1_GATEWAY,ACC-C-009148-M1_CASHOUT,DEV-00315
ACC-C-009148-M1_CASHOUT,ACC-C-009148-M2A_RUNWAY,DEV-00315
ACC-C-009148-M2A_RUNWAY,ACC-C-013603-M1_GATEWAY,DEV-00315
ACC-C-013603-M1_GATEWAY,ACC-C-017010-M1_CASHOUT,DEV-00315
ACC-C-017010-M1_CASHOUT,ACC-C-017010-M2_LAYERING,DEV-00315
ACC-C-017010-M2_LAYERING,ACC-C-017010-M2A_RUNWAY,DEV-00315
ACC-C-017010-M2A_RUNWAY,ACC-C-017428-M1_CASHOUT,DEV-00315
ACC-C-017428-M1_CASHOUT,ACC-C-017428-M2A_RUNWAY,DEV-00315
ACC-C-001231-M1_CASHOUT,ACC-C-001231-M2_LAYERING,DEV-00149
ACC-C-001231-M2_LAYERING,ACC-C-001231-M2A_RUNWAY,DEV-00149
ACC-C-001231-M2A_RUNWAY,ACC-C-004932-M1_CASHOUT,DEV-00149
ACC-C-004932-M1_CASHOUT,ACC-C-004932-M2_LAYERING,DEV-00149
ACC-C-004932-M2_LAYERING,ACC-C-004932-M2A_RUNWAY,DEV-00149
ACC-C-004932-M2A_RUNWAY,ACC-C-005456-M1_GATEWAY,DEV-00149
ACC-C-005456-M1_GATEWAY,ACC-C-005788-M1_CASHOUT,DEV-00149
ACC-C-005788-M1_CASHOUT,ACC-C-005788-M2_LAYERING,DEV-00149
ACC-C-005788-M2_LAYERING,ACC-C-005788-M2A_RUNWAY,DEV-00149
ACC-C-005788-M2A_RUNWAY,ACC-C-007493-M1_CASHOUT,DEV-00149
ACC-C-007493-M1_CASHOUT,ACC-C-007493-M2_LAYERING,DEV-00149
ACC-C-007493-M2_LAYERING,ACC-C-007493-M2A_RUNWAY,DEV-00149
ACC-C-007493-M2A_RUNWAY,ACC-C-012328-M1_CASHOUT,DEV-00149
ACC-C-012328-M1_CASHOUT,ACC-C-012328-M2A_RUNWAY,DEV-00149
ACC-C-012328-M2A_RUNWAY,ACC-C-015746-M1_CASHOUT,DEV-00149
ACC-C-015746-M1_CASHOUT,ACC-C-015746-M2_LAYERING,DEV-00149
ACC-C-015746-M2_LAYERING,ACC-C-015746-M2A_RUNWAY,DEV-00149
ACC-C-001232-M1_CASHOUT,ACC-C-001232-M2A_RUNWAY,DEV-00184
ACC-C-001232-M2A_RUNWAY,ACC-C-006614-M1_CASHOUT,DEV-00184
ACC-C-006614-M1_CASHOUT,ACC-C-006614-M2A_RUNWAY,DEV-00184
ACC-C-006614-M2A_RUNWAY,ACC-C-010147-M1_CASHOUT,DEV-00184
ACC-C-010147-M1_CASHOUT,ACC-C-010147-M2_LAYERING,DEV-00184
ACC-C-010147-M2_LAYERING,ACC-C-010147-M2A_RUNWAY,DEV-00184
ACC-C-010147-M2A_RUNWAY,ACC-C-012000-M1_CASHOUT,DEV-00184
ACC-C-012000-M1_CASHOUT,ACC-C-012000-M2_LAYERING,DEV-00184
ACC-C-012000-M2_LAYERING,ACC-C-012000-M2A_RUNWAY,DEV-00184
ACC-C-012000-M2A_RUNWAY,ACC-C-013869-M1_GATEWAY,DEV-00184
ACC-C-001255-M1_CASHOUT,ACC-C-001255-M2A_RUNWAY,DEV-00025
ACC-C-001255-M2A_RUNWAY,ACC-C-006254-M1_GATEWAY,DEV-00025
ACC-C-006254-M1_GATEWAY,ACC-C-008612-M1_CASHOUT,DEV-00025
ACC-C-008612-M1_CASHOUT,ACC-C-008612-M2_LAYERING,DEV-00025
ACC-C-008612-M2_LAYERING,ACC-C-008612-M2A_RUNWAY,DEV-00025
ACC-C-008612-M2A_RUNWAY,ACC-C-010048-M1_GATEWAY,DEV-00025
ACC-C-010048-M1_GATEWAY,ACC-C-010087-M1_CASHOUT,DEV-00025
ACC-C-010087-M1_CASHOUT,ACC-C-010087-M2_LAYERING,DEV-00025
ACC-C-010087-M2_LAYERING,ACC-C-010087-M2A_RUNWAY,DEV-00025
ACC-C-010087-M2A_RUNWAY,ACC-C-014511-M1_GATEWAY,DEV-00025
ACC-C-014511-M1_GATEWAY,ACC-C-016327-M1_CASHOUT,DEV-00025
ACC-C-016327-M1_CASHOUT,ACC-C-016327-M2_LAYERING,DEV-00025
ACC-C-016327-M2_LAYERING,ACC-C-016327-M2A_RUNWAY,DEV-00025
ACC-C-001262-M1_CASHOUT,ACC-C-001262-M2_LAYERING,DEV-00345
ACC-C-001262-M2_LAYERING,ACC-C-001262-M2A_RUNWAY,DEV-00345
ACC-C-001262-M2A_RUNWAY,ACC-C-002427-M1_CASHOUT,DEV-00345
ACC-C-002427-M1_CASHOUT,ACC-C-002427-M2_LAYERING,DEV-00345
ACC-C-002427-M2_LAYERING,ACC-C-002427-M2A_RUNWAY,DEV-00345
ACC-C-002427-M2A_RUNWAY,ACC-C-002943-M1_CASHOUT,DEV-00345
ACC-C-002943-M1_CASHOUT,ACC-C-002943-M2A_RUNWAY,DEV-00345
ACC-C-002943-M2A_RUNWAY,ACC-C-003735-M1_CASHOUT,DEV-00345
ACC-C-003735-M1_CASHOUT,ACC-C-003735-M2_LAYERING,DEV-00345
ACC-C-003735-M2_LAYERING,ACC-C-003735-M2A_RUNWAY,DEV-00345
ACC-C-003735-M2A_RUNWAY,ACC-C-005715-M1_GATEWAY,DEV-00345
ACC-C-005715-M1_GATEWAY,ACC-C-011703-M1_GATEWAY,DEV-00345
ACC-C-011703-M1_GATEWAY,ACC-C-013312-M1_GATEWAY,DEV-00345
ACC-C-013312-M1_GATEWAY,ACC-C-015265-M1_GATEWAY,DEV-00345
ACC-C-001264-M1_CASHOUT,ACC-C-001264-M2_LAYERING,DEV-00171
ACC-C-001264-M2_LAYERING,ACC-C-001264-M2A_RUNWAY,DEV-00171
ACC-C-001264-M2A_RUNWAY,ACC-C-001399-M1_GATEWAY,DEV-00171
ACC-C-001399-M1_GATEWAY,ACC-C-001587-M1_GATEWAY,DEV-00171
ACC-C-001587-M1_GATEWAY,ACC-C-002848-M1_GATEWAY,DEV-00171
ACC-C-002848-M1_GATEWAY,ACC-C-003478-M1_GATEWAY,DEV-00171
ACC-C-003478-M1_GATEWAY,ACC-C-005338-M1_CASHOUT,DEV-00171
ACC-C-005338-M1_CASHOUT,ACC-C-005338-M2A_RUNWAY,DEV-00171
ACC-C-005338-M2A_RUNWAY,ACC-C-008059-M1_CASHOUT,DEV-00171
ACC-C-008059-M1_CASHOUT,ACC-C-008059-M2A_RUNWAY,DEV-00171
ACC-C-008059-M2A_RUNWAY,ACC-C-009426-M1_CASHOUT,DEV-00171
ACC-C-009426-M1_CASHOUT,ACC-C-009426-M2A_RUNWAY,DEV-00171
ACC-C-009426-M2A_RUNWAY,ACC-C-010278-M1_GATEWAY,DEV-00171
ACC-C-010278-M1_GATEWAY,ACC-C-010429-M1_CASHOUT,DEV-00171
ACC-C-010429-M1_CASHOUT,ACC-C-010429-M2A_RUNWAY,DEV-00171
ACC-C-001291-M1_CASHOUT,ACC-C-001291-M2A_RUNWAY,DEV-00137
ACC-C-001291-M2A_RUNWAY,ACC-C-006486-M1_CASHOUT,DEV-00137
ACC-C-006486-M1_CASHOUT,ACC-C-006486-M2_LAYERING,DEV-00137
ACC-C-006486-M2_LAYERING,ACC-C-006486-M2A_RUNWAY,DEV-00137
ACC-C-006486-M2A_RUNWAY,ACC-C-006513-M1_CASHOUT,DEV-00137
ACC-C-006513-M1_CASHOUT,ACC-C-006513-M2_LAYERING,DEV-00137
ACC-C-006513-M2_LAYERING,ACC-C-006513-M2A_RUNWAY,DEV-00137
ACC-C-006513-M2A_RUNWAY,ACC-C-017536-M1_GATEWAY,DEV-00137
ACC-C-001305-M1_CASHOUT,ACC-C-001305-M2_LAYERING,DEV-00016
ACC-C-001305-M2_LAYERING,ACC-C-001305-M2A_RUNWAY,DEV-00016
ACC-C-001305-M2A_RUNWAY,ACC-C-004154-M1_GATEWAY,DEV-00016
ACC-C-004154-M1_GATEWAY,ACC-C-004956-M1_CASHOUT,DEV-00016
ACC-C-004956-M1_CASHOUT,ACC-C-004956-M2_LAYERING,DEV-00016
ACC-C-004956-M2_LAYERING,ACC-C-004956-M2A_RUNWAY,DEV-00016
ACC-C-004956-M2A_RUNWAY,ACC-C-005766-M1_CASHOUT,DEV-00016
ACC-C-005766-M1_CASHOUT,ACC-C-005766-M2_LAYERING,DEV-00016
ACC-C-005766-M2_LAYERING,ACC-C-005766-M2A_RUNWAY,DEV-00016
ACC-C-005766-M2A_RUNWAY,ACC-C-007758-M1_GATEWAY,DEV-00016
ACC-C-007758-M1_GATEWAY,ACC-C-017640-M1_CASHOUT,DEV-00016
ACC-C-017640-M1_CASHOUT,ACC-C-017640-M2_LAYERING,DEV-00016
ACC-C-017640-M2_LAYERING,ACC-C-017640-M2A_RUNWAY,DEV-00016
ACC-C-017640-M2A_RUNWAY,ACC-C-017722-M1_GATEWAY,DEV-00016
ACC-C-001318-M1_CASHOUT,ACC-C-001318-M2_LAYERING,DEV-00254
ACC-C-001318-M2_LAYERING,ACC-C-001318-M2A_RUNWAY,DEV-00254
ACC-C-001318-M2A_RUNWAY,ACC-C-001507-M1_CASHOUT,DEV-00254
ACC-C-001507-M1_CASHOUT,ACC-C-001507-M2_LAYERING,DEV-00254
ACC-C-001507-M2_LAYERING,ACC-C-001507-M2A_RUNWAY,DEV-00254
ACC-C-001507-M2A_RUNWAY,ACC-C-003661-M1_CASHOUT,DEV-00254
ACC-C-003661-M1_CASHOUT,ACC-C-003661-M2_LAYERING,DEV-00254
ACC-C-003661-M2_LAYERING,ACC-C-003661-M2A_RUNWAY,DEV-00254
ACC-C-003661-M2A_RUNWAY,ACC-C-004626-M1_CASHOUT,DEV-00254
ACC-C-004626-M1_CASHOUT,ACC-C-004626-M2A_RUNWAY,DEV-00254
ACC-C-004626-M2A_RUNWAY,ACC-C-013045-M1_CASHOUT,DEV-00254
ACC-C-013045-M1_CASHOUT,ACC-C-013045-M2A_RUNWAY,DEV-00254
ACC-C-013045-M2A_RUNWAY,ACC-C-013974-M1_GATEWAY,DEV-00254
ACC-C-001329-M1_GATEWAY,ACC-C-003304-M1_CASHOUT,DEV-00072
ACC-C-003304-M1_CASHOUT,ACC-C-003304-M2_LAYERING,DEV-00072
ACC-C-003304-M2_LAYERING,ACC-C-003304-M2A_RUNWAY,DEV-00072
ACC-C-003304-M2A_RUNWAY,ACC-C-003415-M1_CASHOUT,DEV-00072
ACC-C-003415-M1_CASHOUT,ACC-C-003415-M2A_RUNWAY,DEV-00072
ACC-C-003415-M2A_RUNWAY,ACC-C-004317-M1_GATEWAY,DEV-00072
ACC-C-004317-M1_GATEWAY,ACC-C-009026-M1_CASHOUT,DEV-00072
ACC-C-009026-M1_CASHOUT,ACC-C-009026-M2_LAYERING,DEV-00072
ACC-C-009026-M2_LAYERING,ACC-C-009026-M2A_RUNWAY,DEV-00072
ACC-C-009026-M2A_RUNWAY,ACC-C-011539-M1_CASHOUT,DEV-00072
ACC-C-011539-M1_CASHOUT,ACC-C-011539-M2_LAYERING,DEV-00072
ACC-C-011539-M2_LAYERING,ACC-C-011539-M2A_RUNWAY,DEV-00072
ACC-C-011539-M2A_RUNWAY,ACC-C-012379-M1_CASHOUT,DEV-00072
ACC-C-012379-M1_CASHOUT,ACC-C-012379-M2A_RUNWAY,DEV-00072
ACC-C-012379-M2A_RUNWAY,ACC-C-012608-M1_CASHOUT,DEV-00072
ACC-C-012608-M1_CASHOUT,ACC-C-012608-M2A_RUNWAY,DEV-00072
ACC-C-012608-M2A_RUNWAY,ACC-C-015153-M1_GATEWAY,DEV-00072
ACC-C-001335-M1_CASHOUT,ACC-C-001335-M2A_RUNWAY,DEV-00247
ACC-C-001335-M2A_RUNWAY,ACC-C-007604-M1_CASHOUT,DEV-00247
ACC-C-007604-M1_CASHOUT,ACC-C-007604-M2A_RUNWAY,DEV-00247
ACC-C-007604-M2A_RUNWAY,ACC-C-009769-M1_CASHOUT,DEV-00247
ACC-C-009769-M1_CASHOUT,ACC-C-009769-M2_LAYERING,DEV-00247
ACC-C-009769-M2_LAYERING,ACC-C-009769-M2A_RUNWAY,DEV-00247
ACC-C-009769-M2A_RUNWAY,ACC-C-010411-M1_GATEWAY,DEV-00247
ACC-C-010411-M1_GATEWAY,ACC-C-013373-M1_CASHOUT,DEV-00247
ACC-C-013373-M1_CASHOUT,ACC-C-013373-M2_LAYERING,DEV-00247
ACC-C-013373-M2_LAYERING,ACC-C-013373-M2A_RUNWAY,DEV-00247
ACC-C-013373-M2A_RUNWAY,ACC-C-016180-M1_GATEWAY,DEV-00247
ACC-C-016180-M1_GATEWAY,ACC-C-016606-M1_GATEWAY,DEV-00247
ACC-C-016606-M1_GATEWAY,ACC-C-016695-M1_CASHOUT,DEV-00247
ACC-C-016695-M1_CASHOUT,ACC-C-016695-M2A_RUNWAY,DEV-00247
ACC-C-001342-M1_CASHOUT,ACC-C-001342-M2_LAYERING,DEV-00306
ACC-C-001342-M2_LAYERING,ACC-C-001342-M2A_RUNWAY,DEV-00306
ACC-C-001342-M2A_RUNWAY,ACC-C-003582-M1_GATEWAY,DEV-00306
ACC-C-003582-M1_GATEWAY,ACC-C-016450-M1_CASHOUT,DEV-00306
ACC-C-016450-M1_CASHOUT,ACC-C-016450-M2_LAYERING,DEV-00306
ACC-C-016450-M2_LAYERING,ACC-C-016450-M2A_RUNWAY,DEV-00306
ACC-C-001349-M1_CASHOUT,ACC-C-001349-M2_LAYERING,DEV-00170
ACC-C-001349-M2_LAYERING,ACC-C-001349-M2A_RUNWAY,DEV-00170
ACC-C-001349-M2A_RUNWAY,ACC-C-011446-M1_GATEWAY,DEV-00170
ACC-C-011446-M1_GATEWAY,ACC-C-012378-M1_CASHOUT,DEV-00170
ACC-C-012378-M1_CASHOUT,ACC-C-012378-M2_LAYERING,DEV-00170
ACC-C-012378-M2_LAYERING,ACC-C-012378-M2A_RUNWAY,DEV-00170
ACC-C-012378-M2A_RUNWAY,ACC-C-013781-M1_CASHOUT,DEV-00170
ACC-C-013781-M1_CASHOUT,ACC-C-013781-M2_LAYERING,DEV-00170
ACC-C-013781-M2_LAYERING,ACC-C-013781-M2A_RUNWAY,DEV-00170
ACC-C-013781-M2A_RUNWAY,ACC-C-013870-M1_GATEWAY,DEV-00170
ACC-C-013870-M1_GATEWAY,ACC-C-015347-M1_CASHOUT,DEV-00170
ACC-C-015347-M1_CASHOUT,ACC-C-015347-M2A_RUNWAY,DEV-00170
ACC-C-015347-M2A_RUNWAY,ACC-C-016000-M1_GATEWAY,DEV-00170
ACC-C-001354-M1_GATEWAY,ACC-C-002534-M1_CASHOUT,DEV-00105
ACC-C-002534-M1_CASHOUT,ACC-C-002534-M2A_RUNWAY,DEV-00105
ACC-C-002534-M2A_RUNWAY,ACC-C-006363-M1_GATEWAY,DEV-00105
ACC-C-006363-M1_GATEWAY,ACC-C-008393-M1_GATEWAY,DEV-00105
ACC-C-008393-M1_GATEWAY,ACC-C-010449-M1_CASHOUT,DEV-00105
ACC-C-010449-M1_CASHOUT,ACC-C-010449-M2A_RUNWAY,DEV-00105
ACC-C-010449-M2A_RUNWAY,ACC-C-012900-M1_CASHOUT,DEV-00105
ACC-C-012900-M1_CASHOUT,ACC-C-012900-M2A_RUNWAY,DEV-00105
ACC-C-012900-M2A_RUNWAY,ACC-C-016583-M1_CASHOUT,DEV-00105
ACC-C-016583-M1_CASHOUT,ACC-C-016583-M2A_RUNWAY,DEV-00105
ACC-C-001360-M1_CASHOUT,ACC-C-001360-M2_LAYERING,DEV-00244
ACC-C-001360-M2_LAYERING,ACC-C-001360-M2A_RUNWAY,DEV-00244
ACC-C-001360-M2A_RUNWAY,ACC-C-005485-M1_CASHOUT,DEV-00244
ACC-C-005485-M1_CASHOUT,ACC-C-005485-M2_LAYERING,DEV-00244
ACC-C-005485-M2_LAYERING,ACC-C-005485-M2A_RUNWAY,DEV-00244
ACC-C-005485-M2A_RUNWAY,ACC-C-008678-M1_GATEWAY,DEV-00244
ACC-C-008678-M1_GATEWAY,ACC-C-014802-M1_GATEWAY,DEV-00244
ACC-C-014802-M1_GATEWAY,ACC-C-015110-M1_CASHOUT,DEV-00244
ACC-C-015110-M1_CASHOUT,ACC-C-015110-M2_LAYERING,DEV-00244
ACC-C-015110-M2_LAYERING,ACC-C-015110-M2A_RUNWAY,DEV-00244
ACC-C-001377-M1_GATEWAY,ACC-C-001917-M1_CASHOUT,DEV-00069
ACC-C-001917-M1_CASHOUT,ACC-C-001917-M2_LAYERING,DEV-00069
ACC-C-001917-M2_LAYERING,ACC-C-001917-M2A_RUNWAY,DEV-00069
ACC-C-001917-M2A_RUNWAY,ACC-C-004622-M1_GATEWAY,DEV-00069
ACC-C-004622-M1_GATEWAY,ACC-C-004898-M1_GATEWAY,DEV-00069
ACC-C-004898-M1_GATEWAY,ACC-C-009919-M1_GATEWAY,DEV-00069
ACC-C-009919-M1_GATEWAY,ACC-C-013089-M1_CASHOUT,DEV-00069
ACC-C-013089-M1_CASHOUT,ACC-C-013089-M2A_RUNWAY,DEV-00069
ACC-C-013089-M2A_RUNWAY,ACC-C-017011-M1_CASHOUT,DEV-00069
ACC-C-017011-M1_CASHOUT,ACC-C-017011-M2_LAYERING,DEV-00069
ACC-C-017011-M2_LAYERING,ACC-C-017011-M2A_RUNWAY,DEV-00069
ACC-C-017011-M2A_RUNWAY,ACC-C-017988-M1_CASHOUT,DEV-00069
ACC-C-017988-M1_CASHOUT,ACC-C-017988-M2A_RUNWAY,DEV-00069
ACC-C-001379-M1_CASHOUT,ACC-C-001379-M2A_RUNWAY,DEV-00278
ACC-C-001379-M2A_RUNWAY,ACC-C-006192-M1_GATEWAY,DEV-00278
ACC-C-006192-M1_GATEWAY,ACC-C-010891-M1_CASHOUT,DEV-00278
ACC-C-010891-M1_CASHOUT,ACC-C-010891-M2_LAYERING,DEV-00278
ACC-C-010891-M2_LAYERING,ACC-C-010891-M2A_RUNWAY,DEV-00278
ACC-C-010891-M2A_RUNWAY,ACC-C-011224-M1_GATEWAY,DEV-00278
ACC-C-011224-M1_GATEWAY,ACC-C-013352-M1_GATEWAY,DEV-00278
ACC-C-013352-M1_GATEWAY,ACC-C-014885-M1_CASHOUT,DEV-00278
ACC-C-014885-M1_CASHOUT,ACC-C-014885-M2A_RUNWAY,DEV-00278
ACC-C-014885-M2A_RUNWAY,ACC-C-016975-M1_CASHOUT,DEV-00278
ACC-C-016975-M1_CASHOUT,ACC-C-016975-M2_LAYERING,DEV-00278
ACC-C-016975-M2_LAYERING,ACC-C-016975-M2A_RUNWAY,DEV-00278
ACC-C-016975-M2A_RUNWAY,ACC-C-017494-M1_GATEWAY,DEV-00278
ACC-C-001388-M1_CASHOUT,ACC-C-001388-M2A_RUNWAY,DEV-00338
ACC-C-001388-M2A_RUNWAY,ACC-C-001960-M1_CASHOUT,DEV-00338
ACC-C-001960-M1_CASHOUT,ACC-C-001960-M2_LAYERING,DEV-00338
ACC-C-001960-M2_LAYERING,ACC-C-001960-M2A_RUNWAY,DEV-00338
ACC-C-001413-M1_GATEWAY,ACC-C-003237-M1_GATEWAY,DEV-00260
ACC-C-003237-M1_GATEWAY,ACC-C-004775-M1_GATEWAY,DEV-00260
ACC-C-004775-M1_GATEWAY,ACC-C-005938-M1_GATEWAY,DEV-00260
ACC-C-005938-M1_GATEWAY,ACC-C-007981-M1_CASHOUT,DEV-00260
ACC-C-007981-M1_CASHOUT,ACC-C-007981-M2_LAYERING,DEV-00260
ACC-C-007981-M2_LAYERING,ACC-C-007981-M2A_RUNWAY,DEV-00260
ACC-C-007981-M2A_RUNWAY,ACC-C-009089-M1_CASHOUT,DEV-00260
ACC-C-009089-M1_CASHOUT,ACC-C-009089-M2_LAYERING,DEV-00260
ACC-C-009089-M2_LAYERING,ACC-C-009089-M2A_RUNWAY,DEV-00260
ACC-C-009089-M2A_RUNWAY,ACC-C-011184-M1_CASHOUT,DEV-00260
ACC-C-011184-M1_CASHOUT,ACC-C-011184-M2_LAYERING,DEV-00260
ACC-C-011184-M2_LAYERING,ACC-C-011184-M2A_RUNWAY,DEV-00260
ACC-C-011184-M2A_RUNWAY,ACC-C-011749-M1_CASHOUT,DEV-00260
ACC-C-011749-M1_CASHOUT,ACC-C-011749-M2_LAYERING,DEV-00260
ACC-C-011749-M2_LAYERING,ACC-C-011749-M2A_RUNWAY,DEV-00260
ACC-C-011749-M2A_RUNWAY,ACC-C-011761-M1_GATEWAY,DEV-00260
ACC-C-011761-M1_GATEWAY,ACC-C-012526-M1_CASHOUT,DEV-00260
ACC-C-012526-M1_CASHOUT,ACC-C-012526-M2_LAYERING,DEV-00260
ACC-C-012526-M2_LAYERING,ACC-C-012526-M2A_RUNWAY,DEV-00260
ACC-C-012526-M2A_RUNWAY,ACC-C-014477-M1_GATEWAY,DEV-00260
ACC-C-014477-M1_GATEWAY,ACC-C-015975-M1_GATEWAY,DEV-00260
ACC-C-015975-M1_GATEWAY,ACC-C-017565-M1_CASHOUT,DEV-00260
ACC-C-017565-M1_CASHOUT,ACC-C-017565-M2A_RUNWAY,DEV-00260
ACC-C-001419-M1_CASHOUT,ACC-C-001419-M2A_RUNWAY,DEV-00392
ACC-C-001419-M2A_RUNWAY,ACC-C-006272-M1_CASHOUT,DEV-00392
ACC-C-006272-M1_CASHOUT,ACC-C-006272-M2A_RUNWAY,DEV-00392
ACC-C-006272-M2A_RUNWAY,ACC-C-012372-M1_GATEWAY,DEV-00392
ACC-C-012372-M1_GATEWAY,ACC-C-012654-M1_GATEWAY,DEV-00392
ACC-C-012654-M1_GATEWAY,ACC-C-012724-M1_CASHOUT,DEV-00392
ACC-C-012724-M1_CASHOUT,ACC-C-012724-M2A_RUNWAY,DEV-00392
ACC-C-012724-M2A_RUNWAY,ACC-C-013526-M1_CASHOUT,DEV-00392
ACC-C-013526-M1_CASHOUT,ACC-C-013526-M2A_RUNWAY,DEV-00392
ACC-C-013526-M2A_RUNWAY,ACC-C-014610-M1_CASHOUT,DEV-00392
ACC-C-014610-M1_CASHOUT,ACC-C-014610-M2A_RUNWAY,DEV-00392
ACC-C-014610-M2A_RUNWAY,ACC-C-015303-M1_GATEWAY,DEV-00392
ACC-C-001425-M1_GATEWAY,ACC-C-001817-M1_CASHOUT,DEV-00384
ACC-C-001817-M1_CASHOUT,ACC-C-001817-M2_LAYERING,DEV-00384
ACC-C-001817-M2_LAYERING,ACC-C-001817-M2A_RUNWAY,DEV-00384
ACC-C-001817-M2A_RUNWAY,ACC-C-003205-M1_GATEWAY,DEV-00384
ACC-C-003205-M1_GATEWAY,ACC-C-005154-M1_CASHOUT,DEV-00384
ACC-C-005154-M1_CASHOUT,ACC-C-005154-M2A_RUNWAY,DEV-00384
ACC-C-005154-M2A_RUNWAY,ACC-C-007610-M1_CASHOUT,DEV-00384
ACC-C-007610-M1_CASHOUT,ACC-C-007610-M2A_RUNWAY,DEV-00384
ACC-C-007610-M2A_RUNWAY,ACC-C-008583-M1_GATEWAY,DEV-00384
ACC-C-008583-M1_GATEWAY,ACC-C-009033-M1_CASHOUT,DEV-00384
ACC-C-009033-M1_CASHOUT,ACC-C-009033-M2A_RUNWAY,DEV-00384
ACC-C-009033-M2A_RUNWAY,ACC-C-010297-M1_CASHOUT,DEV-00384
ACC-C-010297-M1_CASHOUT,ACC-C-010297-M2_LAYERING,DEV-00384
ACC-C-010297-M2_LAYERING,ACC-C-010297-M2A_RUNWAY,DEV-00384
ACC-C-010297-M2A_RUNWAY,ACC-C-012606-M1_CASHOUT,DEV-00384
ACC-C-012606-M1_CASHOUT,ACC-C-012606-M2_LAYERING,DEV-00384
ACC-C-012606-M2_LAYERING,ACC-C-012606-M2A_RUNWAY,DEV-00384
ACC-C-001429-M1_CASHOUT,ACC-C-001429-M2_LAYERING,DEV-00270
ACC-C-001429-M2_LAYERING,ACC-C-001429-M2A_RUNWAY,DEV-00270
ACC-C-001429-M2A_RUNWAY,ACC-C-002823-M1_CASHOUT,DEV-00270
ACC-C-002823-M1_CASHOUT,ACC-C-002823-M2_LAYERING,DEV-00270
ACC-C-002823-M2_LAYERING,ACC-C-002823-M2A_RUNWAY,DEV-00270
ACC-C-002823-M2A_RUNWAY,ACC-C-003371-M1_CASHOUT,DEV-00270
ACC-C-003371-M1_CASHOUT,ACC-C-003371-M2_LAYERING,DEV-00270
ACC-C-003371-M2_LAYERING,ACC-C-003371-M2A_RUNWAY,DEV-00270
ACC-C-003371-M2A_RUNWAY,ACC-C-004532-M1_CASHOUT,DEV-00270
ACC-C-004532-M1_CASHOUT,ACC-C-004532-M2_LAYERING,DEV-00270
ACC-C-004532-M2_LAYERING,ACC-C-004532-M2A_RUNWAY,DEV-00270
ACC-C-004532-M2A_RUNWAY,ACC-C-007200-M1_GATEWAY,DEV-00270
ACC-C-007200-M1_GATEWAY,ACC-C-009478-M1_GATEWAY,DEV-00270
ACC-C-009478-M1_GATEWAY,ACC-C-010466-M1_GATEWAY,DEV-00270
ACC-C-010466-M1_GATEWAY,ACC-C-015215-M1_CASHOUT,DEV-00270
ACC-C-015215-M1_CASHOUT,ACC-C-015215-M2A_RUNWAY,DEV-00270
ACC-C-001431-M1_CASHOUT,ACC-C-001431-M2_LAYERING,DEV-00305
ACC-C-001431-M2_LAYERING,ACC-C-001431-M2A_RUNWAY,DEV-00305
ACC-C-001431-M2A_RUNWAY,ACC-C-003045-M1_CASHOUT,DEV-00305
ACC-C-003045-M1_CASHOUT,ACC-C-003045-M2A_RUNWAY,DEV-00305
ACC-C-003045-M2A_RUNWAY,ACC-C-004769-M1_CASHOUT,DEV-00305
ACC-C-004769-M1_CASHOUT,ACC-C-004769-M2_LAYERING,DEV-00305
ACC-C-004769-M2_LAYERING,ACC-C-004769-M2A_RUNWAY,DEV-00305
ACC-C-004769-M2A_RUNWAY,ACC-C-005534-M1_GATEWAY,DEV-00305
ACC-C-005534-M1_GATEWAY,ACC-C-006542-M1_CASHOUT,DEV-00305
ACC-C-006542-M1_CASHOUT,ACC-C-006542-M2_LAYERING,DEV-00305
ACC-C-006542-M2_LAYERING,ACC-C-006542-M2A_RUNWAY,DEV-00305
ACC-C-006542-M2A_RUNWAY,ACC-C-008367-M1_GATEWAY,DEV-00305
ACC-C-008367-M1_GATEWAY,ACC-C-010797-M1_CASHOUT,DEV-00305
ACC-C-010797-M1_CASHOUT,ACC-C-010797-M2_LAYERING,DEV-00305
ACC-C-010797-M2_LAYERING,ACC-C-010797-M2A_RUNWAY,DEV-00305
ACC-C-010797-M2A_RUNWAY,ACC-C-011393-M1_CASHOUT,DEV-00305
ACC-C-011393-M1_CASHOUT,ACC-C-011393-M2A_RUNWAY,DEV-00305
ACC-C-001454-M1_CASHOUT,ACC-C-001454-M2_LAYERING,DEV-00280
ACC-C-001454-M2_LAYERING,ACC-C-001454-M2A_RUNWAY,DEV-00280
ACC-C-001454-M2A_RUNWAY,ACC-C-002936-M1_GATEWAY,DEV-00280
ACC-C-002936-M1_GATEWAY,ACC-C-007026-M1_CASHOUT,DEV-00280
ACC-C-007026-M1_CASHOUT,ACC-C-007026-M2A_RUNWAY,DEV-00280
ACC-C-007026-M2A_RUNWAY,ACC-C-013374-M1_CASHOUT,DEV-00280
ACC-C-013374-M1_CASHOUT,ACC-C-013374-M2_LAYERING,DEV-00280
ACC-C-013374-M2_LAYERING,ACC-C-013374-M2A_RUNWAY,DEV-00280
ACC-C-001461-M1_GATEWAY,ACC-C-002136-M1_GATEWAY,DEV-00207
ACC-C-002136-M1_GATEWAY,ACC-C-004739-M1_CASHOUT,DEV-00207
ACC-C-004739-M1_CASHOUT,ACC-C-004739-M2A_RUNWAY,DEV-00207
ACC-C-004739-M2A_RUNWAY,ACC-C-014351-M1_GATEWAY,DEV-00207
ACC-C-014351-M1_GATEWAY,ACC-C-015885-M1_GATEWAY,DEV-00207
ACC-C-001477-M1_CASHOUT,ACC-C-001477-M2_LAYERING,DEV-00007
ACC-C-001477-M2_LAYERING,ACC-C-001477-M2A_RUNWAY,DEV-00007
ACC-C-001477-M2A_RUNWAY,ACC-C-001628-M1_CASHOUT,DEV-00007
ACC-C-001628-M1_CASHOUT,ACC-C-001628-M2A_RUNWAY,DEV-00007
ACC-C-001628-M2A_RUNWAY,ACC-C-002736-M1_GATEWAY,DEV-00007
ACC-C-002736-M1_GATEWAY,ACC-C-008651-M1_GATEWAY,DEV-00007
ACC-C-001479-M1_GATEWAY,ACC-C-002031-M1_GATEWAY,DEV-00198
ACC-C-002031-M1_GATEWAY,ACC-C-002882-M1_GATEWAY,DEV-00198
ACC-C-002882-M1_GATEWAY,ACC-C-003203-M1_CASHOUT,DEV-00198
ACC-C-003203-M1_CASHOUT,ACC-C-003203-M2_LAYERING,DEV-00198
ACC-C-003203-M2_LAYERING,ACC-C-003203-M2A_RUNWAY,DEV-00198
ACC-C-003203-M2A_RUNWAY,ACC-C-003595-M1_GATEWAY,DEV-00198
ACC-C-003595-M1_GATEWAY,ACC-C-011681-M1_CASHOUT,DEV-00198
ACC-C-011681-M1_CASHOUT,ACC-C-011681-M2A_RUNWAY,DEV-00198
ACC-C-001514-M1_GATEWAY,ACC-C-010786-M1_GATEWAY,DEV-00333
ACC-C-010786-M1_GATEWAY,ACC-C-010995-M1_CASHOUT,DEV-00333
ACC-C-010995-M1_CASHOUT,ACC-C-010995-M2_LAYERING,DEV-00333
ACC-C-010995-M2_LAYERING,ACC-C-010995-M2A_RUNWAY,DEV-00333
ACC-C-010995-M2A_RUNWAY,ACC-C-016705-M1_GATEWAY,DEV-00333
ACC-C-016705-M1_GATEWAY,ACC-C-016904-M1_GATEWAY,DEV-00333
ACC-C-001516-M1_GATEWAY,ACC-C-001785-M1_CASHOUT,DEV-00220
ACC-C-001785-M1_CASHOUT,ACC-C-001785-M2A_RUNWAY,DEV-00220
ACC-C-001785-M2A_RUNWAY,ACC-C-003071-M1_CASHOUT,DEV-00220
ACC-C-003071-M1_CASHOUT,ACC-C-003071-M2_LAYERING,DEV-00220
ACC-C-003071-M2_LAYERING,ACC-C-003071-M2A_RUNWAY,DEV-00220
ACC-C-003071-M2A_RUNWAY,ACC-C-003579-M1_GATEWAY,DEV-00220
ACC-C-003579-M1_GATEWAY,ACC-C-006017-M1_CASHOUT,DEV-00220
ACC-C-006017-M1_CASHOUT,ACC-C-006017-M2A_RUNWAY,DEV-00220
ACC-C-006017-M2A_RUNWAY,ACC-C-008345-M1_CASHOUT,DEV-00220
ACC-C-008345-M1_CASHOUT,ACC-C-008345-M2A_RUNWAY,DEV-00220
ACC-C-008345-M2A_RUNWAY,ACC-C-009085-M1_GATEWAY,DEV-00220
ACC-C-009085-M1_GATEWAY,ACC-C-010074-M1_GATEWAY,DEV-00220
ACC-C-010074-M1_GATEWAY,ACC-C-012499-M1_GATEWAY,DEV-00220
ACC-C-001517-M1_CASHOUT,ACC-C-001517-M2A_RUNWAY,DEV-00112
ACC-C-001517-M2A_RUNWAY,ACC-C-001965-M1_CASHOUT,DEV-00112
ACC-C-001965-M1_CASHOUT,ACC-C-001965-M2A_RUNWAY,DEV-00112
ACC-C-001965-M2A_RUNWAY,ACC-C-006101-M1_CASHOUT,DEV-00112
ACC-C-006101-M1_CASHOUT,ACC-C-006101-M2A_RUNWAY,DEV-00112
ACC-C-006101-M2A_RUNWAY,ACC-C-006202-M1_CASHOUT,DEV-00112
ACC-C-006202-M1_CASHOUT,ACC-C-006202-M2A_RUNWAY,DEV-00112
ACC-C-006202-M2A_RUNWAY,ACC-C-011387-M1_CASHOUT,DEV-00112
ACC-C-011387-M1_CASHOUT,ACC-C-011387-M2_LAYERING,DEV-00112
ACC-C-011387-M2_LAYERING,ACC-C-011387-M2A_RUNWAY,DEV-00112
ACC-C-011387-M2A_RUNWAY,ACC-C-014270-M1_CASHOUT,DEV-00112
ACC-C-014270-M1_CASHOUT,ACC-C-014270-M2A_RUNWAY,DEV-00112
ACC-C-001536-M1_GATEWAY,ACC-C-004143-M1_CASHOUT,DEV-00381
ACC-C-004143-M1_CASHOUT,ACC-C-004143-M2_LAYERING,DEV-00381
ACC-C-004143-M2_LAYERING,ACC-C-004143-M2A_RUNWAY,DEV-00381
ACC-C-004143-M2A_RUNWAY,ACC-C-004176-M1_GATEWAY,DEV-00381
ACC-C-004176-M1_GATEWAY,ACC-C-005952-M1_CASHOUT,DEV-00381
ACC-C-005952-M1_CASHOUT,ACC-C-005952-M2_LAYERING,DEV-00381
ACC-C-005952-M2_LAYERING,ACC-C-005952-M2A_RUNWAY,DEV-00381
ACC-C-005952-M2A_RUNWAY,ACC-C-006300-M1_CASHOUT,DEV-00381
ACC-C-006300-M1_CASHOUT,ACC-C-006300-M2_LAYERING,DEV-00381
ACC-C-006300-M2_LAYERING,ACC-C-006300-M2A_RUNWAY,DEV-00381
ACC-C-006300-M2A_RUNWAY,ACC-C-013852-M1_GATEWAY,DEV-00381
ACC-C-001542-M1_GATEWAY,ACC-C-003648-M1_CASHOUT,DEV-00312
ACC-C-003648-M1_CASHOUT,ACC-C-003648-M2A_RUNWAY,DEV-00312
ACC-C-003648-M2A_RUNWAY,ACC-C-007840-M1_CASHOUT,DEV-00312
ACC-C-007840-M1_CASHOUT,ACC-C-007840-M2A_RUNWAY,DEV-00312
ACC-C-007840-M2A_RUNWAY,ACC-C-008408-M1_GATEWAY,DEV-00312
ACC-C-008408-M1_GATEWAY,ACC-C-014624-M1_CASHOUT,DEV-00312
ACC-C-014624-M1_CASHOUT,ACC-C-014624-M2A_RUNWAY,DEV-00312
ACC-C-014624-M2A_RUNWAY,ACC-C-015252-M1_CASHOUT,DEV-00312
ACC-C-015252-M1_CASHOUT,ACC-C-015252-M2_LAYERING,DEV-00312
ACC-C-015252-M2_LAYERING,ACC-C-015252-M2A_RUNWAY,DEV-00312
ACC-C-001543-M1_GATEWAY,ACC-C-006936-M1_CASHOUT,DEV-00311
ACC-C-006936-M1_CASHOUT,ACC-C-006936-M2A_RUNWAY,DEV-00311
ACC-C-006936-M2A_RUNWAY,ACC-C-008078-M1_CASHOUT,DEV-00311
ACC-C-008078-M1_CASHOUT,ACC-C-008078-M2A_RUNWAY,DEV-00311
ACC-C-008078-M2A_RUNWAY,ACC-C-008491-M1_GATEWAY,DEV-00311
ACC-C-008491-M1_GATEWAY,ACC-C-009213-M1_CASHOUT,DEV-00311
ACC-C-009213-M1_CASHOUT,ACC-C-009213-M2_LAYERING,DEV-00311
ACC-C-009213-M2_LAYERING,ACC-C-009213-M2A_RUNWAY,DEV-00311
ACC-C-009213-M2A_RUNWAY,ACC-C-010852-M1_CASHOUT,DEV-00311
ACC-C-010852-M1_CASHOUT,ACC-C-010852-M2_LAYERING,DEV-00311
ACC-C-010852-M2_LAYERING,ACC-C-010852-M2A_RUNWAY,DEV-00311
ACC-C-010852-M2A_RUNWAY,ACC-C-013496-M1_CASHOUT,DEV-00311
ACC-C-013496-M1_CASHOUT,ACC-C-013496-M2A_RUNWAY,DEV-00311
ACC-C-013496-M2A_RUNWAY,ACC-C-014067-M1_CASHOUT,DEV-00311
ACC-C-014067-M1_CASHOUT,ACC-C-014067-M2A_RUNWAY,DEV-00311
ACC-C-001557-M1_GATEWAY,ACC-C-003178-M1_CASHOUT,DEV-00316
ACC-C-003178-M1_CASHOUT,ACC-C-003178-M2A_RUNWAY,DEV-00316
ACC-C-003178-M2A_RUNWAY,ACC-C-004703-M1_GATEWAY,DEV-00316
ACC-C-004703-M1_GATEWAY,ACC-C-006087-M1_CASHOUT,DEV-00316
ACC-C-006087-M1_CASHOUT,ACC-C-006087-M2_LAYERING,DEV-00316
ACC-C-006087-M2_LAYERING,ACC-C-006087-M2A_RUNWAY,DEV-00316
ACC-C-006087-M2A_RUNWAY,ACC-C-006109-M1_CASHOUT,DEV-00316
ACC-C-006109-M1_CASHOUT,ACC-C-006109-M2_LAYERING,DEV-00316
ACC-C-006109-M2_LAYERING,ACC-C-006109-M2A_RUNWAY,DEV-00316
ACC-C-006109-M2A_RUNWAY,ACC-C-011160-M1_GATEWAY,DEV-00316
ACC-C-001571-M1_CASHOUT,ACC-C-001571-M2_LAYERING,DEV-00081
ACC-C-001571-M2_LAYERING,ACC-C-001571-M2A_RUNWAY,DEV-00081
ACC-C-001571-M2A_RUNWAY,ACC-C-003020-M1_CASHOUT,DEV-00081
ACC-C-003020-M1_CASHOUT,ACC-C-003020-M2_LAYERING,DEV-00081
ACC-C-003020-M2_LAYERING,ACC-C-003020-M2A_RUNWAY,DEV-00081
ACC-C-003020-M2A_RUNWAY,ACC-C-003394-M1_GATEWAY,DEV-00081
ACC-C-003394-M1_GATEWAY,ACC-C-005701-M1_CASHOUT,DEV-00081
ACC-C-005701-M1_CASHOUT,ACC-C-005701-M2_LAYERING,DEV-00081
ACC-C-005701-M2_LAYERING,ACC-C-005701-M2A_RUNWAY,DEV-00081
ACC-C-005701-M2A_RUNWAY,ACC-C-005722-M1_CASHOUT,DEV-00081
ACC-C-005722-M1_CASHOUT,ACC-C-005722-M2A_RUNWAY,DEV-00081
ACC-C-005722-M2A_RUNWAY,ACC-C-011782-M1_GATEWAY,DEV-00081
ACC-C-011782-M1_GATEWAY,ACC-C-013694-M1_GATEWAY,DEV-00081
ACC-C-013694-M1_GATEWAY,ACC-C-015800-M1_CASHOUT,DEV-00081
ACC-C-015800-M1_CASHOUT,ACC-C-015800-M2_LAYERING,DEV-00081
ACC-C-015800-M2_LAYERING,ACC-C-015800-M2A_RUNWAY,DEV-00081
ACC-C-015800-M2A_RUNWAY,ACC-C-016516-M1_GATEWAY,DEV-00081
ACC-C-016516-M1_GATEWAY,ACC-C-017329-M1_GATEWAY,DEV-00081
ACC-C-001575-M1_CASHOUT,ACC-C-001575-M2_LAYERING,DEV-00095
ACC-C-001575-M2_LAYERING,ACC-C-001575-M2A_RUNWAY,DEV-00095
ACC-C-001575-M2A_RUNWAY,ACC-C-003955-M1_CASHOUT,DEV-00095
ACC-C-003955-M1_CASHOUT,ACC-C-003955-M2A_RUNWAY,DEV-00095
ACC-C-003955-M2A_RUNWAY,ACC-C-004708-M1_CASHOUT,DEV-00095
ACC-C-004708-M1_CASHOUT,ACC-C-004708-M2_LAYERING,DEV-00095
ACC-C-004708-M2_LAYERING,ACC-C-004708-M2A_RUNWAY,DEV-00095
ACC-C-004708-M2A_RUNWAY,ACC-C-017761-M1_CASHOUT,DEV-00095
ACC-C-017761-M1_CASHOUT,ACC-C-017761-M2_LAYERING,DEV-00095
ACC-C-017761-M2_LAYERING,ACC-C-017761-M2A_RUNWAY,DEV-00095
ACC-C-001578-M1_CASHOUT,ACC-C-001578-M2A_RUNWAY,DEV-00258
ACC-C-001578-M2A_RUNWAY,ACC-C-002013-M1_CASHOUT,DEV-00258
ACC-C-002013-M1_CASHOUT,ACC-C-002013-M2_LAYERING,DEV-00258
ACC-C-002013-M2_LAYERING,ACC-C-002013-M2A_RUNWAY,DEV-00258
ACC-C-002013-M2A_RUNWAY,ACC-C-004205-M1_GATEWAY,DEV-00258
ACC-C-004205-M1_GATEWAY,ACC-C-004986-M1_GATEWAY,DEV-00258
ACC-C-004986-M1_GATEWAY,ACC-C-007435-M1_CASHOUT,DEV-00258
ACC-C-007435-M1_CASHOUT,ACC-C-007435-M2_LAYERING,DEV-00258
ACC-C-007435-M2_LAYERING,ACC-C-007435-M2A_RUNWAY,DEV-00258
ACC-C-007435-M2A_RUNWAY,ACC-C-007833-M1_CASHOUT,DEV-00258
ACC-C-007833-M1_CASHOUT,ACC-C-007833-M2_LAYERING,DEV-00258
ACC-C-007833-M2_LAYERING,ACC-C-007833-M2A_RUNWAY,DEV-00258
ACC-C-007833-M2A_RUNWAY,ACC-C-015702-M1_CASHOUT,DEV-00258
ACC-C-015702-M1_CASHOUT,ACC-C-015702-M2_LAYERING,DEV-00258
ACC-C-015702-M2_LAYERING,ACC-C-015702-M2A_RUNWAY,DEV-00258
ACC-C-015702-M2A_RUNWAY,ACC-C-016212-M1_CASHOUT,DEV-00258
ACC-C-016212-M1_CASHOUT,ACC-C-016212-M2_LAYERING,DEV-00258
ACC-C-016212-M2_LAYERING,ACC-C-016212-M2A_RUNWAY,DEV-00258
ACC-C-001588-M1_CASHOUT,ACC-C-001588-M2_LAYERING,DEV-00304
ACC-C-001588-M2_LAYERING,ACC-C-001588-M2A_RUNWAY,DEV-00304
ACC-C-001588-M2A_RUNWAY,ACC-C-005078-M1_CASHOUT,DEV-00304
ACC-C-005078-M1_CASHOUT,ACC-C-005078-M2A_RUNWAY,DEV-00304
ACC-C-005078-M2A_RUNWAY,ACC-C-010359-M1_CASHOUT,DEV-00304
ACC-C-010359-M1_CASHOUT,ACC-C-010359-M2A_RUNWAY,DEV-00304
ACC-C-010359-M2A_RUNWAY,ACC-C-012248-M1_GATEWAY,DEV-00304
ACC-C-012248-M1_GATEWAY,ACC-C-012858-M1_CASHOUT,DEV-00304
ACC-C-012858-M1_CASHOUT,ACC-C-012858-M2_LAYERING,DEV-00304
ACC-C-012858-M2_LAYERING,ACC-C-012858-M2A_RUNWAY,DEV-00304
ACC-C-001589-M1_CASHOUT,ACC-C-001589-M2A_RUNWAY,DEV-00001
ACC-C-001589-M2A_RUNWAY,ACC-C-005767-M1_CASHOUT,DEV-00001
ACC-C-005767-M1_CASHOUT,ACC-C-005767-M2_LAYERING,DEV-00001
ACC-C-005767-M2_LAYERING,ACC-C-005767-M2A_RUNWAY,DEV-00001
ACC-C-005767-M2A_RUNWAY,ACC-C-017655-M1_GATEWAY,DEV-00001
ACC-C-001590-M1_CASHOUT,ACC-C-001590-M2A_RUNWAY,DEV-00265
ACC-C-001590-M2A_RUNWAY,ACC-C-002001-M1_GATEWAY,DEV-00265
ACC-C-002001-M1_GATEWAY,ACC-C-002587-M1_CASHOUT,DEV-00265
ACC-C-002587-M1_CASHOUT,ACC-C-002587-M2A_RUNWAY,DEV-00265
ACC-C-002587-M2A_RUNWAY,ACC-C-003594-M1_GATEWAY,DEV-00265
ACC-C-003594-M1_GATEWAY,ACC-C-006674-M1_CASHOUT,DEV-00265
ACC-C-006674-M1_CASHOUT,ACC-C-006674-M2A_RUNWAY,DEV-00265
ACC-C-001601-M1_CASHOUT,ACC-C-001601-M2A_RUNWAY,DEV-00342
ACC-C-001601-M2A_RUNWAY,ACC-C-004384-M1_CASHOUT,DEV-00342
ACC-C-004384-M1_CASHOUT,ACC-C-004384-M2_LAYERING,DEV-00342
ACC-C-004384-M2_LAYERING,ACC-C-004384-M2A_RUNWAY,DEV-00342
ACC-C-004384-M2A_RUNWAY,ACC-C-005036-M1_CASHOUT,DEV-00342
ACC-C-005036-M1_CASHOUT,ACC-C-005036-M2A_RUNWAY,DEV-00342
ACC-C-005036-M2A_RUNWAY,ACC-C-006281-M1_GATEWAY,DEV-00342
ACC-C-006281-M1_GATEWAY,ACC-C-007506-M1_CASHOUT,DEV-00342
ACC-C-007506-M1_CASHOUT,ACC-C-007506-M2A_RUNWAY,DEV-00342
ACC-C-007506-M2A_RUNWAY,ACC-C-007869-M1_GATEWAY,DEV-00342
ACC-C-007869-M1_GATEWAY,ACC-C-015858-M1_GATEWAY,DEV-00342
ACC-C-001606-M1_GATEWAY,ACC-C-004629-M1_GATEWAY,DEV-00138
ACC-C-004629-M1_GATEWAY,ACC-C-006967-M1_GATEWAY,DEV-00138
ACC-C-006967-M1_GATEWAY,ACC-C-007151-M1_GATEWAY,DEV-00138
ACC-C-007151-M1_GATEWAY,ACC-C-007880-M1_CASHOUT,DEV-00138
ACC-C-007880-M1_CASHOUT,ACC-C-007880-M2A_RUNWAY,DEV-00138
ACC-C-007880-M2A_RUNWAY,ACC-C-007908-M1_GATEWAY,DEV-00138
ACC-C-007908-M1_GATEWAY,ACC-C-011254-M1_CASHOUT,DEV-00138
ACC-C-011254-M1_CASHOUT,ACC-C-011254-M2_LAYERING,DEV-00138
ACC-C-011254-M2_LAYERING,ACC-C-011254-M2A_RUNWAY,DEV-00138
ACC-C-001607-M1_GATEWAY,ACC-C-001656-M1_GATEWAY,DEV-00049
ACC-C-001656-M1_GATEWAY,ACC-C-006123-M1_GATEWAY,DEV-00049
ACC-C-006123-M1_GATEWAY,ACC-C-010623-M1_GATEWAY,DEV-00049
ACC-C-010623-M1_GATEWAY,ACC-C-011301-M1_CASHOUT,DEV-00049
ACC-C-011301-M1_CASHOUT,ACC-C-011301-M2A_RUNWAY,DEV-00049
ACC-C-011301-M2A_RUNWAY,ACC-C-012222-M1_CASHOUT,DEV-00049
ACC-C-012222-M1_CASHOUT,ACC-C-012222-M2_LAYERING,DEV-00049
ACC-C-012222-M2_LAYERING,ACC-C-012222-M2A_RUNWAY,DEV-00049
ACC-C-012222-M2A_RUNWAY,ACC-C-014212-M1_GATEWAY,DEV-00049
ACC-C-014212-M1_GATEWAY,ACC-C-017257-M1_GATEWAY,DEV-00049
ACC-C-001618-M1_CASHOUT,ACC-C-001618-M2A_RUNWAY,DEV-00122
ACC-C-001618-M2A_RUNWAY,ACC-C-003375-M1_GATEWAY,DEV-00122
ACC-C-003375-M1_GATEWAY,ACC-C-003524-M1_CASHOUT,DEV-00122
ACC-C-003524-M1_CASHOUT,ACC-C-003524-M2_LAYERING,DEV-00122
ACC-C-003524-M2_LAYERING,ACC-C-003524-M2A_RUNWAY,DEV-00122
ACC-C-003524-M2A_RUNWAY,ACC-C-004451-M1_CASHOUT,DEV-00122
ACC-C-004451-M1_CASHOUT,ACC-C-004451-M2_LAYERING,DEV-00122
ACC-C-004451-M2_LAYERING,ACC-C-004451-M2A_RUNWAY,DEV-00122
ACC-C-004451-M2A_RUNWAY,ACC-C-012725-M1_CASHOUT,DEV-00122
ACC-C-012725-M1_CASHOUT,ACC-C-012725-M2A_RUNWAY,DEV-00122
ACC-C-012725-M2A_RUNWAY,ACC-C-013282-M1_GATEWAY,DEV-00122
ACC-C-013282-M1_GATEWAY,ACC-C-016122-M1_CASHOUT,DEV-00122
ACC-C-016122-M1_CASHOUT,ACC-C-016122-M2A_RUNWAY,DEV-00122
ACC-C-001652-M1_CASHOUT,ACC-C-001652-M2A_RUNWAY,DEV-00351
ACC-C-001652-M2A_RUNWAY,ACC-C-002453-M1_GATEWAY,DEV-00351
ACC-C-002453-M1_GATEWAY,ACC-C-003461-M1_CASHOUT,DEV-00351
ACC-C-003461-M1_CASHOUT,ACC-C-003461-M2A_RUNWAY,DEV-00351
ACC-C-003461-M2A_RUNWAY,ACC-C-005790-M1_GATEWAY,DEV-00351
ACC-C-005790-M1_GATEWAY,ACC-C-007439-M1_CASHOUT,DEV-00351
ACC-C-007439-M1_CASHOUT,ACC-C-007439-M2_LAYERING,DEV-00351
ACC-C-007439-M2_LAYERING,ACC-C-007439-M2A_RUNWAY,DEV-00351
ACC-C-007439-M2A_RUNWAY,ACC-C-010979-M1_CASHOUT,DEV-00351
ACC-C-010979-M1_CASHOUT,ACC-C-010979-M2A_RUNWAY,DEV-00351
ACC-C-010979-M2A_RUNWAY,ACC-C-011049-M1_CASHOUT,DEV-00351
ACC-C-011049-M1_CASHOUT,ACC-C-011049-M2_LAYERING,DEV-00351
ACC-C-011049-M2_LAYERING,ACC-C-011049-M2A_RUNWAY,DEV-00351
ACC-C-011049-M2A_RUNWAY,ACC-C-014979-M1_GATEWAY,DEV-00351
ACC-C-014979-M1_GATEWAY,ACC-C-017971-M1_CASHOUT,DEV-00351
ACC-C-017971-M1_CASHOUT,ACC-C-017971-M2A_RUNWAY,DEV-00351
ACC-C-001659-M1_CASHOUT,ACC-C-001659-M2_LAYERING,DEV-00045
ACC-C-001659-M2_LAYERING,ACC-C-001659-M2A_RUNWAY,DEV-00045
ACC-C-001659-M2A_RUNWAY,ACC-C-001699-M1_CASHOUT,DEV-00045
ACC-C-001699-M1_CASHOUT,ACC-C-001699-M2A_RUNWAY,DEV-00045
ACC-C-001699-M2A_RUNWAY,ACC-C-002850-M1_CASHOUT,DEV-00045
ACC-C-002850-M1_CASHOUT,ACC-C-002850-M2A_RUNWAY,DEV-00045
ACC-C-002850-M2A_RUNWAY,ACC-C-003792-M1_CASHOUT,DEV-00045
ACC-C-003792-M1_CASHOUT,ACC-C-003792-M2A_RUNWAY,DEV-00045
ACC-C-003792-M2A_RUNWAY,ACC-C-009465-M1_CASHOUT,DEV-00045
ACC-C-009465-M1_CASHOUT,ACC-C-009465-M2A_RUNWAY,DEV-00045
ACC-C-009465-M2A_RUNWAY,ACC-C-009911-M1_GATEWAY,DEV-00045
ACC-C-001708-M1_GATEWAY,ACC-C-003525-M1_GATEWAY,DEV-00092
ACC-C-003525-M1_GATEWAY,ACC-C-003601-M1_CASHOUT,DEV-00092
ACC-C-003601-M1_CASHOUT,ACC-C-003601-M2A_RUNWAY,DEV-00092
ACC-C-003601-M2A_RUNWAY,ACC-C-006567-M1_GATEWAY,DEV-00092
ACC-C-006567-M1_GATEWAY,ACC-C-006849-M1_GATEWAY,DEV-00092
ACC-C-006849-M1_GATEWAY,ACC-C-009230-M1_GATEWAY,DEV-00092
ACC-C-009230-M1_GATEWAY,ACC-C-010765-M1_CASHOUT,DEV-00092
ACC-C-010765-M1_CASHOUT,ACC-C-010765-M2A_RUNWAY,DEV-00092
ACC-C-010765-M2A_RUNWAY,ACC-C-016502-M1_CASHOUT,DEV-00092
ACC-C-016502-M1_CASHOUT,ACC-C-016502-M2_LAYERING,DEV-00092
ACC-C-016502-M2_LAYERING,ACC-C-016502-M2A_RUNWAY,DEV-00092
ACC-C-001719-M1_GATEWAY,ACC-C-003803-M1_GATEWAY,DEV-00221
ACC-C-003803-M1_GATEWAY,ACC-C-004406-M1_GATEWAY,DEV-00221
ACC-C-004406-M1_GATEWAY,ACC-C-005129-M1_CASHOUT,DEV-00221
ACC-C-005129-M1_CASHOUT,ACC-C-005129-M2A_RUNWAY,DEV-00221
ACC-C-005129-M2A_RUNWAY,ACC-C-009639-M1_CASHOUT,DEV-00221
ACC-C-009639-M1_CASHOUT,ACC-C-009639-M2_LAYERING,DEV-00221
ACC-C-009639-M2_LAYERING,ACC-C-009639-M2A_RUNWAY,DEV-00221
ACC-C-009639-M2A_RUNWAY,ACC-C-009842-M1_CASHOUT,DEV-00221
ACC-C-009842-M1_CASHOUT,ACC-C-009842-M2_LAYERING,DEV-00221
ACC-C-009842-M2_LAYERING,ACC-C-009842-M2A_RUNWAY,DEV-00221
ACC-C-009842-M2A_RUNWAY,ACC-C-017393-M1_GATEWAY,DEV-00221
ACC-C-001741-M1_CASHOUT,ACC-C-001741-M2A_RUNWAY,DEV-00083
ACC-C-001741-M2A_RUNWAY,ACC-C-002927-M1_CASHOUT,DEV-00083
ACC-C-002927-M1_CASHOUT,ACC-C-002927-M2_LAYERING,DEV-00083
ACC-C-002927-M2_LAYERING,ACC-C-002927-M2A_RUNWAY,DEV-00083
ACC-C-002927-M2A_RUNWAY,ACC-C-003901-M1_GATEWAY,DEV-00083
ACC-C-003901-M1_GATEWAY,ACC-C-006946-M1_CASHOUT,DEV-00083
ACC-C-006946-M1_CASHOUT,ACC-C-006946-M2A_RUNWAY,DEV-00083
ACC-C-006946-M2A_RUNWAY,ACC-C-014663-M1_GATEWAY,DEV-00083
ACC-C-001787-M1_CASHOUT,ACC-C-001787-M2_LAYERING,DEV-00284
ACC-C-001787-M2_LAYERING,ACC-C-001787-M2A_RUNWAY,DEV-00284
ACC-C-001787-M2A_RUNWAY,ACC-C-002707-M1_CASHOUT,DEV-00284
ACC-C-002707-M1_CASHOUT,ACC-C-002707-M2A_RUNWAY,DEV-00284
ACC-C-002707-M2A_RUNWAY,ACC-C-003098-M1_GATEWAY,DEV-00284
ACC-C-003098-M1_GATEWAY,ACC-C-007027-M1_CASHOUT,DEV-00284
ACC-C-007027-M1_CASHOUT,ACC-C-007027-M2_LAYERING,DEV-00284
ACC-C-007027-M2_LAYERING,ACC-C-007027-M2A_RUNWAY,DEV-00284
ACC-C-007027-M2A_RUNWAY,ACC-C-010020-M1_GATEWAY,DEV-00284
ACC-C-010020-M1_GATEWAY,ACC-C-010309-M1_GATEWAY,DEV-00284
ACC-C-010309-M1_GATEWAY,ACC-C-010960-M1_GATEWAY,DEV-00284
ACC-C-010960-M1_GATEWAY,ACC-C-011845-M1_CASHOUT,DEV-00284
ACC-C-011845-M1_CASHOUT,ACC-C-011845-M2_LAYERING,DEV-00284
ACC-C-011845-M2_LAYERING,ACC-C-011845-M2A_RUNWAY,DEV-00284
ACC-C-011845-M2A_RUNWAY,ACC-C-014729-M1_CASHOUT,DEV-00284
ACC-C-014729-M1_CASHOUT,ACC-C-014729-M2_LAYERING,DEV-00284
ACC-C-014729-M2_LAYERING,ACC-C-014729-M2A_RUNWAY,DEV-00284
ACC-C-001798-M1_GATEWAY,ACC-C-005639-M1_GATEWAY,DEV-00075
ACC-C-005639-M1_GATEWAY,ACC-C-009017-M1_GATEWAY,DEV-00075
ACC-C-009017-M1_GATEWAY,ACC-C-015337-M1_GATEWAY,DEV-00075
ACC-C-001810-M1_GATEWAY,ACC-C-007821-M1_GATEWAY,DEV-00192
ACC-C-007821-M1_GATEWAY,ACC-C-014431-M1_GATEWAY,DEV-00192
ACC-C-014431-M1_GATEWAY,ACC-C-015276-M1_GATEWAY,DEV-00192
ACC-C-001834-M1_CASHOUT,ACC-C-001834-M2_LAYERING,DEV-00398
ACC-C-001834-M2_LAYERING,ACC-C-001834-M2A_RUNWAY,DEV-00398
ACC-C-001834-M2A_RUNWAY,ACC-C-003867-M1_CASHOUT,DEV-00398
ACC-C-003867-M1_CASHOUT,ACC-C-003867-M2A_RUNWAY,DEV-00398
ACC-C-003867-M2A_RUNWAY,ACC-C-006548-M1_CASHOUT,DEV-00398
ACC-C-006548-M1_CASHOUT,ACC-C-006548-M2_LAYERING,DEV-00398
ACC-C-006548-M2_LAYERING,ACC-C-006548-M2A_RUNWAY,DEV-00398
ACC-C-006548-M2A_RUNWAY,ACC-C-006737-M1_CASHOUT,DEV-00398
ACC-C-006737-M1_CASHOUT,ACC-C-006737-M2A_RUNWAY,DEV-00398
ACC-C-006737-M2A_RUNWAY,ACC-C-007512-M1_GATEWAY,DEV-00398
ACC-C-007512-M1_GATEWAY,ACC-C-009839-M1_CASHOUT,DEV-00398
ACC-C-009839-M1_CASHOUT,ACC-C-009839-M2_LAYERING,DEV-00398
ACC-C-009839-M2_LAYERING,ACC-C-009839-M2A_RUNWAY,DEV-00398
ACC-C-009839-M2A_RUNWAY,ACC-C-010209-M1_GATEWAY,DEV-00398
ACC-C-010209-M1_GATEWAY,ACC-C-016526-M1_GATEWAY,DEV-00398
ACC-C-001839-M1_GATEWAY,ACC-C-002524-M1_CASHOUT,DEV-00190
ACC-C-002524-M1_CASHOUT,ACC-C-002524-M2_LAYERING,DEV-00190
ACC-C-002524-M2_LAYERING,ACC-C-002524-M2A_RUNWAY,DEV-00190
ACC-C-002524-M2A_RUNWAY,ACC-C-003866-M1_GATEWAY,DEV-00190
ACC-C-003866-M1_GATEWAY,ACC-C-004609-M1_CASHOUT,DEV-00190
ACC-C-004609-M1_CASHOUT,ACC-C-004609-M2_LAYERING,DEV-00190
ACC-C-004609-M2_LAYERING,ACC-C-004609-M2A_RUNWAY,DEV-00190
ACC-C-004609-M2A_RUNWAY,ACC-C-006066-M1_GATEWAY,DEV-00190
ACC-C-006066-M1_GATEWAY,ACC-C-008365-M1_GATEWAY,DEV-00190
ACC-C-008365-M1_GATEWAY,ACC-C-008835-M1_GATEWAY,DEV-00190
ACC-C-008835-M1_GATEWAY,ACC-C-010458-M1_GATEWAY,DEV-00190
ACC-C-010458-M1_GATEWAY,ACC-C-013392-M1_GATEWAY,DEV-00190
ACC-C-013392-M1_GATEWAY,ACC-C-015061-M1_CASHOUT,DEV-00190
ACC-C-015061-M1_CASHOUT,ACC-C-015061-M2_LAYERING,DEV-00190
ACC-C-015061-M2_LAYERING,ACC-C-015061-M2A_RUNWAY,DEV-00190
ACC-C-015061-M2A_RUNWAY,ACC-C-016734-M1_CASHOUT,DEV-00190
ACC-C-016734-M1_CASHOUT,ACC-C-016734-M2A_RUNWAY,DEV-00190
ACC-C-016734-M2A_RUNWAY,ACC-C-017099-M1_CASHOUT,DEV-00190
ACC-C-017099-M1_CASHOUT,ACC-C-017099-M2A_RUNWAY,DEV-00190
ACC-C-017099-M2A_RUNWAY,ACC-C-017133-M1_CASHOUT,DEV-00190
ACC-C-017133-M1_CASHOUT,ACC-C-017133-M2_LAYERING,DEV-00190
ACC-C-017133-M2_LAYERING,ACC-C-017133-M2A_RUNWAY,DEV-00190
ACC-C-001844-M1_CASHOUT,ACC-C-001844-M2A_RUNWAY,DEV-00037
ACC-C-001844-M2A_RUNWAY,ACC-C-010234-M1_GATEWAY,DEV-00037
ACC-C-010234-M1_GATEWAY,ACC-C-012876-M1_CASHOUT,DEV-00037
ACC-C-012876-M1_CASHOUT,ACC-C-012876-M2A_RUNWAY,DEV-00037
ACC-C-012876-M2A_RUNWAY,ACC-C-015078-M1_CASHOUT,DEV-00037
ACC-C-015078-M1_CASHOUT,ACC-C-015078-M2_LAYERING,DEV-00037
ACC-C-015078-M2_LAYERING,ACC-C-015078-M2A_RUNWAY,DEV-00037
ACC-C-001856-M1_CASHOUT,ACC-C-001856-M2_LAYERING,DEV-00057
ACC-C-001856-M2_LAYERING,ACC-C-001856-M2A_RUNWAY,DEV-00057
ACC-C-001856-M2A_RUNWAY,ACC-C-001872-M1_CASHOUT,DEV-00057
ACC-C-001872-M1_CASHOUT,ACC-C-001872-M2_LAYERING,DEV-00057
ACC-C-001872-M2_LAYERING,ACC-C-001872-M2A_RUNWAY,DEV-00057
ACC-C-001872-M2A_RUNWAY,ACC-C-008779-M1_CASHOUT,DEV-00057
ACC-C-008779-M1_CASHOUT,ACC-C-008779-M2_LAYERING,DEV-00057
ACC-C-008779-M2_LAYERING,ACC-C-008779-M2A_RUNWAY,DEV-00057
ACC-C-008779-M2A_RUNWAY,ACC-C-012385-M1_GATEWAY,DEV-00057
ACC-C-012385-M1_GATEWAY,ACC-C-012806-M1_CASHOUT,DEV-00057
ACC-C-012806-M1_CASHOUT,ACC-C-012806-M2_LAYERING,DEV-00057
ACC-C-012806-M2_LAYERING,ACC-C-012806-M2A_RUNWAY,DEV-00057
ACC-C-012806-M2A_RUNWAY,ACC-C-016303-M1_GATEWAY,DEV-00057
ACC-C-016303-M1_GATEWAY,ACC-C-016372-M1_CASHOUT,DEV-00057
ACC-C-016372-M1_CASHOUT,ACC-C-016372-M2_LAYERING,DEV-00057
ACC-C-016372-M2_LAYERING,ACC-C-016372-M2A_RUNWAY,DEV-00057
ACC-C-001894-M1_CASHOUT,ACC-C-001894-M2A_RUNWAY,DEV-00238
ACC-C-001894-M2A_RUNWAY,ACC-C-002548-M1_GATEWAY,DEV-00238
ACC-C-002548-M1_GATEWAY,ACC-C-002838-M1_CASHOUT,DEV-00238
ACC-C-002838-M1_CASHOUT,ACC-C-002838-M2_LAYERING,DEV-00238
ACC-C-002838-M2_LAYERING,ACC-C-002838-M2A_RUNWAY,DEV-00238
ACC-C-002838-M2A_RUNWAY,ACC-C-003433-M1_CASHOUT,DEV-00238
ACC-C-003433-M1_CASHOUT,ACC-C-003433-M2_LAYERING,DEV-00238
ACC-C-003433-M2_LAYERING,ACC-C-003433-M2A_RUNWAY,DEV-00238
ACC-C-003433-M2A_RUNWAY,ACC-C-003467-M1_CASHOUT,DEV-00238
ACC-C-003467-M1_CASHOUT,ACC-C-003467-M2_LAYERING,DEV-00238
ACC-C-003467-M2_LAYERING,ACC-C-003467-M2A_RUNWAY,DEV-00238
ACC-C-003467-M2A_RUNWAY,ACC-C-003535-M1_CASHOUT,DEV-00238
ACC-C-003535-M1_CASHOUT,ACC-C-003535-M2_LAYERING,DEV-00238
ACC-C-003535-M2_LAYERING,ACC-C-003535-M2A_RUNWAY,DEV-00238
ACC-C-003535-M2A_RUNWAY,ACC-C-004371-M1_GATEWAY,DEV-00238
ACC-C-004371-M1_GATEWAY,ACC-C-009758-M1_CASHOUT,DEV-00238
ACC-C-009758-M1_CASHOUT,ACC-C-009758-M2_LAYERING,DEV-00238
ACC-C-009758-M2_LAYERING,ACC-C-009758-M2A_RUNWAY,DEV-00238
ACC-C-009758-M2A_RUNWAY,ACC-C-017110-M1_GATEWAY,DEV-00238
ACC-C-001905-M1_CASHOUT,ACC-C-001905-M2_LAYERING,DEV-00354
ACC-C-001905-M2_LAYERING,ACC-C-001905-M2A_RUNWAY,DEV-00354
ACC-C-001905-M2A_RUNWAY,ACC-C-002125-M1_GATEWAY,DEV-00354
ACC-C-002125-M1_GATEWAY,ACC-C-002158-M1_CASHOUT,DEV-00354
ACC-C-002158-M1_CASHOUT,ACC-C-002158-M2_LAYERING,DEV-00354
ACC-C-002158-M2_LAYERING,ACC-C-002158-M2A_RUNWAY,DEV-00354
ACC-C-002158-M2A_RUNWAY,ACC-C-003637-M1_GATEWAY,DEV-00354
ACC-C-003637-M1_GATEWAY,ACC-C-007405-M1_CASHOUT,DEV-00354
ACC-C-007405-M1_CASHOUT,ACC-C-007405-M2_LAYERING,DEV-00354
ACC-C-007405-M2_LAYERING,ACC-C-007405-M2A_RUNWAY,DEV-00354
ACC-C-007405-M2A_RUNWAY,ACC-C-012253-M1_GATEWAY,DEV-00354
ACC-C-012253-M1_GATEWAY,ACC-C-014986-M1_CASHOUT,DEV-00354
ACC-C-014986-M1_CASHOUT,ACC-C-014986-M2A_RUNWAY,DEV-00354
ACC-C-014986-M2A_RUNWAY,ACC-C-016924-M1_GATEWAY,DEV-00354
ACC-C-001925-M1_GATEWAY,ACC-C-003437-M1_CASHOUT,DEV-00331
ACC-C-003437-M1_CASHOUT,ACC-C-003437-M2A_RUNWAY,DEV-00331
ACC-C-003437-M2A_RUNWAY,ACC-C-005681-M1_CASHOUT,DEV-00331
ACC-C-005681-M1_CASHOUT,ACC-C-005681-M2A_RUNWAY,DEV-00331
ACC-C-005681-M2A_RUNWAY,ACC-C-006875-M1_CASHOUT,DEV-00331
ACC-C-006875-M1_CASHOUT,ACC-C-006875-M2A_RUNWAY,DEV-00331
ACC-C-006875-M2A_RUNWAY,ACC-C-010663-M1_CASHOUT,DEV-00331
ACC-C-010663-M1_CASHOUT,ACC-C-010663-M2_LAYERING,DEV-00331
ACC-C-010663-M2_LAYERING,ACC-C-010663-M2A_RUNWAY,DEV-00331
ACC-C-010663-M2A_RUNWAY,ACC-C-012018-M1_GATEWAY,DEV-00331
ACC-C-012018-M1_GATEWAY,ACC-C-012426-M1_CASHOUT,DEV-00331
ACC-C-012426-M1_CASHOUT,ACC-C-012426-M2_LAYERING,DEV-00331
ACC-C-012426-M2_LAYERING,ACC-C-012426-M2A_RUNWAY,DEV-00331
ACC-C-012426-M2A_RUNWAY,ACC-C-012569-M1_GATEWAY,DEV-00331
ACC-C-012569-M1_GATEWAY,ACC-C-013339-M1_GATEWAY,DEV-00331
ACC-C-001926-M1_GATEWAY,ACC-C-002288-M1_CASHOUT,DEV-00088
ACC-C-002288-M1_CASHOUT,ACC-C-002288-M2A_RUNWAY,DEV-00088
ACC-C-002288-M2A_RUNWAY,ACC-C-003846-M1_CASHOUT,DEV-00088
ACC-C-003846-M1_CASHOUT,ACC-C-003846-M2_LAYERING,DEV-00088
ACC-C-003846-M2_LAYERING,ACC-C-003846-M2A_RUNWAY,DEV-00088
ACC-C-003846-M2A_RUNWAY,ACC-C-003927-M1_GATEWAY,DEV-00088
ACC-C-003927-M1_GATEWAY,ACC-C-004955-M1_GATEWAY,DEV-00088
ACC-C-004955-M1_GATEWAY,ACC-C-005138-M1_CASHOUT,DEV-00088
ACC-C-005138-M1_CASHOUT,ACC-C-005138-M2_LAYERING,DEV-00088
ACC-C-005138-M2_LAYERING,ACC-C-005138-M2A_RUNWAY,DEV-00088
ACC-C-005138-M2A_RUNWAY,ACC-C-005744-M1_CASHOUT,DEV-00088
ACC-C-005744-M1_CASHOUT,ACC-C-005744-M2_LAYERING,DEV-00088
ACC-C-005744-M2_LAYERING,ACC-C-005744-M2A_RUNWAY,DEV-00088
ACC-C-005744-M2A_RUNWAY,ACC-C-009701-M1_CASHOUT,DEV-00088
ACC-C-009701-M1_CASHOUT,ACC-C-009701-M2_LAYERING,DEV-00088
ACC-C-009701-M2_LAYERING,ACC-C-009701-M2A_RUNWAY,DEV-00088
ACC-C-001941-M1_GATEWAY,ACC-C-003156-M1_GATEWAY,DEV-00166
ACC-C-003156-M1_GATEWAY,ACC-C-004469-M1_GATEWAY,DEV-00166
ACC-C-004469-M1_GATEWAY,ACC-C-006264-M1_CASHOUT,DEV-00166
ACC-C-006264-M1_CASHOUT,ACC-C-006264-M2_LAYERING,DEV-00166
ACC-C-006264-M2_LAYERING,ACC-C-006264-M2A_RUNWAY,DEV-00166
ACC-C-006264-M2A_RUNWAY,ACC-C-010365-M1_GATEWAY,DEV-00166
ACC-C-010365-M1_GATEWAY,ACC-C-012227-M1_CASHOUT,DEV-00166
ACC-C-012227-M1_CASHOUT,ACC-C-012227-M2_LAYERING,DEV-00166
ACC-C-012227-M2_LAYERING,ACC-C-012227-M2A_RUNWAY,DEV-00166
ACC-C-001949-M1_GATEWAY,ACC-C-002173-M1_CASHOUT,DEV-00388
ACC-C-002173-M1_CASHOUT,ACC-C-002173-M2A_RUNWAY,DEV-00388
ACC-C-002173-M2A_RUNWAY,ACC-C-003121-M1_GATEWAY,DEV-00388
ACC-C-003121-M1_GATEWAY,ACC-C-004139-M1_CASHOUT,DEV-00388
ACC-C-004139-M1_CASHOUT,ACC-C-004139-M2_LAYERING,DEV-00388
ACC-C-004139-M2_LAYERING,ACC-C-004139-M2A_RUNWAY,DEV-00388
ACC-C-004139-M2A_RUNWAY,ACC-C-009479-M1_CASHOUT,DEV-00388
ACC-C-009479-M1_CASHOUT,ACC-C-009479-M2A_RUNWAY,DEV-00388
ACC-C-001966-M1_CASHOUT,ACC-C-001966-M2_LAYERING,DEV-00307
ACC-C-001966-M2_LAYERING,ACC-C-001966-M2A_RUNWAY,DEV-00307
ACC-C-001966-M2A_RUNWAY,ACC-C-004870-M1_GATEWAY,DEV-00307
ACC-C-004870-M1_GATEWAY,ACC-C-007410-M1_CASHOUT,DEV-00307
ACC-C-007410-M1_CASHOUT,ACC-C-007410-M2_LAYERING,DEV-00307
ACC-C-007410-M2_LAYERING,ACC-C-007410-M2A_RUNWAY,DEV-00307
ACC-C-007410-M2A_RUNWAY,ACC-C-008913-M1_CASHOUT,DEV-00307
ACC-C-008913-M1_CASHOUT,ACC-C-008913-M2A_RUNWAY,DEV-00307
ACC-C-008913-M2A_RUNWAY,ACC-C-009961-M1_CASHOUT,DEV-00307
ACC-C-009961-M1_CASHOUT,ACC-C-009961-M2_LAYERING,DEV-00307
ACC-C-009961-M2_LAYERING,ACC-C-009961-M2A_RUNWAY,DEV-00307
ACC-C-009961-M2A_RUNWAY,ACC-C-014744-M1_CASHOUT,DEV-00307
ACC-C-014744-M1_CASHOUT,ACC-C-014744-M2_LAYERING,DEV-00307
ACC-C-014744-M2_LAYERING,ACC-C-014744-M2A_RUNWAY,DEV-00307
ACC-C-014744-M2A_RUNWAY,ACC-C-016119-M1_CASHOUT,DEV-00307
ACC-C-016119-M1_CASHOUT,ACC-C-016119-M2_LAYERING,DEV-00307
ACC-C-016119-M2_LAYERING,ACC-C-016119-M2A_RUNWAY,DEV-00307
ACC-C-001967-M1_GATEWAY,ACC-C-002743-M1_CASHOUT,DEV-00293
ACC-C-002743-M1_CASHOUT,ACC-C-002743-M2_LAYERING,DEV-00293
ACC-C-002743-M2_LAYERING,ACC-C-002743-M2A_RUNWAY,DEV-00293
ACC-C-002743-M2A_RUNWAY,ACC-C-007081-M1_GATEWAY,DEV-00293
ACC-C-007081-M1_GATEWAY,ACC-C-011197-M1_GATEWAY,DEV-00293
ACC-C-011197-M1_GATEWAY,ACC-C-014751-M1_GATEWAY,DEV-00293
ACC-C-014751-M1_GATEWAY,ACC-C-015107-M1_CASHOUT,DEV-00293
ACC-C-015107-M1_CASHOUT,ACC-C-015107-M2_LAYERING,DEV-00293
ACC-C-015107-M2_LAYERING,ACC-C-015107-M2A_RUNWAY,DEV-00293
ACC-C-015107-M2A_RUNWAY,ACC-C-016589-M1_GATEWAY,DEV-00293
ACC-C-001968-M1_GATEWAY,ACC-C-013513-M1_CASHOUT,DEV-00188
ACC-C-013513-M1_CASHOUT,ACC-C-013513-M2A_RUNWAY,DEV-00188
ACC-C-013513-M2A_RUNWAY,ACC-C-013591-M1_CASHOUT,DEV-00188
ACC-C-013591-M1_CASHOUT,ACC-C-013591-M2A_RUNWAY,DEV-00188
ACC-C-013591-M2A_RUNWAY,ACC-C-014192-M1_GATEWAY,DEV-00188
ACC-C-014192-M1_GATEWAY,ACC-C-017061-M1_CASHOUT,DEV-00188
ACC-C-017061-M1_CASHOUT,ACC-C-017061-M2_LAYERING,DEV-00188
ACC-C-017061-M2_LAYERING,ACC-C-017061-M2A_RUNWAY,DEV-00188
ACC-C-001999-M1_CASHOUT,ACC-C-001999-M2_LAYERING,DEV-00019
ACC-C-001999-M2_LAYERING,ACC-C-001999-M2A_RUNWAY,DEV-00019
ACC-C-001999-M2A_RUNWAY,ACC-C-002954-M1_GATEWAY,DEV-00019
ACC-C-002954-M1_GATEWAY,ACC-C-006990-M1_GATEWAY,DEV-00019
ACC-C-006990-M1_GATEWAY,ACC-C-009232-M1_GATEWAY,DEV-00019
ACC-C-009232-M1_GATEWAY,ACC-C-012643-M1_CASHOUT,DEV-00019
ACC-C-012643-M1_CASHOUT,ACC-C-012643-M2_LAYERING,DEV-00019
ACC-C-012643-M2_LAYERING,ACC-C-012643-M2A_RUNWAY,DEV-00019
ACC-C-012643-M2A_RUNWAY,ACC-C-012908-M1_CASHOUT,DEV-00019
ACC-C-012908-M1_CASHOUT,ACC-C-012908-M2A_RUNWAY,DEV-00019
ACC-C-012908-M2A_RUNWAY,ACC-C-015367-M1_CASHOUT,DEV-00019
ACC-C-015367-M1_CASHOUT,ACC-C-015367-M2_LAYERING,DEV-00019
ACC-C-015367-M2_LAYERING,ACC-C-015367-M2A_RUNWAY,DEV-00019
ACC-C-002009-M1_CASHOUT,ACC-C-002009-M2_LAYERING,DEV-00226
ACC-C-002009-M2_LAYERING,ACC-C-002009-M2A_RUNWAY,DEV-00226
ACC-C-002009-M2A_RUNWAY,ACC-C-003150-M1_GATEWAY,DEV-00226
ACC-C-003150-M1_GATEWAY,ACC-C-003533-M1_CASHOUT,DEV-00226
ACC-C-003533-M1_CASHOUT,ACC-C-003533-M2_LAYERING,DEV-00226
ACC-C-003533-M2_LAYERING,ACC-C-003533-M2A_RUNWAY,DEV-00226
ACC-C-003533-M2A_RUNWAY,ACC-C-005838-M1_CASHOUT,DEV-00226
ACC-C-005838-M1_CASHOUT,ACC-C-005838-M2_LAYERING,DEV-00226
ACC-C-005838-M2_LAYERING,ACC-C-005838-M2A_RUNWAY,DEV-00226
ACC-C-005838-M2A_RUNWAY,ACC-C-007961-M1_GATEWAY,DEV-00226
ACC-C-007961-M1_GATEWAY,ACC-C-012671-M1_GATEWAY,DEV-00226
ACC-C-002030-M1_GATEWAY,ACC-C-003148-M1_CASHOUT,DEV-00158
ACC-C-003148-M1_CASHOUT,ACC-C-003148-M2_LAYERING,DEV-00158
ACC-C-003148-M2_LAYERING,ACC-C-003148-M2A_RUNWAY,DEV-00158
ACC-C-003148-M2A_RUNWAY,ACC-C-004757-M1_GATEWAY,DEV-00158
ACC-C-004757-M1_GATEWAY,ACC-C-006229-M1_CASHOUT,DEV-00158
ACC-C-006229-M1_CASHOUT,ACC-C-006229-M2_LAYERING,DEV-00158
ACC-C-006229-M2_LAYERING,ACC-C-006229-M2A_RUNWAY,DEV-00158
ACC-C-006229-M2A_RUNWAY,ACC-C-008705-M1_CASHOUT,DEV-00158
ACC-C-008705-M1_CASHOUT,ACC-C-008705-M2_LAYERING,DEV-00158
ACC-C-008705-M2_LAYERING,ACC-C-008705-M2A_RUNWAY,DEV-00158
ACC-C-008705-M2A_RUNWAY,ACC-C-013340-M1_GATEWAY,DEV-00158
ACC-C-013340-M1_GATEWAY,ACC-C-013805-M1_CASHOUT,DEV-00158
ACC-C-013805-M1_CASHOUT,ACC-C-013805-M2A_RUNWAY,DEV-00158
ACC-C-002074-M1_GATEWAY,ACC-C-003038-M1_GATEWAY,DEV-00377
ACC-C-003038-M1_GATEWAY,ACC-C-003075-M1_GATEWAY,DEV-00377
ACC-C-003075-M1_GATEWAY,ACC-C-003730-M1_CASHOUT,DEV-00377
ACC-C-003730-M1_CASHOUT,ACC-C-003730-M2A_RUNWAY,DEV-00377
ACC-C-003730-M2A_RUNWAY,ACC-C-006333-M1_GATEWAY,DEV-00377
ACC-C-006333-M1_GATEWAY,ACC-C-007125-M1_CASHOUT,DEV-00377
ACC-C-007125-M1_CASHOUT,ACC-C-007125-M2A_RUNWAY,DEV-00377
ACC-C-007125-M2A_RUNWAY,ACC-C-008150-M1_GATEWAY,DEV-00377
ACC-C-008150-M1_GATEWAY,ACC-C-015672-M1_CASHOUT,DEV-00377
ACC-C-015672-M1_CASHOUT,ACC-C-015672-M2_LAYERING,DEV-00377
ACC-C-015672-M2_LAYERING,ACC-C-015672-M2A_RUNWAY,DEV-00377
ACC-C-015672-M2A_RUNWAY,ACC-C-015717-M1_GATEWAY,DEV-00377
ACC-C-002105-M1_CASHOUT,ACC-C-002105-M2_LAYERING,DEV-00210
ACC-C-002105-M2_LAYERING,ACC-C-002105-M2A_RUNWAY,DEV-00210
ACC-C-002105-M2A_RUNWAY,ACC-C-003912-M1_CASHOUT,DEV-00210
ACC-C-003912-M1_CASHOUT,ACC-C-003912-M2_LAYERING,DEV-00210
ACC-C-003912-M2_LAYERING,ACC-C-003912-M2A_RUNWAY,DEV-00210
ACC-C-003912-M2A_RUNWAY,ACC-C-003935-M1_CASHOUT,DEV-00210
ACC-C-003935-M1_CASHOUT,ACC-C-003935-M2_LAYERING,DEV-00210
ACC-C-003935-M2_LAYERING,ACC-C-003935-M2A_RUNWAY,DEV-00210
ACC-C-003935-M2A_RUNWAY,ACC-C-004761-M1_CASHOUT,DEV-00210
ACC-C-004761-M1_CASHOUT,ACC-C-004761-M2_LAYERING,DEV-00210
ACC-C-004761-M2_LAYERING,ACC-C-004761-M2A_RUNWAY,DEV-00210
ACC-C-004761-M2A_RUNWAY,ACC-C-004852-M1_CASHOUT,DEV-00210
ACC-C-004852-M1_CASHOUT,ACC-C-004852-M2A_RUNWAY,DEV-00210
ACC-C-004852-M2A_RUNWAY,ACC-C-009756-M1_CASHOUT,DEV-00210
ACC-C-009756-M1_CASHOUT,ACC-C-009756-M2A_RUNWAY,DEV-00210
ACC-C-009756-M2A_RUNWAY,ACC-C-014168-M1_GATEWAY,DEV-00210
ACC-C-014168-M1_GATEWAY,ACC-C-014333-M1_CASHOUT,DEV-00210
ACC-C-014333-M1_CASHOUT,ACC-C-014333-M2_LAYERING,DEV-00210
ACC-C-014333-M2_LAYERING,ACC-C-014333-M2A_RUNWAY,DEV-00210
ACC-C-014333-M2A_RUNWAY,ACC-C-015178-M1_CASHOUT,DEV-00210
ACC-C-015178-M1_CASHOUT,ACC-C-015178-M2A_RUNWAY,DEV-00210
ACC-C-002110-M1_GATEWAY,ACC-C-002709-M1_CASHOUT,DEV-00133
ACC-C-002709-M1_CASHOUT,ACC-C-002709-M2_LAYERING,DEV-00133
ACC-C-002709-M2_LAYERING,ACC-C-002709-M2A_RUNWAY,DEV-00133
ACC-C-002709-M2A_RUNWAY,ACC-C-011934-M1_CASHOUT,DEV-00133
ACC-C-011934-M1_CASHOUT,ACC-C-011934-M2_LAYERING,DEV-00133
ACC-C-011934-M2_LAYERING,ACC-C-011934-M2A_RUNWAY,DEV-00133
ACC-C-011934-M2A_RUNWAY,ACC-C-013338-M1_CASHOUT,DEV-00133
ACC-C-013338-M1_CASHOUT,ACC-C-013338-M2_LAYERING,DEV-00133
ACC-C-013338-M2_LAYERING,ACC-C-013338-M2A_RUNWAY,DEV-00133
ACC-C-013338-M2A_RUNWAY,ACC-C-015218-M1_GATEWAY,DEV-00133
ACC-C-002128-M1_GATEWAY,ACC-C-005936-M1_GATEWAY,DEV-00175
ACC-C-005936-M1_GATEWAY,ACC-C-007672-M1_GATEWAY,DEV-00175
ACC-C-007672-M1_GATEWAY,ACC-C-007842-M1_CASHOUT,DEV-00175
ACC-C-007842-M1_CASHOUT,ACC-C-007842-M2A_RUNWAY,DEV-00175
ACC-C-007842-M2A_RUNWAY,ACC-C-008417-M1_GATEWAY,DEV-00175
ACC-C-008417-M1_GATEWAY,ACC-C-015040-M1_CASHOUT,DEV-00175
ACC-C-015040-M1_CASHOUT,ACC-C-015040-M2_LAYERING,DEV-00175
ACC-C-015040-M2_LAYERING,ACC-C-015040-M2A_RUNWAY,DEV-00175
ACC-C-015040-M2A_RUNWAY,ACC-C-015973-M1_CASHOUT,DEV-00175
ACC-C-015973-M1_CASHOUT,ACC-C-015973-M2_LAYERING,DEV-00175
ACC-C-015973-M2_LAYERING,ACC-C-015973-M2A_RUNWAY,DEV-00175
ACC-C-015973-M2A_RUNWAY,ACC-C-017211-M1_GATEWAY,DEV-00175
ACC-C-002138-M1_CASHOUT,ACC-C-002138-M2A_RUNWAY,DEV-00301
ACC-C-002138-M2A_RUNWAY,ACC-C-003527-M1_CASHOUT,DEV-00301
ACC-C-003527-M1_CASHOUT,ACC-C-003527-M2A_RUNWAY,DEV-00301
ACC-C-003527-M2A_RUNWAY,ACC-C-005536-M1_GATEWAY,DEV-00301
ACC-C-005536-M1_GATEWAY,ACC-C-007596-M1_GATEWAY,DEV-00301
ACC-C-007596-M1_GATEWAY,ACC-C-013658-M1_CASHOUT,DEV-00301
ACC-C-013658-M1_CASHOUT,ACC-C-013658-M2A_RUNWAY,DEV-00301
ACC-C-002189-M1_CASHOUT,ACC-C-002189-M2A_RUNWAY,DEV-00309
ACC-C-002189-M2A_RUNWAY,ACC-C-005248-M1_GATEWAY,DEV-00309
ACC-C-005248-M1_GATEWAY,ACC-C-009833-M1_GATEWAY,DEV-00309
ACC-C-009833-M1_GATEWAY,ACC-C-014814-M1_GATEWAY,DEV-00309
ACC-C-014814-M1_GATEWAY,ACC-C-017086-M1_CASHOUT,DEV-00309
ACC-C-017086-M1_CASHOUT,ACC-C-017086-M2A_RUNWAY,DEV-00309
ACC-C-002218-M1_CASHOUT,ACC-C-002218-M2_LAYERING,DEV-00328
ACC-C-002218-M2_LAYERING,ACC-C-002218-M2A_RUNWAY,DEV-00328
ACC-C-002218-M2A_RUNWAY,ACC-C-005347-M1_CASHOUT,DEV-00328
ACC-C-005347-M1_CASHOUT,ACC-C-005347-M2_LAYERING,DEV-00328
ACC-C-005347-M2_LAYERING,ACC-C-005347-M2A_RUNWAY,DEV-00328
ACC-C-005347-M2A_RUNWAY,ACC-C-010604-M1_CASHOUT,DEV-00328
ACC-C-010604-M1_CASHOUT,ACC-C-010604-M2_LAYERING,DEV-00328
ACC-C-010604-M2_LAYERING,ACC-C-010604-M2A_RUNWAY,DEV-00328
ACC-C-010604-M2A_RUNWAY,ACC-C-010841-M1_GATEWAY,DEV-00328
ACC-C-010841-M1_GATEWAY,ACC-C-013568-M1_GATEWAY,DEV-00328
ACC-C-013568-M1_GATEWAY,ACC-C-014852-M1_CASHOUT,DEV-00328
ACC-C-014852-M1_CASHOUT,ACC-C-014852-M2_LAYERING,DEV-00328
ACC-C-014852-M2_LAYERING,ACC-C-014852-M2A_RUNWAY,DEV-00328
ACC-C-014852-M2A_RUNWAY,ACC-C-017975-M1_CASHOUT,DEV-00328
ACC-C-017975-M1_CASHOUT,ACC-C-017975-M2A_RUNWAY,DEV-00328
ACC-C-002219-M1_CASHOUT,ACC-C-002219-M2A_RUNWAY,DEV-00218
ACC-C-002219-M2A_RUNWAY,ACC-C-003811-M1_GATEWAY,DEV-00218
ACC-C-003811-M1_GATEWAY,ACC-C-004128-M1_CASHOUT,DEV-00218
ACC-C-004128-M1_CASHOUT,ACC-C-004128-M2A_RUNWAY,DEV-00218
ACC-C-004128-M2A_RUNWAY,ACC-C-005194-M1_GATEWAY,DEV-00218
ACC-C-005194-M1_GATEWAY,ACC-C-007088-M1_GATEWAY,DEV-00218
ACC-C-007088-M1_GATEWAY,ACC-C-009057-M1_GATEWAY,DEV-00218
ACC-C-009057-M1_GATEWAY,ACC-C-010004-M1_CASHOUT,DEV-00218
ACC-C-010004-M1_CASHOUT,ACC-C-010004-M2_LAYERING,DEV-00218
ACC-C-010004-M2_LAYERING,ACC-C-010004-M2A_RUNWAY,DEV-00218
ACC-C-010004-M2A_RUNWAY,ACC-C-010874-M1_GATEWAY,DEV-00218
ACC-C-010874-M1_GATEWAY,ACC-C-013693-M1_CASHOUT,DEV-00218
ACC-C-013693-M1_CASHOUT,ACC-C-013693-M2A_RUNWAY,DEV-00218
ACC-C-013693-M2A_RUNWAY,ACC-C-014977-M1_CASHOUT,DEV-00218
ACC-C-014977-M1_CASHOUT,ACC-C-014977-M2_LAYERING,DEV-00218
ACC-C-014977-M2_LAYERING,ACC-C-014977-M2A_RUNWAY,DEV-00218
ACC-C-002226-M1_GATEWAY,ACC-C-002887-M1_CASHOUT,DEV-00364
ACC-C-002887-M1_CASHOUT,ACC-C-002887-M2_LAYERING,DEV-00364
ACC-C-002887-M2_LAYERING,ACC-C-002887-M2A_RUNWAY,DEV-00364
ACC-C-002887-M2A_RUNWAY,ACC-C-003706-M1_CASHOUT,DEV-00364
ACC-C-003706-M1_CASHOUT,ACC-C-003706-M2_LAYERING,DEV-00364
ACC-C-003706-M2_LAYERING,ACC-C-003706-M2A_RUNWAY,DEV-00364
ACC-C-003706-M2A_RUNWAY,ACC-C-003974-M1_CASHOUT,DEV-00364
ACC-C-003974-M1_CASHOUT,ACC-C-003974-M2_LAYERING,DEV-00364
ACC-C-003974-M2_LAYERING,ACC-C-003974-M2A_RUNWAY,DEV-00364
ACC-C-003974-M2A_RUNWAY,ACC-C-004666-M1_GATEWAY,DEV-00364
ACC-C-004666-M1_GATEWAY,ACC-C-004690-M1_GATEWAY,DEV-00364
ACC-C-004690-M1_GATEWAY,ACC-C-005899-M1_CASHOUT,DEV-00364
ACC-C-005899-M1_CASHOUT,ACC-C-005899-M2_LAYERING,DEV-00364
ACC-C-005899-M2_LAYERING,ACC-C-005899-M2A_RUNWAY,DEV-00364
ACC-C-005899-M2A_RUNWAY,ACC-C-006400-M1_CASHOUT,DEV-00364
ACC-C-006400-M1_CASHOUT,ACC-C-006400-M2A_RUNWAY,DEV-00364
ACC-C-006400-M2A_RUNWAY,ACC-C-012178-M1_CASHOUT,DEV-00364
ACC-C-012178-M1_CASHOUT,ACC-C-012178-M2A_RUNWAY,DEV-00364
ACC-C-012178-M2A_RUNWAY,ACC-C-013623-M1_CASHOUT,DEV-00364
ACC-C-013623-M1_CASHOUT,ACC-C-013623-M2A_RUNWAY,DEV-00364
ACC-C-013623-M2A_RUNWAY,ACC-C-014534-M1_CASHOUT,DEV-00364
ACC-C-014534-M1_CASHOUT,ACC-C-014534-M2A_RUNWAY,DEV-00364
ACC-C-014534-M2A_RUNWAY,ACC-C-016525-M1_GATEWAY,DEV-00364
ACC-C-002231-M1_CASHOUT,ACC-C-002231-M2A_RUNWAY,DEV-00348
ACC-C-002231-M2A_RUNWAY,ACC-C-009113-M1_GATEWAY,DEV-00348
ACC-C-009113-M1_GATEWAY,ACC-C-011886-M1_GATEWAY,DEV-00348
ACC-C-011886-M1_GATEWAY,ACC-C-014815-M1_CASHOUT,DEV-00348
ACC-C-014815-M1_CASHOUT,ACC-C-014815-M2_LAYERING,DEV-00348
ACC-C-014815-M2_LAYERING,ACC-C-014815-M2A_RUNWAY,DEV-00348
ACC-C-014815-M2A_RUNWAY,ACC-C-017423-M1_CASHOUT,DEV-00348
ACC-C-017423-M1_CASHOUT,ACC-C-017423-M2_LAYERING,DEV-00348
ACC-C-017423-M2_LAYERING,ACC-C-017423-M2A_RUNWAY,DEV-00348
ACC-C-002234-M1_CASHOUT,ACC-C-002234-M2_LAYERING,DEV-00249
ACC-C-002234-M2_LAYERING,ACC-C-002234-M2A_RUNWAY,DEV-00249
ACC-C-002234-M2A_RUNWAY,ACC-C-004415-M1_CASHOUT,DEV-00249
ACC-C-004415-M1_CASHOUT,ACC-C-004415-M2_LAYERING,DEV-00249
ACC-C-004415-M2_LAYERING,ACC-C-004415-M2A_RUNWAY,DEV-00249
ACC-C-004415-M2A_RUNWAY,ACC-C-006284-M1_CASHOUT,DEV-00249
ACC-C-006284-M1_CASHOUT,ACC-C-006284-M2_LAYERING,DEV-00249
ACC-C-006284-M2_LAYERING,ACC-C-006284-M2A_RUNWAY,DEV-00249
ACC-C-006284-M2A_RUNWAY,ACC-C-009246-M1_CASHOUT,DEV-00249
ACC-C-009246-M1_CASHOUT,ACC-C-009246-M2_LAYERING,DEV-00249
ACC-C-009246-M2_LAYERING,ACC-C-009246-M2A_RUNWAY,DEV-00249
ACC-C-009246-M2A_RUNWAY,ACC-C-010600-M1_CASHOUT,DEV-00249
ACC-C-010600-M1_CASHOUT,ACC-C-010600-M2A_RUNWAY,DEV-00249
ACC-C-010600-M2A_RUNWAY,ACC-C-016017-M1_CASHOUT,DEV-00249
ACC-C-016017-M1_CASHOUT,ACC-C-016017-M2_LAYERING,DEV-00249
ACC-C-016017-M2_LAYERING,ACC-C-016017-M2A_RUNWAY,DEV-00249
ACC-C-002250-M1_CASHOUT,ACC-C-002250-M2A_RUNWAY,DEV-00272
ACC-C-002250-M2A_RUNWAY,ACC-C-008766-M1_CASHOUT,DEV-00272
ACC-C-008766-M1_CASHOUT,ACC-C-008766-M2_LAYERING,DEV-00272
ACC-C-008766-M2_LAYERING,ACC-C-008766-M2A_RUNWAY,DEV-00272
ACC-C-008766-M2A_RUNWAY,ACC-C-011936-M1_GATEWAY,DEV-00272
ACC-C-011936-M1_GATEWAY,ACC-C-012069-M1_CASHOUT,DEV-00272
ACC-C-012069-M1_CASHOUT,ACC-C-012069-M2A_RUNWAY,DEV-00272
ACC-C-012069-M2A_RUNWAY,ACC-C-017847-M1_GATEWAY,DEV-00272
ACC-C-002253-M1_CASHOUT,ACC-C-002253-M2_LAYERING,DEV-00235
ACC-C-002253-M2_LAYERING,ACC-C-002253-M2A_RUNWAY,DEV-00235
ACC-C-002253-M2A_RUNWAY,ACC-C-004233-M1_GATEWAY,DEV-00235
ACC-C-004233-M1_GATEWAY,ACC-C-010453-M1_CASHOUT,DEV-00235
ACC-C-010453-M1_CASHOUT,ACC-C-010453-M2_LAYERING,DEV-00235
ACC-C-010453-M2_LAYERING,ACC-C-010453-M2A_RUNWAY,DEV-00235
ACC-C-010453-M2A_RUNWAY,ACC-C-014264-M1_CASHOUT,DEV-00235
ACC-C-014264-M1_CASHOUT,ACC-C-014264-M2_LAYERING,DEV-00235
ACC-C-014264-M2_LAYERING,ACC-C-014264-M2A_RUNWAY,DEV-00235
ACC-C-002301-M1_CASHOUT,ACC-C-002301-M2_LAYERING,DEV-00183
ACC-C-002301-M2_LAYERING,ACC-C-002301-M2A_RUNWAY,DEV-00183
ACC-C-002301-M2A_RUNWAY,ACC-C-002458-M1_CASHOUT,DEV-00183
ACC-C-002458-M1_CASHOUT,ACC-C-002458-M2_LAYERING,DEV-00183
ACC-C-002458-M2_LAYERING,ACC-C-002458-M2A_RUNWAY,DEV-00183
ACC-C-002458-M2A_RUNWAY,ACC-C-002853-M1_CASHOUT,DEV-00183
ACC-C-002853-M1_CASHOUT,ACC-C-002853-M2A_RUNWAY,DEV-00183
ACC-C-002853-M2A_RUNWAY,ACC-C-004752-M1_GATEWAY,DEV-00183
ACC-C-004752-M1_GATEWAY,ACC-C-010414-M1_CASHOUT,DEV-00183
ACC-C-010414-M1_CASHOUT,ACC-C-010414-M2_LAYERING,DEV-00183
ACC-C-010414-M2_LAYERING,ACC-C-010414-M2A_RUNWAY,DEV-00183
ACC-C-010414-M2A_RUNWAY,ACC-C-010450-M1_CASHOUT,DEV-00183
ACC-C-010450-M1_CASHOUT,ACC-C-010450-M2_LAYERING,DEV-00183
ACC-C-010450-M2_LAYERING,ACC-C-010450-M2A_RUNWAY,DEV-00183
ACC-C-010450-M2A_RUNWAY,ACC-C-012346-M1_CASHOUT,DEV-00183
ACC-C-012346-M1_CASHOUT,ACC-C-012346-M2_LAYERING,DEV-00183
ACC-C-012346-M2_LAYERING,ACC-C-012346-M2A_RUNWAY,DEV-00183
ACC-C-012346-M2A_RUNWAY,ACC-C-016238-M1_CASHOUT,DEV-00183
ACC-C-016238-M1_CASHOUT,ACC-C-016238-M2_LAYERING,DEV-00183
ACC-C-016238-M2_LAYERING,ACC-C-016238-M2A_RUNWAY,DEV-00183
ACC-C-016238-M2A_RUNWAY,ACC-C-017741-M1_CASHOUT,DEV-00183
ACC-C-017741-M1_CASHOUT,ACC-C-017741-M2A_RUNWAY,DEV-00183
ACC-C-002307-M1_GATEWAY,ACC-C-005555-M1_CASHOUT,DEV-00187
ACC-C-005555-M1_CASHOUT,ACC-C-005555-M2_LAYERING,DEV-00187
ACC-C-005555-M2_LAYERING,ACC-C-005555-M2A_RUNWAY,DEV-00187
ACC-C-005555-M2A_RUNWAY,ACC-C-013146-M1_GATEWAY,DEV-00187
ACC-C-013146-M1_GATEWAY,ACC-C-014972-M1_CASHOUT,DEV-00187
ACC-C-014972-M1_CASHOUT,ACC-C-014972-M2_LAYERING,DEV-00187
ACC-C-014972-M2_LAYERING,ACC-C-014972-M2A_RUNWAY,DEV-00187
ACC-C-002311-M1_CASHOUT,ACC-C-002311-M2A_RUNWAY,DEV-00110
ACC-C-002311-M2A_RUNWAY,ACC-C-004976-M1_CASHOUT,DEV-00110
ACC-C-004976-M1_CASHOUT,ACC-C-004976-M2_LAYERING,DEV-00110
ACC-C-004976-M2_LAYERING,ACC-C-004976-M2A_RUNWAY,DEV-00110
ACC-C-004976-M2A_RUNWAY,ACC-C-008129-M1_CASHOUT,DEV-00110
ACC-C-008129-M1_CASHOUT,ACC-C-008129-M2A_RUNWAY,DEV-00110
ACC-C-008129-M2A_RUNWAY,ACC-C-009634-M1_CASHOUT,DEV-00110
ACC-C-009634-M1_CASHOUT,ACC-C-009634-M2_LAYERING,DEV-00110
ACC-C-009634-M2_LAYERING,ACC-C-009634-M2A_RUNWAY,DEV-00110
ACC-C-009634-M2A_RUNWAY,ACC-C-011997-M1_CASHOUT,DEV-00110
ACC-C-011997-M1_CASHOUT,ACC-C-011997-M2A_RUNWAY,DEV-00110
ACC-C-011997-M2A_RUNWAY,ACC-C-014745-M1_GATEWAY,DEV-00110
ACC-C-014745-M1_GATEWAY,ACC-C-015436-M1_CASHOUT,DEV-00110
ACC-C-015436-M1_CASHOUT,ACC-C-015436-M2A_RUNWAY,DEV-00110
ACC-C-015436-M2A_RUNWAY,ACC-C-017139-M1_CASHOUT,DEV-00110
ACC-C-017139-M1_CASHOUT,ACC-C-017139-M2A_RUNWAY,DEV-00110
ACC-C-002329-M1_GATEWAY,ACC-C-003584-M1_CASHOUT,DEV-00373
ACC-C-003584-M1_CASHOUT,ACC-C-003584-M2A_RUNWAY,DEV-00373
ACC-C-003584-M2A_RUNWAY,ACC-C-003934-M1_GATEWAY,DEV-00373
ACC-C-003934-M1_GATEWAY,ACC-C-007397-M1_CASHOUT,DEV-00373
ACC-C-007397-M1_CASHOUT,ACC-C-007397-M2_LAYERING,DEV-00373
ACC-C-007397-M2_LAYERING,ACC-C-007397-M2A_RUNWAY,DEV-00373
ACC-C-007397-M2A_RUNWAY,ACC-C-007723-M1_CASHOUT,DEV-00373
ACC-C-007723-M1_CASHOUT,ACC-C-007723-M2_LAYERING,DEV-00373
ACC-C-007723-M2_LAYERING,ACC-C-007723-M2A_RUNWAY,DEV-00373
ACC-C-007723-M2A_RUNWAY,ACC-C-007936-M1_CASHOUT,DEV-00373
ACC-C-007936-M1_CASHOUT,ACC-C-007936-M2_LAYERING,DEV-00373
ACC-C-007936-M2_LAYERING,ACC-C-007936-M2A_RUNWAY,DEV-00373
ACC-C-007936-M2A_RUNWAY,ACC-C-008011-M1_CASHOUT,DEV-00373
ACC-C-008011-M1_CASHOUT,ACC-C-008011-M2A_RUNWAY,DEV-00373
ACC-C-002333-M1_CASHOUT,ACC-C-002333-M2A_RUNWAY,DEV-00177
ACC-C-002333-M2A_RUNWAY,ACC-C-003667-M1_CASHOUT,DEV-00177
ACC-C-003667-M1_CASHOUT,ACC-C-003667-M2_LAYERING,DEV-00177
ACC-C-003667-M2_LAYERING,ACC-C-003667-M2A_RUNWAY,DEV-00177
ACC-C-003667-M2A_RUNWAY,ACC-C-005176-M1_GATEWAY,DEV-00177
ACC-C-005176-M1_GATEWAY,ACC-C-007276-M1_CASHOUT,DEV-00177
ACC-C-007276-M1_CASHOUT,ACC-C-007276-M2_LAYERING,DEV-00177
ACC-C-007276-M2_LAYERING,ACC-C-007276-M2A_RUNWAY,DEV-00177
ACC-C-007276-M2A_RUNWAY,ACC-C-016713-M1_CASHOUT,DEV-00177
ACC-C-016713-M1_CASHOUT,ACC-C-016713-M2A_RUNWAY,DEV-00177
ACC-C-016713-M2A_RUNWAY,ACC-C-017123-M1_CASHOUT,DEV-00177
ACC-C-017123-M1_CASHOUT,ACC-C-017123-M2_LAYERING,DEV-00177
ACC-C-017123-M2_LAYERING,ACC-C-017123-M2A_RUNWAY,DEV-00177
ACC-C-002354-M1_CASHOUT,ACC-C-002354-M2A_RUNWAY,DEV-00383
ACC-C-002354-M2A_RUNWAY,ACC-C-008992-M1_CASHOUT,DEV-00383
ACC-C-008992-M1_CASHOUT,ACC-C-008992-M2A_RUNWAY,DEV-00383
ACC-C-008992-M2A_RUNWAY,ACC-C-014958-M1_CASHOUT,DEV-00383
ACC-C-014958-M1_CASHOUT,ACC-C-014958-M2_LAYERING,DEV-00383
ACC-C-014958-M2_LAYERING,ACC-C-014958-M2A_RUNWAY,DEV-00383
ACC-C-014958-M2A_RUNWAY,ACC-C-015031-M1_CASHOUT,DEV-00383
ACC-C-015031-M1_CASHOUT,ACC-C-015031-M2_LAYERING,DEV-00383
ACC-C-015031-M2_LAYERING,ACC-C-015031-M2A_RUNWAY,DEV-00383
ACC-C-002358-M1_CASHOUT,ACC-C-002358-M2A_RUNWAY,DEV-00077
ACC-C-002358-M2A_RUNWAY,ACC-C-004545-M1_GATEWAY,DEV-00077
ACC-C-004545-M1_GATEWAY,ACC-C-004614-M1_CASHOUT,DEV-00077
ACC-C-004614-M1_CASHOUT,ACC-C-004614-M2A_RUNWAY,DEV-00077
ACC-C-004614-M2A_RUNWAY,ACC-C-004673-M1_GATEWAY,DEV-00077
ACC-C-004673-M1_GATEWAY,ACC-C-009866-M1_GATEWAY,DEV-00077
ACC-C-009866-M1_GATEWAY,ACC-C-010918-M1_GATEWAY,DEV-00077
ACC-C-010918-M1_GATEWAY,ACC-C-011183-M1_CASHOUT,DEV-00077
ACC-C-011183-M1_CASHOUT,ACC-C-011183-M2A_RUNWAY,DEV-00077
ACC-C-011183-M2A_RUNWAY,ACC-C-012927-M1_CASHOUT,DEV-00077
ACC-C-012927-M1_CASHOUT,ACC-C-012927-M2_LAYERING,DEV-00077
ACC-C-012927-M2_LAYERING,ACC-C-012927-M2A_RUNWAY,DEV-00077
ACC-C-012927-M2A_RUNWAY,ACC-C-013893-M1_GATEWAY,DEV-00077
ACC-C-013893-M1_GATEWAY,ACC-C-014292-M1_GATEWAY,DEV-00077
ACC-C-014292-M1_GATEWAY,ACC-C-015342-M1_CASHOUT,DEV-00077
ACC-C-015342-M1_CASHOUT,ACC-C-015342-M2_LAYERING,DEV-00077
ACC-C-015342-M2_LAYERING,ACC-C-015342-M2A_RUNWAY,DEV-00077
ACC-C-002375-M1_CASHOUT,ACC-C-002375-M2_LAYERING,DEV-00268
ACC-C-002375-M2_LAYERING,ACC-C-002375-M2A_RUNWAY,DEV-00268
ACC-C-002375-M2A_RUNWAY,ACC-C-002426-M1_GATEWAY,DEV-00268
ACC-C-002426-M1_GATEWAY,ACC-C-009315-M1_CASHOUT,DEV-00268
ACC-C-009315-M1_CASHOUT,ACC-C-009315-M2A_RUNWAY,DEV-00268
ACC-C-009315-M2A_RUNWAY,ACC-C-009702-M1_GATEWAY,DEV-00268
ACC-C-009702-M1_GATEWAY,ACC-C-013112-M1_GATEWAY,DEV-00268
ACC-C-002438-M1_GATEWAY,ACC-C-004916-M1_CASHOUT,DEV-00127
ACC-C-004916-M1_CASHOUT,ACC-C-004916-M2A_RUNWAY,DEV-00127
ACC-C-004916-M2A_RUNWAY,ACC-C-005446-M1_CASHOUT,DEV-00127
ACC-C-005446-M1_CASHOUT,ACC-C-005446-M2_LAYERING,DEV-00127
ACC-C-005446-M2_LAYERING,ACC-C-005446-M2A_RUNWAY,DEV-00127
ACC-C-005446-M2A_RUNWAY,ACC-C-007534-M1_CASHOUT,DEV-00127
ACC-C-007534-M1_CASHOUT,ACC-C-007534-M2_LAYERING,DEV-00127
ACC-C-007534-M2_LAYERING,ACC-C-007534-M2A_RUNWAY,DEV-00127
ACC-C-007534-M2A_RUNWAY,ACC-C-008280-M1_GATEWAY,DEV-00127
ACC-C-008280-M1_GATEWAY,ACC-C-009727-M1_GATEWAY,DEV-00127
ACC-C-009727-M1_GATEWAY,ACC-C-013889-M1_GATEWAY,DEV-00127
ACC-C-013889-M1_GATEWAY,ACC-C-014054-M1_CASHOUT,DEV-00127
ACC-C-014054-M1_CASHOUT,ACC-C-014054-M2A_RUNWAY,DEV-00127
ACC-C-014054-M2A_RUNWAY,ACC-C-016061-M1_CASHOUT,DEV-00127
ACC-C-016061-M1_CASHOUT,ACC-C-016061-M2A_RUNWAY,DEV-00127
ACC-C-002441-M1_CASHOUT,ACC-C-002441-M2_LAYERING,DEV-00193
ACC-C-002441-M2_LAYERING,ACC-C-002441-M2A_RUNWAY,DEV-00193
ACC-C-002441-M2A_RUNWAY,ACC-C-003276-M1_GATEWAY,DEV-00193
ACC-C-003276-M1_GATEWAY,ACC-C-007570-M1_GATEWAY,DEV-00193
ACC-C-007570-M1_GATEWAY,ACC-C-010929-M1_CASHOUT,DEV-00193
ACC-C-010929-M1_CASHOUT,ACC-C-010929-M2_LAYERING,DEV-00193
ACC-C-010929-M2_LAYERING,ACC-C-010929-M2A_RUNWAY,DEV-00193
ACC-C-010929-M2A_RUNWAY,ACC-C-012198-M1_CASHOUT,DEV-00193
ACC-C-012198-M1_CASHOUT,ACC-C-012198-M2A_RUNWAY,DEV-00193
ACC-C-012198-M2A_RUNWAY,ACC-C-015282-M1_CASHOUT,DEV-00193
ACC-C-015282-M1_CASHOUT,ACC-C-015282-M2_LAYERING,DEV-00193
ACC-C-015282-M2_LAYERING,ACC-C-015282-M2A_RUNWAY,DEV-00193
ACC-C-015282-M2A_RUNWAY,ACC-C-017077-M1_GATEWAY,DEV-00193
ACC-C-002449-M1_GATEWAY,ACC-C-004474-M1_GATEWAY,DEV-00135
ACC-C-004474-M1_GATEWAY,ACC-C-004526-M1_CASHOUT,DEV-00135
ACC-C-004526-M1_CASHOUT,ACC-C-004526-M2_LAYERING,DEV-00135
ACC-C-004526-M2_LAYERING,ACC-C-004526-M2A_RUNWAY,DEV-00135
ACC-C-004526-M2A_RUNWAY,ACC-C-009522-M1_CASHOUT,DEV-00135
ACC-C-009522-M1_CASHOUT,ACC-C-009522-M2_LAYERING,DEV-00135
ACC-C-009522-M2_LAYERING,ACC-C-009522-M2A_RUNWAY,DEV-00135
ACC-C-009522-M2A_RUNWAY,ACC-C-010665-M1_CASHOUT,DEV-00135
ACC-C-010665-M1_CASHOUT,ACC-C-010665-M2A_RUNWAY,DEV-00135
ACC-C-010665-M2A_RUNWAY,ACC-C-014056-M1_GATEWAY,DEV-00135
ACC-C-014056-M1_GATEWAY,ACC-C-014338-M1_GATEWAY,DEV-00135
ACC-C-014338-M1_GATEWAY,ACC-C-016513-M1_GATEWAY,DEV-00135
ACC-C-016513-M1_GATEWAY,ACC-C-017232-M1_CASHOUT,DEV-00135
ACC-C-017232-M1_CASHOUT,ACC-C-017232-M2A_RUNWAY,DEV-00135
ACC-C-002455-M1_GATEWAY,ACC-C-002550-M1_GATEWAY,DEV-00156
ACC-C-002550-M1_GATEWAY,ACC-C-003493-M1_CASHOUT,DEV-00156
ACC-C-003493-M1_CASHOUT,ACC-C-003493-M2_LAYERING,DEV-00156
ACC-C-003493-M2_LAYERING,ACC-C-003493-M2A_RUNWAY,DEV-00156
ACC-C-003493-M2A_RUNWAY,ACC-C-006158-M1_CASHOUT,DEV-00156
ACC-C-006158-M1_CASHOUT,ACC-C-006158-M2_LAYERING,DEV-00156
ACC-C-006158-M2_LAYERING,ACC-C-006158-M2A_RUNWAY,DEV-00156
ACC-C-006158-M2A_RUNWAY,ACC-C-006345-M1_CASHOUT,DEV-00156
ACC-C-006345-M1_CASHOUT,ACC-C-006345-M2A_RUNWAY,DEV-00156
ACC-C-006345-M2A_RUNWAY,ACC-C-009947-M1_CASHOUT,DEV-00156
ACC-C-009947-M1_CASHOUT,ACC-C-009947-M2_LAYERING,DEV-00156
ACC-C-009947-M2_LAYERING,ACC-C-009947-M2A_RUNWAY,DEV-00156
ACC-C-009947-M2A_RUNWAY,ACC-C-014306-M1_GATEWAY,DEV-00156
ACC-C-014306-M1_GATEWAY,ACC-C-016072-M1_GATEWAY,DEV-00156
ACC-C-002459-M1_CASHOUT,ACC-C-002459-M2_LAYERING,DEV-00039
ACC-C-002459-M2_LAYERING,ACC-C-002459-M2A_RUNWAY,DEV-00039
ACC-C-002459-M2A_RUNWAY,ACC-C-002460-M1_GATEWAY,DEV-00039
ACC-C-002460-M1_GATEWAY,ACC-C-003325-M1_CASHOUT,DEV-00039
ACC-C-003325-M1_CASHOUT,ACC-C-003325-M2_LAYERING,DEV-00039
ACC-C-003325-M2_LAYERING,ACC-C-003325-M2A_RUNWAY,DEV-00039
ACC-C-003325-M2A_RUNWAY,ACC-C-003670-M1_CASHOUT,DEV-00039
ACC-C-003670-M1_CASHOUT,ACC-C-003670-M2A_RUNWAY,DEV-00039
ACC-C-003670-M2A_RUNWAY,ACC-C-004149-M1_CASHOUT,DEV-00039
ACC-C-004149-M1_CASHOUT,ACC-C-004149-M2_LAYERING,DEV-00039
ACC-C-004149-M2_LAYERING,ACC-C-004149-M2A_RUNWAY,DEV-00039
ACC-C-004149-M2A_RUNWAY,ACC-C-005778-M1_CASHOUT,DEV-00039
ACC-C-005778-M1_CASHOUT,ACC-C-005778-M2_LAYERING,DEV-00039
ACC-C-005778-M2_LAYERING,ACC-C-005778-M2A_RUNWAY,DEV-00039
ACC-C-005778-M2A_RUNWAY,ACC-C-007174-M1_CASHOUT,DEV-00039
ACC-C-007174-M1_CASHOUT,ACC-C-007174-M2_LAYERING,DEV-00039
ACC-C-007174-M2_LAYERING,ACC-C-007174-M2A_RUNWAY,DEV-00039
ACC-C-007174-M2A_RUNWAY,ACC-C-008077-M1_CASHOUT,DEV-00039
ACC-C-008077-M1_CASHOUT,ACC-C-008077-M2_LAYERING,DEV-00039
ACC-C-008077-M2_LAYERING,ACC-C-008077-M2A_RUNWAY,DEV-00039
ACC-C-008077-M2A_RUNWAY,ACC-C-009712-M1_GATEWAY,DEV-00039
ACC-C-009712-M1_GATEWAY,ACC-C-014739-M1_CASHOUT,DEV-00039
ACC-C-014739-M1_CASHOUT,ACC-C-014739-M2_LAYERING,DEV-00039
ACC-C-014739-M2_LAYERING,ACC-C-014739-M2A_RUNWAY,DEV-00039
ACC-C-014739-M2A_RUNWAY,ACC-C-015779-M1_GATEWAY,DEV-00039
ACC-C-015779-M1_GATEWAY,ACC-C-016847-M1_CASHOUT,DEV-00039
ACC-C-016847-M1_CASHOUT,ACC-C-016847-M2_LAYERING,DEV-00039
ACC-C-016847-M2_LAYERING,ACC-C-016847-M2A_RUNWAY,DEV-00039
ACC-C-002483-M1_CASHOUT,ACC-C-002483-M2A_RUNWAY,DEV-00324
ACC-C-002483-M2A_RUNWAY,ACC-C-003043-M1_CASHOUT,DEV-00324
ACC-C-003043-M1_CASHOUT,ACC-C-003043-M2A_RUNWAY,DEV-00324
ACC-C-003043-M2A_RUNWAY,ACC-C-007795-M1_GATEWAY,DEV-00324
ACC-C-007795-M1_GATEWAY,ACC-C-008042-M1_GATEWAY,DEV-00324
ACC-C-008042-M1_GATEWAY,ACC-C-009905-M1_CASHOUT,DEV-00324
ACC-C-009905-M1_CASHOUT,ACC-C-009905-M2_LAYERING,DEV-00324
ACC-C-009905-M2_LAYERING,ACC-C-009905-M2A_RUNWAY,DEV-00324
ACC-C-009905-M2A_RUNWAY,ACC-C-011908-M1_CASHOUT,DEV-00324
ACC-C-011908-M1_CASHOUT,ACC-C-011908-M2_LAYERING,DEV-00324
ACC-C-011908-M2_LAYERING,ACC-C-011908-M2A_RUNWAY,DEV-00324
ACC-C-011908-M2A_RUNWAY,ACC-C-015076-M1_GATEWAY,DEV-00324
ACC-C-002504-M1_GATEWAY,ACC-C-006847-M1_GATEWAY,DEV-00063
ACC-C-006847-M1_GATEWAY,ACC-C-007696-M1_CASHOUT,DEV-00063
ACC-C-007696-M1_CASHOUT,ACC-C-007696-M2_LAYERING,DEV-00063
ACC-C-007696-M2_LAYERING,ACC-C-007696-M2A_RUNWAY,DEV-00063
ACC-C-007696-M2A_RUNWAY,ACC-C-012211-M1_CASHOUT,DEV-00063
ACC-C-012211-M1_CASHOUT,ACC-C-012211-M2A_RUNWAY,DEV-00063
ACC-C-012211-M2A_RUNWAY,ACC-C-013963-M1_CASHOUT,DEV-00063
ACC-C-013963-M1_CASHOUT,ACC-C-013963-M2A_RUNWAY,DEV-00063
ACC-C-002520-M1_CASHOUT,ACC-C-002520-M2_LAYERING,DEV-00089
ACC-C-002520-M2_LAYERING,ACC-C-002520-M2A_RUNWAY,DEV-00089
ACC-C-002520-M2A_RUNWAY,ACC-C-002598-M1_CASHOUT,DEV-00089
ACC-C-002598-M1_CASHOUT,ACC-C-002598-M2_LAYERING,DEV-00089
ACC-C-002598-M2_LAYERING,ACC-C-002598-M2A_RUNWAY,DEV-00089
ACC-C-002598-M2A_RUNWAY,ACC-C-003164-M1_CASHOUT,DEV-00089
ACC-C-003164-M1_CASHOUT,ACC-C-003164-M2A_RUNWAY,DEV-00089
ACC-C-003164-M2A_RUNWAY,ACC-C-011712-M1_GATEWAY,DEV-00089
ACC-C-002539-M1_CASHOUT,ACC-C-002539-M2_LAYERING,DEV-00281
ACC-C-002539-M2_LAYERING,ACC-C-002539-M2A_RUNWAY,DEV-00281
ACC-C-002539-M2A_RUNWAY,ACC-C-005462-M1_CASHOUT,DEV-00281
ACC-C-005462-M1_CASHOUT,ACC-C-005462-M2_LAYERING,DEV-00281
ACC-C-005462-M2_LAYERING,ACC-C-005462-M2A_RUNWAY,DEV-00281
ACC-C-005462-M2A_RUNWAY,ACC-C-005853-M1_CASHOUT,DEV-00281
ACC-C-005853-M1_CASHOUT,ACC-C-005853-M2_LAYERING,DEV-00281
ACC-C-005853-M2_LAYERING,ACC-C-005853-M2A_RUNWAY,DEV-00281
ACC-C-005853-M2A_RUNWAY,ACC-C-008043-M1_CASHOUT,DEV-00281
ACC-C-008043-M1_CASHOUT,ACC-C-008043-M2_LAYERING,DEV-00281
ACC-C-008043-M2_LAYERING,ACC-C-008043-M2A_RUNWAY,DEV-00281
ACC-C-008043-M2A_RUNWAY,ACC-C-008446-M1_CASHOUT,DEV-00281
ACC-C-008446-M1_CASHOUT,ACC-C-008446-M2_LAYERING,DEV-00281
ACC-C-008446-M2_LAYERING,ACC-C-008446-M2A_RUNWAY,DEV-00281
ACC-C-008446-M2A_RUNWAY,ACC-C-008981-M1_CASHOUT,DEV-00281
ACC-C-008981-M1_CASHOUT,ACC-C-008981-M2A_RUNWAY,DEV-00281
ACC-C-008981-M2A_RUNWAY,ACC-C-009439-M1_GATEWAY,DEV-00281
ACC-C-009439-M1_GATEWAY,ACC-C-011096-M1_GATEWAY,DEV-00281
ACC-C-011096-M1_GATEWAY,ACC-C-013384-M1_GATEWAY,DEV-00281
ACC-C-013384-M1_GATEWAY,ACC-C-013950-M1_CASHOUT,DEV-00281
ACC-C-013950-M1_CASHOUT,ACC-C-013950-M2_LAYERING,DEV-00281
ACC-C-013950-M2_LAYERING,ACC-C-013950-M2A_RUNWAY,DEV-00281
ACC-C-013950-M2A_RUNWAY,ACC-C-017715-M1_CASHOUT,DEV-00281
ACC-C-017715-M1_CASHOUT,ACC-C-017715-M2_LAYERING,DEV-00281
ACC-C-017715-M2_LAYERING,ACC-C-017715-M2A_RUNWAY,DEV-00281
ACC-C-002546-M1_CASHOUT,ACC-C-002546-M2A_RUNWAY,DEV-00276
ACC-C-002546-M2A_RUNWAY,ACC-C-003975-M1_CASHOUT,DEV-00276
ACC-C-003975-M1_CASHOUT,ACC-C-003975-M2_LAYERING,DEV-00276
ACC-C-003975-M2_LAYERING,ACC-C-003975-M2A_RUNWAY,DEV-00276
ACC-C-003975-M2A_RUNWAY,ACC-C-007976-M1_CASHOUT,DEV-00276
ACC-C-007976-M1_CASHOUT,ACC-C-007976-M2_LAYERING,DEV-00276
ACC-C-007976-M2_LAYERING,ACC-C-007976-M2A_RUNWAY,DEV-00276
ACC-C-007976-M2A_RUNWAY,ACC-C-012056-M1_GATEWAY,DEV-00276
ACC-C-012056-M1_GATEWAY,ACC-C-013627-M1_GATEWAY,DEV-00276
ACC-C-013627-M1_GATEWAY,ACC-C-014159-M1_CASHOUT,DEV-00276
ACC-C-014159-M1_CASHOUT,ACC-C-014159-M2_LAYERING,DEV-00276
ACC-C-014159-M2_LAYERING,ACC-C-014159-M2A_RUNWAY,DEV-00276
ACC-C-002564-M1_GATEWAY,ACC-C-006233-M1_GATEWAY,DEV-00243
ACC-C-006233-M1_GATEWAY,ACC-C-013894-M1_CASHOUT,DEV-00243
ACC-C-013894-M1_CASHOUT,ACC-C-013894-M2_LAYERING,DEV-00243
ACC-C-013894-M2_LAYERING,ACC-C-013894-M2A_RUNWAY,DEV-00243
ACC-C-013894-M2A_RUNWAY,ACC-C-015952-M1_CASHOUT,DEV-00243
ACC-C-015952-M1_CASHOUT,ACC-C-015952-M2_LAYERING,DEV-00243
ACC-C-015952-M2_LAYERING,ACC-C-015952-M2A_RUNWAY,DEV-00243
ACC-C-015952-M2A_RUNWAY,ACC-C-017305-M1_CASHOUT,DEV-00243
ACC-C-017305-M1_CASHOUT,ACC-C-017305-M2A_RUNWAY,DEV-00243
ACC-C-002567-M1_GATEWAY,ACC-C-003985-M1_CASHOUT,DEV-00009
ACC-C-003985-M1_CASHOUT,ACC-C-003985-M2_LAYERING,DEV-00009
ACC-C-003985-M2_LAYERING,ACC-C-003985-M2A_RUNWAY,DEV-00009
ACC-C-003985-M2A_RUNWAY,ACC-C-005199-M1_GATEWAY,DEV-00009
ACC-C-005199-M1_GATEWAY,ACC-C-008372-M1_CASHOUT,DEV-00009
ACC-C-008372-M1_CASHOUT,ACC-C-008372-M2_LAYERING,DEV-00009
ACC-C-008372-M2_LAYERING,ACC-C-008372-M2A_RUNWAY,DEV-00009
ACC-C-008372-M2A_RUNWAY,ACC-C-009242-M1_CASHOUT,DEV-00009
ACC-C-009242-M1_CASHOUT,ACC-C-009242-M2_LAYERING,DEV-00009
ACC-C-009242-M2_LAYERING,ACC-C-009242-M2A_RUNWAY,DEV-00009
ACC-C-009242-M2A_RUNWAY,ACC-C-015830-M1_GATEWAY,DEV-00009
ACC-C-015830-M1_GATEWAY,ACC-C-017009-M1_CASHOUT,DEV-00009
ACC-C-017009-M1_CASHOUT,ACC-C-017009-M2A_RUNWAY,DEV-00009
ACC-C-002572-M1_CASHOUT,ACC-C-002572-M2A_RUNWAY,DEV-00246
ACC-C-002572-M2A_RUNWAY,ACC-C-005031-M1_GATEWAY,DEV-00246
ACC-C-005031-M1_GATEWAY,ACC-C-007305-M1_GATEWAY,DEV-00246
ACC-C-007305-M1_GATEWAY,ACC-C-008352-M1_CASHOUT,DEV-00246
ACC-C-008352-M1_CASHOUT,ACC-C-008352-M2_LAYERING,DEV-00246
ACC-C-008352-M2_LAYERING,ACC-C-008352-M2A_RUNWAY,DEV-00246
ACC-C-008352-M2A_RUNWAY,ACC-C-011231-M1_CASHOUT,DEV-00246
ACC-C-011231-M1_CASHOUT,ACC-C-011231-M2_LAYERING,DEV-00246
ACC-C-011231-M2_LAYERING,ACC-C-011231-M2A_RUNWAY,DEV-00246
ACC-C-011231-M2A_RUNWAY,ACC-C-011854-M1_GATEWAY,DEV-00246
ACC-C-011854-M1_GATEWAY,ACC-C-014432-M1_CASHOUT,DEV-00246
ACC-C-014432-M1_CASHOUT,ACC-C-014432-M2_LAYERING,DEV-00246
ACC-C-014432-M2_LAYERING,ACC-C-014432-M2A_RUNWAY,DEV-00246
ACC-C-014432-M2A_RUNWAY,ACC-C-014969-M1_CASHOUT,DEV-00246
ACC-C-014969-M1_CASHOUT,ACC-C-014969-M2A_RUNWAY,DEV-00246
ACC-C-014969-M2A_RUNWAY,ACC-C-016188-M1_GATEWAY,DEV-00246
ACC-C-002601-M1_GATEWAY,ACC-C-002935-M1_CASHOUT,DEV-00006
ACC-C-002935-M1_CASHOUT,ACC-C-002935-M2_LAYERING,DEV-00006
ACC-C-002935-M2_LAYERING,ACC-C-002935-M2A_RUNWAY,DEV-00006
ACC-C-002935-M2A_RUNWAY,ACC-C-003937-M1_CASHOUT,DEV-00006
ACC-C-003937-M1_CASHOUT,ACC-C-003937-M2_LAYERING,DEV-00006
ACC-C-003937-M2_LAYERING,ACC-C-003937-M2A_RUNWAY,DEV-00006
ACC-C-003937-M2A_RUNWAY,ACC-C-010864-M1_GATEWAY,DEV-00006
ACC-C-010864-M1_GATEWAY,ACC-C-015256-M1_GATEWAY,DEV-00006
ACC-C-002618-M1_CASHOUT,ACC-C-002618-M2_LAYERING,DEV-00308
ACC-C-002618-M2_LAYERING,ACC-C-002618-M2A_RUNWAY,DEV-00308
ACC-C-002618-M2A_RUNWAY,ACC-C-002761-M1_CASHOUT,DEV-00308
ACC-C-002761-M1_CASHOUT,ACC-C-002761-M2_LAYERING,DEV-00308
ACC-C-002761-M2_LAYERING,ACC-C-002761-M2A_RUNWAY,DEV-00308
ACC-C-002761-M2A_RUNWAY,ACC-C-003082-M1_CASHOUT,DEV-00308
ACC-C-003082-M1_CASHOUT,ACC-C-003082-M2_LAYERING,DEV-00308
ACC-C-003082-M2_LAYERING,ACC-C-003082-M2A_RUNWAY,DEV-00308
ACC-C-003082-M2A_RUNWAY,ACC-C-006350-M1_GATEWAY,DEV-00308
ACC-C-006350-M1_GATEWAY,ACC-C-008334-M1_CASHOUT,DEV-00308
ACC-C-008334-M1_CASHOUT,ACC-C-008334-M2A_RUNWAY,DEV-00308
ACC-C-008334-M2A_RUNWAY,ACC-C-013713-M1_CASHOUT,DEV-00308
ACC-C-013713-M1_CASHOUT,ACC-C-013713-M2A_RUNWAY,DEV-00308
ACC-C-013713-M2A_RUNWAY,ACC-C-014167-M1_GATEWAY,DEV-00308
ACC-C-014167-M1_GATEWAY,ACC-C-016824-M1_GATEWAY,DEV-00308
ACC-C-016824-M1_GATEWAY,ACC-C-016973-M1_CASHOUT,DEV-00308
ACC-C-016973-M1_CASHOUT,ACC-C-016973-M2A_RUNWAY,DEV-00308
ACC-C-002650-M1_CASHOUT,ACC-C-002650-M2A_RUNWAY,DEV-00186
ACC-C-002650-M2A_RUNWAY,ACC-C-003246-M1_CASHOUT,DEV-00186
ACC-C-003246-M1_CASHOUT,ACC-C-003246-M2A_RUNWAY,DEV-00186
ACC-C-003246-M2A_RUNWAY,ACC-C-005831-M1_GATEWAY,DEV-00186
ACC-C-005831-M1_GATEWAY,ACC-C-008224-M1_GATEWAY,DEV-00186
ACC-C-008224-M1_GATEWAY,ACC-C-011976-M1_GATEWAY,DEV-00186
ACC-C-011976-M1_GATEWAY,ACC-C-013579-M1_GATEWAY,DEV-00186
ACC-C-002652-M1_CASHOUT,ACC-C-002652-M2_LAYERING,DEV-00214
ACC-C-002652-M2_LAYERING,ACC-C-002652-M2A_RUNWAY,DEV-00214
ACC-C-002652-M2A_RUNWAY,ACC-C-005085-M1_GATEWAY,DEV-00214
ACC-C-005085-M1_GATEWAY,ACC-C-007430-M1_CASHOUT,DEV-00214
ACC-C-007430-M1_CASHOUT,ACC-C-007430-M2A_RUNWAY,DEV-00214
ACC-C-007430-M2A_RUNWAY,ACC-C-009967-M1_GATEWAY,DEV-00214
ACC-C-009967-M1_GATEWAY,ACC-C-011308-M1_CASHOUT,DEV-00214
ACC-C-011308-M1_CASHOUT,ACC-C-011308-M2A_RUNWAY,DEV-00214
ACC-C-011308-M2A_RUNWAY,ACC-C-011788-M1_CASHOUT,DEV-00214
ACC-C-011788-M1_CASHOUT,ACC-C-011788-M2_LAYERING,DEV-00214
ACC-C-011788-M2_LAYERING,ACC-C-011788-M2A_RUNWAY,DEV-00214
ACC-C-011788-M2A_RUNWAY,ACC-C-016158-M1_GATEWAY,DEV-00214
ACC-C-002659-M1_CASHOUT,ACC-C-002659-M2A_RUNWAY,DEV-00322
ACC-C-002659-M2A_RUNWAY,ACC-C-007847-M1_CASHOUT,DEV-00322
ACC-C-007847-M1_CASHOUT,ACC-C-007847-M2_LAYERING,DEV-00322
ACC-C-007847-M2_LAYERING,ACC-C-007847-M2A_RUNWAY,DEV-00322
ACC-C-007847-M2A_RUNWAY,ACC-C-016947-M1_CASHOUT,DEV-00322
ACC-C-016947-M1_CASHOUT,ACC-C-016947-M2A_RUNWAY,DEV-00322
ACC-C-002666-M1_GATEWAY,ACC-C-006434-M1_GATEWAY,DEV-00376
ACC-C-006434-M1_GATEWAY,ACC-C-010978-M1_GATEWAY,DEV-00376
ACC-C-010978-M1_GATEWAY,ACC-C-013605-M1_CASHOUT,DEV-00376
ACC-C-013605-M1_CASHOUT,ACC-C-013605-M2A_RUNWAY,DEV-00376
ACC-C-002712-M1_CASHOUT,ACC-C-002712-M2_LAYERING,DEV-00325
ACC-C-002712-M2_LAYERING,ACC-C-002712-M2A_RUNWAY,DEV-00325
ACC-C-002712-M2A_RUNWAY,ACC-C-008745-M1_GATEWAY,DEV-00325
ACC-C-008745-M1_GATEWAY,ACC-C-012476-M1_CASHOUT,DEV-00325
ACC-C-012476-M1_CASHOUT,ACC-C-012476-M2A_RUNWAY,DEV-00325
ACC-C-002721-M1_GATEWAY,ACC-C-006200-M1_CASHOUT,DEV-00353
ACC-C-006200-M1_CASHOUT,ACC-C-006200-M2_LAYERING,DEV-00353
ACC-C-006200-M2_LAYERING,ACC-C-006200-M2A_RUNWAY,DEV-00353
ACC-C-002735-M1_GATEWAY,ACC-C-002993-M1_CASHOUT,DEV-00229
ACC-C-002993-M1_CASHOUT,ACC-C-002993-M2_LAYERING,DEV-00229
ACC-C-002993-M2_LAYERING,ACC-C-002993-M2A_RUNWAY,DEV-00229
ACC-C-002993-M2A_RUNWAY,ACC-C-004771-M1_CASHOUT,DEV-00229
ACC-C-004771-M1_CASHOUT,ACC-C-004771-M2_LAYERING,DEV-00229
ACC-C-004771-M2_LAYERING,ACC-C-004771-M2A_RUNWAY,DEV-00229
ACC-C-004771-M2A_RUNWAY,ACC-C-005259-M1_GATEWAY,DEV-00229
ACC-C-005259-M1_GATEWAY,ACC-C-005873-M1_CASHOUT,DEV-00229
ACC-C-005873-M1_CASHOUT,ACC-C-005873-M2A_RUNWAY,DEV-00229
ACC-C-005873-M2A_RUNWAY,ACC-C-006878-M1_CASHOUT,DEV-00229
ACC-C-006878-M1_CASHOUT,ACC-C-006878-M2A_RUNWAY,DEV-00229
ACC-C-006878-M2A_RUNWAY,ACC-C-007756-M1_CASHOUT,DEV-00229
ACC-C-007756-M1_CASHOUT,ACC-C-007756-M2_LAYERING,DEV-00229
ACC-C-007756-M2_LAYERING,ACC-C-007756-M2A_RUNWAY,DEV-00229
ACC-C-007756-M2A_RUNWAY,ACC-C-008950-M1_CASHOUT,DEV-00229
ACC-C-008950-M1_CASHOUT,ACC-C-008950-M2_LAYERING,DEV-00229
ACC-C-008950-M2_LAYERING,ACC-C-008950-M2A_RUNWAY,DEV-00229
ACC-C-008950-M2A_RUNWAY,ACC-C-011148-M1_CASHOUT,DEV-00229
ACC-C-011148-M1_CASHOUT,ACC-C-011148-M2A_RUNWAY,DEV-00229
ACC-C-011148-M2A_RUNWAY,ACC-C-012439-M1_CASHOUT,DEV-00229
ACC-C-012439-M1_CASHOUT,ACC-C-012439-M2A_RUNWAY,DEV-00229
ACC-C-002759-M1_CASHOUT,ACC-C-002759-M2_LAYERING,DEV-00194
ACC-C-002759-M2_LAYERING,ACC-C-002759-M2A_RUNWAY,DEV-00194
ACC-C-002759-M2A_RUNWAY,ACC-C-004530-M1_CASHOUT,DEV-00194
ACC-C-004530-M1_CASHOUT,ACC-C-004530-M2A_RUNWAY,DEV-00194
ACC-C-004530-M2A_RUNWAY,ACC-C-007939-M1_GATEWAY,DEV-00194
ACC-C-007939-M1_GATEWAY,ACC-C-011709-M1_CASHOUT,DEV-00194
ACC-C-011709-M1_CASHOUT,ACC-C-011709-M2_LAYERING,DEV-00194
ACC-C-011709-M2_LAYERING,ACC-C-011709-M2A_RUNWAY,DEV-00194
ACC-C-011709-M2A_RUNWAY,ACC-C-013205-M1_CASHOUT,DEV-00194
ACC-C-013205-M1_CASHOUT,ACC-C-013205-M2A_RUNWAY,DEV-00194
ACC-C-013205-M2A_RUNWAY,ACC-C-016256-M1_CASHOUT,DEV-00194
ACC-C-016256-M1_CASHOUT,ACC-C-016256-M2_LAYERING,DEV-00194
ACC-C-016256-M2_LAYERING,ACC-C-016256-M2A_RUNWAY,DEV-00194
ACC-C-002772-M1_CASHOUT,ACC-C-002772-M2A_RUNWAY,DEV-00323
ACC-C-002772-M2A_RUNWAY,ACC-C-003351-M1_CASHOUT,DEV-00323
ACC-C-003351-M1_CASHOUT,ACC-C-003351-M2A_RUNWAY,DEV-00323
ACC-C-003351-M2A_RUNWAY,ACC-C-008870-M1_GATEWAY,DEV-00323
ACC-C-008870-M1_GATEWAY,ACC-C-011676-M1_CASHOUT,DEV-00323
ACC-C-011676-M1_CASHOUT,ACC-C-011676-M2_LAYERING,DEV-00323
ACC-C-011676-M2_LAYERING,ACC-C-011676-M2A_RUNWAY,DEV-00323
ACC-C-011676-M2A_RUNWAY,ACC-C-012260-M1_CASHOUT,DEV-00323
ACC-C-012260-M1_CASHOUT,ACC-C-012260-M2A_RUNWAY,DEV-00323
ACC-C-012260-M2A_RUNWAY,ACC-C-016632-M1_GATEWAY,DEV-00323
ACC-C-016632-M1_GATEWAY,ACC-C-017052-M1_GATEWAY,DEV-00323
ACC-C-002788-M1_CASHOUT,ACC-C-002788-M2_LAYERING,DEV-00359
ACC-C-002788-M2_LAYERING,ACC-C-002788-M2A_RUNWAY,DEV-00359
ACC-C-002788-M2A_RUNWAY,ACC-C-003664-M1_GATEWAY,DEV-00359
ACC-C-003664-M1_GATEWAY,ACC-C-004227-M1_GATEWAY,DEV-00359
ACC-C-004227-M1_GATEWAY,ACC-C-005020-M1_CASHOUT,DEV-00359
ACC-C-005020-M1_CASHOUT,ACC-C-005020-M2_LAYERING,DEV-00359
ACC-C-005020-M2_LAYERING,ACC-C-005020-M2A_RUNWAY,DEV-00359
ACC-C-005020-M2A_RUNWAY,ACC-C-006792-M1_GATEWAY,DEV-00359
ACC-C-006792-M1_GATEWAY,ACC-C-009658-M1_CASHOUT,DEV-00359
ACC-C-009658-M1_CASHOUT,ACC-C-009658-M2_LAYERING,DEV-00359
ACC-C-009658-M2_LAYERING,ACC-C-009658-M2A_RUNWAY,DEV-00359
ACC-C-009658-M2A_RUNWAY,ACC-C-014884-M1_CASHOUT,DEV-00359
ACC-C-014884-M1_CASHOUT,ACC-C-014884-M2A_RUNWAY,DEV-00359
ACC-C-014884-M2A_RUNWAY,ACC-C-015055-M1_CASHOUT,DEV-00359
ACC-C-015055-M1_CASHOUT,ACC-C-015055-M2A_RUNWAY,DEV-00359
ACC-C-002794-M1_GATEWAY,ACC-C-005741-M1_CASHOUT,DEV-00010
ACC-C-005741-M1_CASHOUT,ACC-C-005741-M2_LAYERING,DEV-00010
ACC-C-005741-M2_LAYERING,ACC-C-005741-M2A_RUNWAY,DEV-00010
ACC-C-005741-M2A_RUNWAY,ACC-C-010705-M1_CASHOUT,DEV-00010
ACC-C-010705-M1_CASHOUT,ACC-C-010705-M2_LAYERING,DEV-00010
ACC-C-010705-M2_LAYERING,ACC-C-010705-M2A_RUNWAY,DEV-00010
ACC-C-010705-M2A_RUNWAY,ACC-C-010773-M1_CASHOUT,DEV-00010
ACC-C-010773-M1_CASHOUT,ACC-C-010773-M2_LAYERING,DEV-00010
ACC-C-010773-M2_LAYERING,ACC-C-010773-M2A_RUNWAY,DEV-00010
ACC-C-010773-M2A_RUNWAY,ACC-C-015815-M1_CASHOUT,DEV-00010
ACC-C-015815-M1_CASHOUT,ACC-C-015815-M2A_RUNWAY,DEV-00010
ACC-C-002807-M1_CASHOUT,ACC-C-002807-M2A_RUNWAY,DEV-00182
ACC-C-002807-M2A_RUNWAY,ACC-C-005825-M1_CASHOUT,DEV-00182
ACC-C-005825-M1_CASHOUT,ACC-C-005825-M2_LAYERING,DEV-00182
ACC-C-005825-M2_LAYERING,ACC-C-005825-M2A_RUNWAY,DEV-00182
ACC-C-005825-M2A_RUNWAY,ACC-C-008819-M1_CASHOUT,DEV-00182
ACC-C-008819-M1_CASHOUT,ACC-C-008819-M2_LAYERING,DEV-00182
ACC-C-008819-M2_LAYERING,ACC-C-008819-M2A_RUNWAY,DEV-00182
ACC-C-008819-M2A_RUNWAY,ACC-C-013742-M1_CASHOUT,DEV-00182
ACC-C-013742-M1_CASHOUT,ACC-C-013742-M2A_RUNWAY,DEV-00182
ACC-C-013742-M2A_RUNWAY,ACC-C-014220-M1_CASHOUT,DEV-00182
ACC-C-014220-M1_CASHOUT,ACC-C-014220-M2A_RUNWAY,DEV-00182
ACC-C-014220-M2A_RUNWAY,ACC-C-015156-M1_CASHOUT,DEV-00182
ACC-C-015156-M1_CASHOUT,ACC-C-015156-M2_LAYERING,DEV-00182
ACC-C-015156-M2_LAYERING,ACC-C-015156-M2A_RUNWAY,DEV-00182
ACC-C-002822-M1_CASHOUT,ACC-C-002822-M2_LAYERING,DEV-00336
ACC-C-002822-M2_LAYERING,ACC-C-002822-M2A_RUNWAY,DEV-00336
ACC-C-002822-M2A_RUNWAY,ACC-C-006218-M1_CASHOUT,DEV-00336
ACC-C-006218-M1_CASHOUT,ACC-C-006218-M2_LAYERING,DEV-00336
ACC-C-006218-M2_LAYERING,ACC-C-006218-M2A_RUNWAY,DEV-00336
ACC-C-006218-M2A_RUNWAY,ACC-C-007779-M1_CASHOUT,DEV-00336
ACC-C-007779-M1_CASHOUT,ACC-C-007779-M2_LAYERING,DEV-00336
ACC-C-007779-M2_LAYERING,ACC-C-007779-M2A_RUNWAY,DEV-00336
ACC-C-007779-M2A_RUNWAY,ACC-C-010404-M1_GATEWAY,DEV-00336
ACC-C-010404-M1_GATEWAY,ACC-C-013631-M1_GATEWAY,DEV-00336
ACC-C-013631-M1_GATEWAY,ACC-C-015346-M1_CASHOUT,DEV-00336
ACC-C-015346-M1_CASHOUT,ACC-C-015346-M2A_RUNWAY,DEV-00336
ACC-C-015346-M2A_RUNWAY,ACC-C-016146-M1_CASHOUT,DEV-00336
ACC-C-016146-M1_CASHOUT,ACC-C-016146-M2_LAYERING,DEV-00336
ACC-C-016146-M2_LAYERING,ACC-C-016146-M2A_RUNWAY,DEV-00336
ACC-C-016146-M2A_RUNWAY,ACC-C-016391-M1_CASHOUT,DEV-00336
ACC-C-016391-M1_CASHOUT,ACC-C-016391-M2A_RUNWAY,DEV-00336
ACC-C-016391-M2A_RUNWAY,ACC-C-016515-M1_GATEWAY,DEV-00336
ACC-C-002835-M1_GATEWAY,ACC-C-005930-M1_CASHOUT,DEV-00292
ACC-C-005930-M1_CASHOUT,ACC-C-005930-M2A_RUNWAY,DEV-00292
ACC-C-005930-M2A_RUNWAY,ACC-C-012934-M1_GATEWAY,DEV-00292
ACC-C-012934-M1_GATEWAY,ACC-C-013798-M1_GATEWAY,DEV-00292
ACC-C-013798-M1_GATEWAY,ACC-C-013897-M1_CASHOUT,DEV-00292
ACC-C-013897-M1_CASHOUT,ACC-C-013897-M2_LAYERING,DEV-00292
ACC-C-013897-M2_LAYERING,ACC-C-013897-M2A_RUNWAY,DEV-00292
ACC-C-013897-M2A_RUNWAY,ACC-C-014645-M1_CASHOUT,DEV-00292
ACC-C-014645-M1_CASHOUT,ACC-C-014645-M2_LAYERING,DEV-00292
ACC-C-014645-M2_LAYERING,ACC-C-014645-M2A_RUNWAY,DEV-00292
ACC-C-002841-M1_CASHOUT,ACC-C-002841-M2_LAYERING,DEV-00048
ACC-C-002841-M2_LAYERING,ACC-C-002841-M2A_RUNWAY,DEV-00048
ACC-C-002841-M2A_RUNWAY,ACC-C-003481-M1_GATEWAY,DEV-00048
ACC-C-003481-M1_GATEWAY,ACC-C-006375-M1_GATEWAY,DEV-00048
ACC-C-006375-M1_GATEWAY,ACC-C-006562-M1_CASHOUT,DEV-00048
ACC-C-006562-M1_CASHOUT,ACC-C-006562-M2A_RUNWAY,DEV-00048
ACC-C-006562-M2A_RUNWAY,ACC-C-010685-M1_CASHOUT,DEV-00048
ACC-C-010685-M1_CASHOUT,ACC-C-010685-M2A_RUNWAY,DEV-00048
ACC-C-010685-M2A_RUNWAY,ACC-C-014494-M1_CASHOUT,DEV-00048
ACC-C-014494-M1_CASHOUT,ACC-C-014494-M2A_RUNWAY,DEV-00048
ACC-C-002867-M1_CASHOUT,ACC-C-002867-M2_LAYERING,DEV-00225
ACC-C-002867-M2_LAYERING,ACC-C-002867-M2A_RUNWAY,DEV-00225
ACC-C-002867-M2A_RUNWAY,ACC-C-017091-M1_GATEWAY,DEV-00225
ACC-C-017091-M1_GATEWAY,ACC-C-017652-M1_CASHOUT,DEV-00225
ACC-C-017652-M1_CASHOUT,ACC-C-017652-M2A_RUNWAY,DEV-00225
ACC-C-002873-M1_GATEWAY,ACC-C-012901-M1_GATEWAY,DEV-00151
ACC-C-002885-M1_CASHOUT,ACC-C-002885-M2_LAYERING,DEV-00106
ACC-C-002885-M2_LAYERING,ACC-C-002885-M2A_RUNWAY,DEV-00106
ACC-C-002885-M2A_RUNWAY,ACC-C-015645-M1_CASHOUT,DEV-00106
ACC-C-015645-M1_CASHOUT,ACC-C-015645-M2_LAYERING,DEV-00106
ACC-C-015645-M2_LAYERING,ACC-C-015645-M2A_RUNWAY,DEV-00106
ACC-C-015645-M2A_RUNWAY,ACC-C-016943-M1_GATEWAY,DEV-00106
ACC-C-002940-M1_GATEWAY,ACC-C-012051-M1_CASHOUT,DEV-00356
ACC-C-012051-M1_CASHOUT,ACC-C-012051-M2_LAYERING,DEV-00356
ACC-C-012051-M2_LAYERING,ACC-C-012051-M2A_RUNWAY,DEV-00356
ACC-C-012051-M2A_RUNWAY,ACC-C-012068-M1_CASHOUT,DEV-00356
ACC-C-012068-M1_CASHOUT,ACC-C-012068-M2A_RUNWAY,DEV-00356
ACC-C-012068-M2A_RUNWAY,ACC-C-015129-M1_CASHOUT,DEV-00356
ACC-C-015129-M1_CASHOUT,ACC-C-015129-M2A_RUNWAY,DEV-00356
ACC-C-015129-M2A_RUNWAY,ACC-C-015448-M1_GATEWAY,DEV-00356
ACC-C-015448-M1_GATEWAY,ACC-C-016185-M1_GATEWAY,DEV-00356
ACC-C-002944-M1_CASHOUT,ACC-C-002944-M2A_RUNWAY,DEV-00174
ACC-C-002944-M2A_RUNWAY,ACC-C-003412-M1_CASHOUT,DEV-00174
ACC-C-003412-M1_CASHOUT,ACC-C-003412-M2A_RUNWAY,DEV-00174
ACC-C-003412-M2A_RUNWAY,ACC-C-005558-M1_GATEWAY,DEV-00174
ACC-C-005558-M1_GATEWAY,ACC-C-006458-M1_CASHOUT,DEV-00174
ACC-C-006458-M1_CASHOUT,ACC-C-006458-M2_LAYERING,DEV-00174
ACC-C-006458-M2_LAYERING,ACC-C-006458-M2A_RUNWAY,DEV-00174
ACC-C-006458-M2A_RUNWAY,ACC-C-006630-M1_CASHOUT,DEV-00174
ACC-C-006630-M1_CASHOUT,ACC-C-006630-M2A_RUNWAY,DEV-00174
ACC-C-006630-M2A_RUNWAY,ACC-C-007208-M1_GATEWAY,DEV-00174
ACC-C-007208-M1_GATEWAY,ACC-C-009074-M1_GATEWAY,DEV-00174
ACC-C-009074-M1_GATEWAY,ACC-C-011161-M1_CASHOUT,DEV-00174
ACC-C-011161-M1_CASHOUT,ACC-C-011161-M2_LAYERING,DEV-00174
ACC-C-011161-M2_LAYERING,ACC-C-011161-M2A_RUNWAY,DEV-00174
ACC-C-011161-M2A_RUNWAY,ACC-C-011930-M1_CASHOUT,DEV-00174
ACC-C-011930-M1_CASHOUT,ACC-C-011930-M2_LAYERING,DEV-00174
ACC-C-011930-M2_LAYERING,ACC-C-011930-M2A_RUNWAY,DEV-00174
ACC-C-011930-M2A_RUNWAY,ACC-C-013269-M1_CASHOUT,DEV-00174
ACC-C-013269-M1_CASHOUT,ACC-C-013269-M2_LAYERING,DEV-00174
ACC-C-013269-M2_LAYERING,ACC-C-013269-M2A_RUNWAY,DEV-00174
ACC-C-013269-M2A_RUNWAY,ACC-C-013442-M1_CASHOUT,DEV-00174
ACC-C-013442-M1_CASHOUT,ACC-C-013442-M2A_RUNWAY,DEV-00174
ACC-C-002960-M1_CASHOUT,ACC-C-002960-M2_LAYERING,DEV-00372
ACC-C-002960-M2_LAYERING,ACC-C-002960-M2A_RUNWAY,DEV-00372
ACC-C-002960-M2A_RUNWAY,ACC-C-005127-M1_CASHOUT,DEV-00372
ACC-C-005127-M1_CASHOUT,ACC-C-005127-M2A_RUNWAY,DEV-00372
ACC-C-005127-M2A_RUNWAY,ACC-C-005290-M1_GATEWAY,DEV-00372
ACC-C-005290-M1_GATEWAY,ACC-C-007047-M1_GATEWAY,DEV-00372
ACC-C-007047-M1_GATEWAY,ACC-C-008605-M1_CASHOUT,DEV-00372
ACC-C-008605-M1_CASHOUT,ACC-C-008605-M2_LAYERING,DEV-00372
ACC-C-008605-M2_LAYERING,ACC-C-008605-M2A_RUNWAY,DEV-00372
ACC-C-008605-M2A_RUNWAY,ACC-C-010516-M1_GATEWAY,DEV-00372
ACC-C-010516-M1_GATEWAY,ACC-C-012242-M1_GATEWAY,DEV-00372
ACC-C-012242-M1_GATEWAY,ACC-C-012392-M1_CASHOUT,DEV-00372
ACC-C-012392-M1_CASHOUT,ACC-C-012392-M2_LAYERING,DEV-00372
ACC-C-012392-M2_LAYERING,ACC-C-012392-M2A_RUNWAY,DEV-00372
ACC-C-012392-M2A_RUNWAY,ACC-C-017256-M1_GATEWAY,DEV-00372
ACC-C-003000-M1_GATEWAY,ACC-C-005654-M1_GATEWAY,DEV-00387
ACC-C-005654-M1_GATEWAY,ACC-C-005920-M1_CASHOUT,DEV-00387
ACC-C-005920-M1_CASHOUT,ACC-C-005920-M2_LAYERING,DEV-00387
ACC-C-005920-M2_LAYERING,ACC-C-005920-M2A_RUNWAY,DEV-00387
ACC-C-005920-M2A_RUNWAY,ACC-C-006234-M1_GATEWAY,DEV-00387
ACC-C-006234-M1_GATEWAY,ACC-C-006993-M1_CASHOUT,DEV-00387
ACC-C-006993-M1_CASHOUT,ACC-C-006993-M2A_RUNWAY,DEV-00387
ACC-C-006993-M2A_RUNWAY,ACC-C-007741-M1_CASHOUT,DEV-00387
ACC-C-007741-M1_CASHOUT,ACC-C-007741-M2A_RUNWAY,DEV-00387
ACC-C-007741-M2A_RUNWAY,ACC-C-008058-M1_CASHOUT,DEV-00387
ACC-C-008058-M1_CASHOUT,ACC-C-008058-M2_LAYERING,DEV-00387
ACC-C-008058-M2_LAYERING,ACC-C-008058-M2A_RUNWAY,DEV-00387
ACC-C-008058-M2A_RUNWAY,ACC-C-009767-M1_CASHOUT,DEV-00387
ACC-C-009767-M1_CASHOUT,ACC-C-009767-M2A_RUNWAY,DEV-00387
ACC-C-009767-M2A_RUNWAY,ACC-C-012045-M1_CASHOUT,DEV-00387
ACC-C-012045-M1_CASHOUT,ACC-C-012045-M2A_RUNWAY,DEV-00387
ACC-C-012045-M2A_RUNWAY,ACC-C-017180-M1_GATEWAY,DEV-00387
ACC-C-003025-M1_GATEWAY,ACC-C-004153-M1_GATEWAY,DEV-00217
ACC-C-004153-M1_GATEWAY,ACC-C-005230-M1_CASHOUT,DEV-00217
ACC-C-005230-M1_CASHOUT,ACC-C-005230-M2A_RUNWAY,DEV-00217
ACC-C-005230-M2A_RUNWAY,ACC-C-005748-M1_CASHOUT,DEV-00217
ACC-C-005748-M1_CASHOUT,ACC-C-005748-M2A_RUNWAY,DEV-00217
ACC-C-005748-M2A_RUNWAY,ACC-C-006930-M1_CASHOUT,DEV-00217
ACC-C-006930-M1_CASHOUT,ACC-C-006930-M2_LAYERING,DEV-00217
ACC-C-006930-M2_LAYERING,ACC-C-006930-M2A_RUNWAY,DEV-00217
ACC-C-006930-M2A_RUNWAY,ACC-C-009528-M1_CASHOUT,DEV-00217
ACC-C-009528-M1_CASHOUT,ACC-C-009528-M2A_RUNWAY,DEV-00217
ACC-C-009528-M2A_RUNWAY,ACC-C-009625-M1_CASHOUT,DEV-00217
ACC-C-009625-M1_CASHOUT,ACC-C-009625-M2_LAYERING,DEV-00217
ACC-C-009625-M2_LAYERING,ACC-C-009625-M2A_RUNWAY,DEV-00217
ACC-C-009625-M2A_RUNWAY,ACC-C-009893-M1_CASHOUT,DEV-00217
ACC-C-009893-M1_CASHOUT,ACC-C-009893-M2_LAYERING,DEV-00217
ACC-C-009893-M2_LAYERING,ACC-C-009893-M2A_RUNWAY,DEV-00217
ACC-C-009893-M2A_RUNWAY,ACC-C-014198-M1_CASHOUT,DEV-00217
ACC-C-014198-M1_CASHOUT,ACC-C-014198-M2_LAYERING,DEV-00217
ACC-C-014198-M2_LAYERING,ACC-C-014198-M2A_RUNWAY,DEV-00217
ACC-C-014198-M2A_RUNWAY,ACC-C-016910-M1_GATEWAY,DEV-00217
ACC-C-003078-M1_CASHOUT,ACC-C-003078-M2A_RUNWAY,DEV-00074
ACC-C-003078-M2A_RUNWAY,ACC-C-005981-M1_CASHOUT,DEV-00074
ACC-C-005981-M1_CASHOUT,ACC-C-005981-M2_LAYERING,DEV-00074
ACC-C-005981-M2_LAYERING,ACC-C-005981-M2A_RUNWAY,DEV-00074
ACC-C-005981-M2A_RUNWAY,ACC-C-007621-M1_GATEWAY,DEV-00074
ACC-C-007621-M1_GATEWAY,ACC-C-008668-M1_CASHOUT,DEV-00074
ACC-C-008668-M1_CASHOUT,ACC-C-008668-M2A_RUNWAY,DEV-00074
ACC-C-008668-M2A_RUNWAY,ACC-C-012293-M1_CASHOUT,DEV-00074
ACC-C-012293-M1_CASHOUT,ACC-C-012293-M2_LAYERING,DEV-00074
ACC-C-012293-M2_LAYERING,ACC-C-012293-M2A_RUNWAY,DEV-00074
ACC-C-012293-M2A_RUNWAY,ACC-C-013321-M1_CASHOUT,DEV-00074
ACC-C-013321-M1_CASHOUT,ACC-C-013321-M2_LAYERING,DEV-00074
ACC-C-013321-M2_LAYERING,ACC-C-013321-M2A_RUNWAY,DEV-00074
ACC-C-013321-M2A_RUNWAY,ACC-C-014889-M1_CASHOUT,DEV-00074
ACC-C-014889-M1_CASHOUT,ACC-C-014889-M2_LAYERING,DEV-00074
ACC-C-014889-M2_LAYERING,ACC-C-014889-M2A_RUNWAY,DEV-00074
ACC-C-014889-M2A_RUNWAY,ACC-C-015117-M1_GATEWAY,DEV-00074
ACC-C-015117-M1_GATEWAY,ACC-C-015305-M1_CASHOUT,DEV-00074
ACC-C-015305-M1_CASHOUT,ACC-C-015305-M2_LAYERING,DEV-00074
ACC-C-015305-M2_LAYERING,ACC-C-015305-M2A_RUNWAY,DEV-00074
ACC-C-015305-M2A_RUNWAY,ACC-C-015341-M1_CASHOUT,DEV-00074
ACC-C-015341-M1_CASHOUT,ACC-C-015341-M2_LAYERING,DEV-00074
ACC-C-015341-M2_LAYERING,ACC-C-015341-M2A_RUNWAY,DEV-00074
ACC-C-015341-M2A_RUNWAY,ACC-C-015629-M1_CASHOUT,DEV-00074
ACC-C-015629-M1_CASHOUT,ACC-C-015629-M2_LAYERING,DEV-00074
ACC-C-015629-M2_LAYERING,ACC-C-015629-M2A_RUNWAY,DEV-00074
ACC-C-003087-M1_CASHOUT,ACC-C-003087-M2A_RUNWAY,DEV-00344
ACC-C-003087-M2A_RUNWAY,ACC-C-006148-M1_GATEWAY,DEV-00344
ACC-C-006148-M1_GATEWAY,ACC-C-010814-M1_CASHOUT,DEV-00344
ACC-C-010814-M1_CASHOUT,ACC-C-010814-M2_LAYERING,DEV-00344
ACC-C-010814-M2_LAYERING,ACC-C-010814-M2A_RUNWAY,DEV-00344
ACC-C-010814-M2A_RUNWAY,ACC-C-014796-M1_CASHOUT,DEV-00344
ACC-C-014796-M1_CASHOUT,ACC-C-014796-M2A_RUNWAY,DEV-00344
ACC-C-014796-M2A_RUNWAY,ACC-C-015526-M1_GATEWAY,DEV-00344
ACC-C-003113-M1_CASHOUT,ACC-C-003113-M2_LAYERING,DEV-00223
ACC-C-003113-M2_LAYERING,ACC-C-003113-M2A_RUNWAY,DEV-00223
ACC-C-003113-M2A_RUNWAY,ACC-C-013755-M1_GATEWAY,DEV-00223
ACC-C-003125-M1_GATEWAY,ACC-C-004380-M1_CASHOUT,DEV-00161
ACC-C-004380-M1_CASHOUT,ACC-C-004380-M2_LAYERING,DEV-00161
ACC-C-004380-M2_LAYERING,ACC-C-004380-M2A_RUNWAY,DEV-00161
ACC-C-004380-M2A_RUNWAY,ACC-C-005159-M1_GATEWAY,DEV-00161
ACC-C-005159-M1_GATEWAY,ACC-C-007146-M1_GATEWAY,DEV-00161
ACC-C-007146-M1_GATEWAY,ACC-C-007254-M1_CASHOUT,DEV-00161
ACC-C-007254-M1_CASHOUT,ACC-C-007254-M2A_RUNWAY,DEV-00161
ACC-C-007254-M2A_RUNWAY,ACC-C-008155-M1_GATEWAY,DEV-00161
ACC-C-008155-M1_GATEWAY,ACC-C-009463-M1_GATEWAY,DEV-00161
ACC-C-003155-M1_CASHOUT,ACC-C-003155-M2_LAYERING,DEV-00165
ACC-C-003155-M2_LAYERING,ACC-C-003155-M2A_RUNWAY,DEV-00165
ACC-C-003155-M2A_RUNWAY,ACC-C-008938-M1_CASHOUT,DEV-00165
ACC-C-008938-M1_CASHOUT,ACC-C-008938-M2A_RUNWAY,DEV-00165
ACC-C-008938-M2A_RUNWAY,ACC-C-011101-M1_GATEWAY,DEV-00165
ACC-C-011101-M1_GATEWAY,ACC-C-011929-M1_CASHOUT,DEV-00165
ACC-C-011929-M1_CASHOUT,ACC-C-011929-M2_LAYERING,DEV-00165
ACC-C-011929-M2_LAYERING,ACC-C-011929-M2A_RUNWAY,DEV-00165
ACC-C-011929-M2A_RUNWAY,ACC-C-017277-M1_CASHOUT,DEV-00165
ACC-C-017277-M1_CASHOUT,ACC-C-017277-M2_LAYERING,DEV-00165
ACC-C-017277-M2_LAYERING,ACC-C-017277-M2A_RUNWAY,DEV-00165
ACC-C-003163-M1_CASHOUT,ACC-C-003163-M2A_RUNWAY,DEV-00051
ACC-C-003163-M2A_RUNWAY,ACC-C-008522-M1_GATEWAY,DEV-00051
ACC-C-008522-M1_GATEWAY,ACC-C-010701-M1_CASHOUT,DEV-00051
ACC-C-010701-M1_CASHOUT,ACC-C-010701-M2A_RUNWAY,DEV-00051
ACC-C-010701-M2A_RUNWAY,ACC-C-012698-M1_GATEWAY,DEV-00051
ACC-C-012698-M1_GATEWAY,ACC-C-016341-M1_CASHOUT,DEV-00051
ACC-C-016341-M1_CASHOUT,ACC-C-016341-M2A_RUNWAY,DEV-00051
ACC-C-016341-M2A_RUNWAY,ACC-C-016670-M1_GATEWAY,DEV-00051
ACC-C-016670-M1_GATEWAY,ACC-C-016794-M1_GATEWAY,DEV-00051
ACC-C-016794-M1_GATEWAY,ACC-C-017092-M1_GATEWAY,DEV-00051
ACC-C-003167-M1_CASHOUT,ACC-C-003167-M2A_RUNWAY,DEV-00374
ACC-C-003167-M2A_RUNWAY,ACC-C-007497-M1_GATEWAY,DEV-00374
ACC-C-007497-M1_GATEWAY,ACC-C-011435-M1_GATEWAY,DEV-00374
ACC-C-011435-M1_GATEWAY,ACC-C-014864-M1_CASHOUT,DEV-00374
ACC-C-014864-M1_CASHOUT,ACC-C-014864-M2_LAYERING,DEV-00374
ACC-C-014864-M2_LAYERING,ACC-C-014864-M2A_RUNWAY,DEV-00374
ACC-C-014864-M2A_RUNWAY,ACC-C-015228-M1_GATEWAY,DEV-00374
ACC-C-003175-M1_CASHOUT,ACC-C-003175-M2_LAYERING,DEV-00339
ACC-C-003175-M2_LAYERING,ACC-C-003175-M2A_RUNWAY,DEV-00339
ACC-C-003175-M2A_RUNWAY,ACC-C-006167-M1_GATEWAY,DEV-00339
ACC-C-006167-M1_GATEWAY,ACC-C-009058-M1_GATEWAY,DEV-00339
ACC-C-009058-M1_GATEWAY,ACC-C-009793-M1_CASHOUT,DEV-00339
ACC-C-009793-M1_CASHOUT,ACC-C-009793-M2_LAYERING,DEV-00339
ACC-C-009793-M2_LAYERING,ACC-C-009793-M2A_RUNWAY,DEV-00339
ACC-C-009793-M2A_RUNWAY,ACC-C-011646-M1_GATEWAY,DEV-00339
ACC-C-011646-M1_GATEWAY,ACC-C-013020-M1_CASHOUT,DEV-00339
ACC-C-013020-M1_CASHOUT,ACC-C-013020-M2A_RUNWAY,DEV-00339
ACC-C-013020-M2A_RUNWAY,ACC-C-016140-M1_CASHOUT,DEV-00339
ACC-C-016140-M1_CASHOUT,ACC-C-016140-M2_LAYERING,DEV-00339
ACC-C-016140-M2_LAYERING,ACC-C-016140-M2A_RUNWAY,DEV-00339
ACC-C-016140-M2A_RUNWAY,ACC-C-017313-M1_GATEWAY,DEV-00339
ACC-C-017313-M1_GATEWAY,ACC-C-017405-M1_CASHOUT,DEV-00339
ACC-C-017405-M1_CASHOUT,ACC-C-017405-M2A_RUNWAY,DEV-00339
ACC-C-003176-M1_CASHOUT,ACC-C-003176-M2_LAYERING,DEV-00017
ACC-C-003176-M2_LAYERING,ACC-C-003176-M2A_RUNWAY,DEV-00017
ACC-C-003176-M2A_RUNWAY,ACC-C-006835-M1_CASHOUT,DEV-00017
ACC-C-006835-M1_CASHOUT,ACC-C-006835-M2A_RUNWAY,DEV-00017
ACC-C-006835-M2A_RUNWAY,ACC-C-008504-M1_GATEWAY,DEV-00017
ACC-C-008504-M1_GATEWAY,ACC-C-011787-M1_CASHOUT,DEV-00017
ACC-C-011787-M1_CASHOUT,ACC-C-011787-M2A_RUNWAY,DEV-00017
ACC-C-003183-M1_CASHOUT,ACC-C-003183-M2_LAYERING,DEV-00042
ACC-C-003183-M2_LAYERING,ACC-C-003183-M2A_RUNWAY,DEV-00042
ACC-C-003183-M2A_RUNWAY,ACC-C-008673-M1_CASHOUT,DEV-00042
ACC-C-008673-M1_CASHOUT,ACC-C-008673-M2_LAYERING,DEV-00042
ACC-C-008673-M2_LAYERING,ACC-C-008673-M2A_RUNWAY,DEV-00042
ACC-C-008673-M2A_RUNWAY,ACC-C-011127-M1_GATEWAY,DEV-00042
ACC-C-011127-M1_GATEWAY,ACC-C-012043-M1_CASHOUT,DEV-00042
ACC-C-012043-M1_CASHOUT,ACC-C-012043-M2A_RUNWAY,DEV-00042
ACC-C-012043-M2A_RUNWAY,ACC-C-012672-M1_GATEWAY,DEV-00042
ACC-C-012672-M1_GATEWAY,ACC-C-013397-M1_CASHOUT,DEV-00042
ACC-C-013397-M1_CASHOUT,ACC-C-013397-M2_LAYERING,DEV-00042
ACC-C-013397-M2_LAYERING,ACC-C-013397-M2A_RUNWAY,DEV-00042
ACC-C-013397-M2A_RUNWAY,ACC-C-014788-M1_CASHOUT,DEV-00042
ACC-C-014788-M1_CASHOUT,ACC-C-014788-M2_LAYERING,DEV-00042
ACC-C-014788-M2_LAYERING,ACC-C-014788-M2A_RUNWAY,DEV-00042
ACC-C-014788-M2A_RUNWAY,ACC-C-017388-M1_CASHOUT,DEV-00042
ACC-C-017388-M1_CASHOUT,ACC-C-017388-M2_LAYERING,DEV-00042
ACC-C-017388-M2_LAYERING,ACC-C-017388-M2A_RUNWAY,DEV-00042
ACC-C-003218-M1_CASHOUT,ACC-C-003218-M2A_RUNWAY,DEV-00073
ACC-C-003218-M2A_RUNWAY,ACC-C-006113-M1_CASHOUT,DEV-00073
ACC-C-006113-M1_CASHOUT,ACC-C-006113-M2A_RUNWAY,DEV-00073
ACC-C-006113-M2A_RUNWAY,ACC-C-007051-M1_CASHOUT,DEV-00073
ACC-C-007051-M1_CASHOUT,ACC-C-007051-M2A_RUNWAY,DEV-00073
ACC-C-007051-M2A_RUNWAY,ACC-C-007079-M1_CASHOUT,DEV-00073
ACC-C-007079-M1_CASHOUT,ACC-C-007079-M2_LAYERING,DEV-00073
ACC-C-007079-M2_LAYERING,ACC-C-007079-M2A_RUNWAY,DEV-00073
ACC-C-007079-M2A_RUNWAY,ACC-C-008933-M1_CASHOUT,DEV-00073
ACC-C-008933-M1_CASHOUT,ACC-C-008933-M2A_RUNWAY,DEV-00073
ACC-C-008933-M2A_RUNWAY,ACC-C-014186-M1_GATEWAY,DEV-00073
ACC-C-014186-M1_GATEWAY,ACC-C-016245-M1_GATEWAY,DEV-00073
ACC-C-016245-M1_GATEWAY,ACC-C-016842-M1_CASHOUT,DEV-00073
ACC-C-016842-M1_CASHOUT,ACC-C-016842-M2_LAYERING,DEV-00073
ACC-C-016842-M2_LAYERING,ACC-C-016842-M2A_RUNWAY,DEV-00073
ACC-C-003219-M1_CASHOUT,ACC-C-003219-M2A_RUNWAY,DEV-00390
ACC-C-003219-M2A_RUNWAY,ACC-C-004312-M1_GATEWAY,DEV-00390
ACC-C-004312-M1_GATEWAY,ACC-C-007451-M1_GATEWAY,DEV-00390
ACC-C-007451-M1_GATEWAY,ACC-C-009200-M1_CASHOUT,DEV-00390
ACC-C-009200-M1_CASHOUT,ACC-C-009200-M2A_RUNWAY,DEV-00390
ACC-C-009200-M2A_RUNWAY,ACC-C-011751-M1_CASHOUT,DEV-00390
ACC-C-011751-M1_CASHOUT,ACC-C-011751-M2A_RUNWAY,DEV-00390
ACC-C-011751-M2A_RUNWAY,ACC-C-013259-M1_CASHOUT,DEV-00390
ACC-C-013259-M1_CASHOUT,ACC-C-013259-M2_LAYERING,DEV-00390
ACC-C-013259-M2_LAYERING,ACC-C-013259-M2A_RUNWAY,DEV-00390
ACC-C-013259-M2A_RUNWAY,ACC-C-014697-M1_GATEWAY,DEV-00390
ACC-C-014697-M1_GATEWAY,ACC-C-015205-M1_GATEWAY,DEV-00390
ACC-C-015205-M1_GATEWAY,ACC-C-015440-M1_GATEWAY,DEV-00390
ACC-C-003220-M1_GATEWAY,ACC-C-006006-M1_CASHOUT,DEV-00204
ACC-C-006006-M1_CASHOUT,ACC-C-006006-M2A_RUNWAY,DEV-00204
ACC-C-006006-M2A_RUNWAY,ACC-C-008406-M1_CASHOUT,DEV-00204
ACC-C-008406-M1_CASHOUT,ACC-C-008406-M2A_RUNWAY,DEV-00204
ACC-C-008406-M2A_RUNWAY,ACC-C-008419-M1_CASHOUT,DEV-00204
ACC-C-008419-M1_CASHOUT,ACC-C-008419-M2_LAYERING,DEV-00204
ACC-C-008419-M2_LAYERING,ACC-C-008419-M2A_RUNWAY,DEV-00204
ACC-C-008419-M2A_RUNWAY,ACC-C-009535-M1_CASHOUT,DEV-00204
ACC-C-009535-M1_CASHOUT,ACC-C-009535-M2A_RUNWAY,DEV-00204
ACC-C-009535-M2A_RUNWAY,ACC-C-015494-M1_CASHOUT,DEV-00204
ACC-C-015494-M1_CASHOUT,ACC-C-015494-M2A_RUNWAY,DEV-00204
ACC-C-015494-M2A_RUNWAY,ACC-C-016766-M1_CASHOUT,DEV-00204
ACC-C-016766-M1_CASHOUT,ACC-C-016766-M2_LAYERING,DEV-00204
ACC-C-016766-M2_LAYERING,ACC-C-016766-M2A_RUNWAY,DEV-00204
ACC-C-016766-M2A_RUNWAY,ACC-C-016880-M1_CASHOUT,DEV-00204
ACC-C-016880-M1_CASHOUT,ACC-C-016880-M2_LAYERING,DEV-00204
ACC-C-016880-M2_LAYERING,ACC-C-016880-M2A_RUNWAY,DEV-00204
ACC-C-003232-M1_CASHOUT,ACC-C-003232-M2A_RUNWAY,DEV-00027
ACC-C-003232-M2A_RUNWAY,ACC-C-003260-M1_CASHOUT,DEV-00027
ACC-C-003260-M1_CASHOUT,ACC-C-003260-M2A_RUNWAY,DEV-00027
ACC-C-003233-M1_GATEWAY,ACC-C-005954-M1_CASHOUT,DEV-00094
ACC-C-005954-M1_CASHOUT,ACC-C-005954-M2A_RUNWAY,DEV-00094
ACC-C-005954-M2A_RUNWAY,ACC-C-006545-M1_GATEWAY,DEV-00094
ACC-C-006545-M1_GATEWAY,ACC-C-006701-M1_GATEWAY,DEV-00094
ACC-C-006701-M1_GATEWAY,ACC-C-009544-M1_CASHOUT,DEV-00094
ACC-C-009544-M1_CASHOUT,ACC-C-009544-M2A_RUNWAY,DEV-00094
ACC-C-009544-M2A_RUNWAY,ACC-C-010866-M1_CASHOUT,DEV-00094
ACC-C-010866-M1_CASHOUT,ACC-C-010866-M2A_RUNWAY,DEV-00094
ACC-C-010866-M2A_RUNWAY,ACC-C-012869-M1_GATEWAY,DEV-00094
ACC-C-012869-M1_GATEWAY,ACC-C-013139-M1_GATEWAY,DEV-00094
ACC-C-013139-M1_GATEWAY,ACC-C-016310-M1_GATEWAY,DEV-00094
ACC-C-003250-M1_CASHOUT,ACC-C-003250-M2A_RUNWAY,DEV-00232
ACC-C-003250-M2A_RUNWAY,ACC-C-005044-M1_CASHOUT,DEV-00232
ACC-C-005044-M1_CASHOUT,ACC-C-005044-M2A_RUNWAY,DEV-00232
ACC-C-005044-M2A_RUNWAY,ACC-C-005315-M1_CASHOUT,DEV-00232
ACC-C-005315-M1_CASHOUT,ACC-C-005315-M2_LAYERING,DEV-00232
ACC-C-005315-M2_LAYERING,ACC-C-005315-M2A_RUNWAY,DEV-00232
ACC-C-005315-M2A_RUNWAY,ACC-C-011626-M1_CASHOUT,DEV-00232
ACC-C-011626-M1_CASHOUT,ACC-C-011626-M2A_RUNWAY,DEV-00232
ACC-C-011626-M2A_RUNWAY,ACC-C-012422-M1_CASHOUT,DEV-00232
ACC-C-012422-M1_CASHOUT,ACC-C-012422-M2A_RUNWAY,DEV-00232
ACC-C-012422-M2A_RUNWAY,ACC-C-017706-M1_GATEWAY,DEV-00232
ACC-C-003269-M1_CASHOUT,ACC-C-003269-M2A_RUNWAY,DEV-00136
ACC-C-003269-M2A_RUNWAY,ACC-C-003797-M1_GATEWAY,DEV-00136
ACC-C-003797-M1_GATEWAY,ACC-C-005454-M1_GATEWAY,DEV-00136
ACC-C-005454-M1_GATEWAY,ACC-C-008146-M1_CASHOUT,DEV-00136
ACC-C-008146-M1_CASHOUT,ACC-C-008146-M2_LAYERING,DEV-00136
ACC-C-008146-M2_LAYERING,ACC-C-008146-M2A_RUNWAY,DEV-00136
ACC-C-008146-M2A_RUNWAY,ACC-C-011835-M1_CASHOUT,DEV-00136
ACC-C-011835-M1_CASHOUT,ACC-C-011835-M2A_RUNWAY,DEV-00136
ACC-C-011835-M2A_RUNWAY,ACC-C-017335-M1_GATEWAY,DEV-00136
ACC-C-003280-M1_CASHOUT,ACC-C-003280-M2A_RUNWAY,DEV-00012
ACC-C-003280-M2A_RUNWAY,ACC-C-005732-M1_GATEWAY,DEV-00012
ACC-C-005732-M1_GATEWAY,ACC-C-011102-M1_GATEWAY,DEV-00012
ACC-C-011102-M1_GATEWAY,ACC-C-017368-M1_GATEWAY,DEV-00012
ACC-C-003281-M1_GATEWAY,ACC-C-012254-M1_CASHOUT,DEV-00013
ACC-C-012254-M1_CASHOUT,ACC-C-012254-M2A_RUNWAY,DEV-00013
ACC-C-012254-M2A_RUNWAY,ACC-C-013953-M1_GATEWAY,DEV-00013
ACC-C-013953-M1_GATEWAY,ACC-C-017007-M1_CASHOUT,DEV-00013
ACC-C-017007-M1_CASHOUT,ACC-C-017007-M2_LAYERING,DEV-00013
ACC-C-017007-M2_LAYERING,ACC-C-017007-M2A_RUNWAY,DEV-00013
ACC-C-017007-M2A_RUNWAY,ACC-C-017271-M1_GATEWAY,DEV-00013
ACC-C-003305-M1_GATEWAY,ACC-C-004732-M1_CASHOUT,DEV-00050
ACC-C-004732-M1_CASHOUT,ACC-C-004732-M2A_RUNWAY,DEV-00050
ACC-C-004732-M2A_RUNWAY,ACC-C-006865-M1_CASHOUT,DEV-00050
ACC-C-006865-M1_CASHOUT,ACC-C-006865-M2A_RUNWAY,DEV-00050
ACC-C-006865-M2A_RUNWAY,ACC-C-010641-M1_GATEWAY,DEV-00050
ACC-C-010641-M1_GATEWAY,ACC-C-011640-M1_CASHOUT,DEV-00050
ACC-C-011640-M1_CASHOUT,ACC-C-011640-M2_LAYERING,DEV-00050
ACC-C-011640-M2_LAYERING,ACC-C-011640-M2A_RUNWAY,DEV-00050
ACC-C-011640-M2A_RUNWAY,ACC-C-014096-M1_CASHOUT,DEV-00050
ACC-C-014096-M1_CASHOUT,ACC-C-014096-M2A_RUNWAY,DEV-00050
ACC-C-014096-M2A_RUNWAY,ACC-C-014945-M1_GATEWAY,DEV-00050
ACC-C-014945-M1_GATEWAY,ACC-C-016081-M1_CASHOUT,DEV-00050
ACC-C-016081-M1_CASHOUT,ACC-C-016081-M2_LAYERING,DEV-00050
ACC-C-016081-M2_LAYERING,ACC-C-016081-M2A_RUNWAY,DEV-00050
ACC-C-016081-M2A_RUNWAY,ACC-C-016125-M1_CASHOUT,DEV-00050
ACC-C-016125-M1_CASHOUT,ACC-C-016125-M2_LAYERING,DEV-00050
ACC-C-016125-M2_LAYERING,ACC-C-016125-M2A_RUNWAY,DEV-00050
ACC-C-003309-M1_CASHOUT,ACC-C-003309-M2_LAYERING,DEV-00076
ACC-C-003309-M2_LAYERING,ACC-C-003309-M2A_RUNWAY,DEV-00076
ACC-C-003309-M2A_RUNWAY,ACC-C-004121-M1_CASHOUT,DEV-00076
ACC-C-004121-M1_CASHOUT,ACC-C-004121-M2_LAYERING,DEV-00076
ACC-C-004121-M2_LAYERING,ACC-C-004121-M2A_RUNWAY,DEV-00076
ACC-C-004121-M2A_RUNWAY,ACC-C-007814-M1_GATEWAY,DEV-00076
ACC-C-007814-M1_GATEWAY,ACC-C-009306-M1_GATEWAY,DEV-00076
ACC-C-009306-M1_GATEWAY,ACC-C-010525-M1_GATEWAY,DEV-00076
ACC-C-010525-M1_GATEWAY,ACC-C-016556-M1_GATEWAY,DEV-00076
ACC-C-016556-M1_GATEWAY,ACC-C-017966-M1_CASHOUT,DEV-00076
ACC-C-017966-M1_CASHOUT,ACC-C-017966-M2_LAYERING,DEV-00076
ACC-C-017966-M2_LAYERING,ACC-C-017966-M2A_RUNWAY,DEV-00076
ACC-C-003320-M1_CASHOUT,ACC-C-003320-M2A_RUNWAY,DEV-00355
ACC-C-003320-M2A_RUNWAY,ACC-C-003388-M1_GATEWAY,DEV-00355
ACC-C-003388-M1_GATEWAY,ACC-C-005888-M1_GATEWAY,DEV-00355
ACC-C-005888-M1_GATEWAY,ACC-C-006959-M1_GATEWAY,DEV-00355
ACC-C-006959-M1_GATEWAY,ACC-C-009527-M1_GATEWAY,DEV-00355
ACC-C-009527-M1_GATEWAY,ACC-C-010094-M1_GATEWAY,DEV-00355
ACC-C-010094-M1_GATEWAY,ACC-C-013475-M1_CASHOUT,DEV-00355
ACC-C-013475-M1_CASHOUT,ACC-C-013475-M2_LAYERING,DEV-00355
ACC-C-013475-M2_LAYERING,ACC-C-013475-M2A_RUNWAY,DEV-00355
ACC-C-013475-M2A_RUNWAY,ACC-C-016274-M1_CASHOUT,DEV-00355
ACC-C-016274-M1_CASHOUT,ACC-C-016274-M2_LAYERING,DEV-00355
ACC-C-016274-M2_LAYERING,ACC-C-016274-M2A_RUNWAY,DEV-00355
ACC-C-003356-M1_GATEWAY,ACC-C-005342-M1_CASHOUT,DEV-00329
ACC-C-005342-M1_CASHOUT,ACC-C-005342-M2A_RUNWAY,DEV-00329
ACC-C-005342-M2A_RUNWAY,ACC-C-006526-M1_CASHOUT,DEV-00329
ACC-C-006526-M1_CASHOUT,ACC-C-006526-M2A_RUNWAY,DEV-00329
ACC-C-006526-M2A_RUNWAY,ACC-C-015854-M1_CASHOUT,DEV-00329
ACC-C-015854-M1_CASHOUT,ACC-C-015854-M2_LAYERING,DEV-00329
ACC-C-015854-M2_LAYERING,ACC-C-015854-M2A_RUNWAY,DEV-00329
ACC-C-003374-M1_CASHOUT,ACC-C-003374-M2A_RUNWAY,DEV-00231
ACC-C-003374-M2A_RUNWAY,ACC-C-012709-M1_CASHOUT,DEV-00231
ACC-C-012709-M1_CASHOUT,ACC-C-012709-M2A_RUNWAY,DEV-00231
ACC-C-012709-M2A_RUNWAY,ACC-C-014688-M1_CASHOUT,DEV-00231
ACC-C-014688-M1_CASHOUT,ACC-C-014688-M2A_RUNWAY,DEV-00231
ACC-C-003417-M1_CASHOUT,ACC-C-003417-M2_LAYERING,DEV-00274
ACC-C-003417-M2_LAYERING,ACC-C-003417-M2A_RUNWAY,DEV-00274
ACC-C-003417-M2A_RUNWAY,ACC-C-004570-M1_CASHOUT,DEV-00274
ACC-C-004570-M1_CASHOUT,ACC-C-004570-M2A_RUNWAY,DEV-00274
ACC-C-004570-M2A_RUNWAY,ACC-C-005293-M1_CASHOUT,DEV-00274
ACC-C-005293-M1_CASHOUT,ACC-C-005293-M2_LAYERING,DEV-00274
ACC-C-005293-M2_LAYERING,ACC-C-005293-M2A_RUNWAY,DEV-00274
ACC-C-005293-M2A_RUNWAY,ACC-C-009652-M1_CASHOUT,DEV-00274
ACC-C-009652-M1_CASHOUT,ACC-C-009652-M2A_RUNWAY,DEV-00274
ACC-C-009652-M2A_RUNWAY,ACC-C-010650-M1_GATEWAY,DEV-00274
ACC-C-010650-M1_GATEWAY,ACC-C-010932-M1_CASHOUT,DEV-00274
ACC-C-010932-M1_CASHOUT,ACC-C-010932-M2_LAYERING,DEV-00274
ACC-C-010932-M2_LAYERING,ACC-C-010932-M2A_RUNWAY,DEV-00274
ACC-C-003487-M1_GATEWAY,ACC-C-006337-M1_CASHOUT,DEV-00147
ACC-C-006337-M1_CASHOUT,ACC-C-006337-M2_LAYERING,DEV-00147
ACC-C-006337-M2_LAYERING,ACC-C-006337-M2A_RUNWAY,DEV-00147
ACC-C-006337-M2A_RUNWAY,ACC-C-011560-M1_GATEWAY,DEV-00147
ACC-C-011560-M1_GATEWAY,ACC-C-017331-M1_CASHOUT,DEV-00147
ACC-C-017331-M1_CASHOUT,ACC-C-017331-M2_LAYERING,DEV-00147
ACC-C-017331-M2_LAYERING,ACC-C-017331-M2A_RUNWAY,DEV-00147
ACC-C-003499-M1_CASHOUT,ACC-C-003499-M2_LAYERING,DEV-00330
ACC-C-003499-M2_LAYERING,ACC-C-003499-M2A_RUNWAY,DEV-00330
ACC-C-003499-M2A_RUNWAY,ACC-C-004824-M1_CASHOUT,DEV-00330
ACC-C-004824-M1_CASHOUT,ACC-C-004824-M2A_RUNWAY,DEV-00330
ACC-C-004824-M2A_RUNWAY,ACC-C-009888-M1_CASHOUT,DEV-00330
ACC-C-009888-M1_CASHOUT,ACC-C-009888-M2_LAYERING,DEV-00330
ACC-C-009888-M2_LAYERING,ACC-C-009888-M2A_RUNWAY,DEV-00330
ACC-C-009888-M2A_RUNWAY,ACC-C-010083-M1_CASHOUT,DEV-00330
ACC-C-010083-M1_CASHOUT,ACC-C-010083-M2_LAYERING,DEV-00330
ACC-C-010083-M2_LAYERING,ACC-C-010083-M2A_RUNWAY,DEV-00330
ACC-C-010083-M2A_RUNWAY,ACC-C-010399-M1_CASHOUT,DEV-00330
ACC-C-010399-M1_CASHOUT,ACC-C-010399-M2_LAYERING,DEV-00330
ACC-C-010399-M2_LAYERING,ACC-C-010399-M2A_RUNWAY,DEV-00330
ACC-C-010399-M2A_RUNWAY,ACC-C-014696-M1_CASHOUT,DEV-00330
ACC-C-014696-M1_CASHOUT,ACC-C-014696-M2_LAYERING,DEV-00330
ACC-C-014696-M2_LAYERING,ACC-C-014696-M2A_RUNWAY,DEV-00330
ACC-C-014696-M2A_RUNWAY,ACC-C-016693-M1_CASHOUT,DEV-00330
ACC-C-016693-M1_CASHOUT,ACC-C-016693-M2A_RUNWAY,DEV-00330
ACC-C-003514-M1_CASHOUT,ACC-C-003514-M2A_RUNWAY,DEV-00385
ACC-C-003514-M2A_RUNWAY,ACC-C-009142-M1_GATEWAY,DEV-00385
ACC-C-009142-M1_GATEWAY,ACC-C-016101-M1_CASHOUT,DEV-00385
ACC-C-016101-M1_CASHOUT,ACC-C-016101-M2_LAYERING,DEV-00385
ACC-C-016101-M2_LAYERING,ACC-C-016101-M2A_RUNWAY,DEV-00385
ACC-C-003540-M1_CASHOUT,ACC-C-003540-M2A_RUNWAY,DEV-00041
ACC-C-003540-M2A_RUNWAY,ACC-C-005275-M1_CASHOUT,DEV-00041
ACC-C-005275-M1_CASHOUT,ACC-C-005275-M2_LAYERING,DEV-00041
ACC-C-005275-M2_LAYERING,ACC-C-005275-M2A_RUNWAY,DEV-00041
ACC-C-005275-M2A_RUNWAY,ACC-C-010678-M1_GATEWAY,DEV-00041
ACC-C-010678-M1_GATEWAY,ACC-C-012016-M1_GATEWAY,DEV-00041
ACC-C-012016-M1_GATEWAY,ACC-C-012665-M1_CASHOUT,DEV-00041
ACC-C-012665-M1_CASHOUT,ACC-C-012665-M2_LAYERING,DEV-00041
ACC-C-012665-M2_LAYERING,ACC-C-012665-M2A_RUNWAY,DEV-00041
ACC-C-012665-M2A_RUNWAY,ACC-C-013152-M1_GATEWAY,DEV-00041
ACC-C-013152-M1_GATEWAY,ACC-C-015786-M1_CASHOUT,DEV-00041
ACC-C-015786-M1_CASHOUT,ACC-C-015786-M2A_RUNWAY,DEV-00041
ACC-C-015786-M2A_RUNWAY,ACC-C-017201-M1_CASHOUT,DEV-00041
ACC-C-017201-M1_CASHOUT,ACC-C-017201-M2A_RUNWAY,DEV-00041
ACC-C-017201-M2A_RUNWAY,ACC-C-017554-M1_CASHOUT,DEV-00041
ACC-C-017554-M1_CASHOUT,ACC-C-017554-M2_LAYERING,DEV-00041
ACC-C-017554-M2_LAYERING,ACC-C-017554-M2A_RUNWAY,DEV-00041
ACC-C-003570-M1_CASHOUT,ACC-C-003570-M2A_RUNWAY,DEV-00209
ACC-C-003570-M2A_RUNWAY,ACC-C-006892-M1_GATEWAY,DEV-00209
ACC-C-006892-M1_GATEWAY,ACC-C-009388-M1_GATEWAY,DEV-00209
ACC-C-009388-M1_GATEWAY,ACC-C-011798-M1_GATEWAY,DEV-00209
ACC-C-011798-M1_GATEWAY,ACC-C-012865-M1_CASHOUT,DEV-00209
ACC-C-012865-M1_CASHOUT,ACC-C-012865-M2A_RUNWAY,DEV-00209
ACC-C-003620-M1_GATEWAY,ACC-C-003802-M1_CASHOUT,DEV-00199
ACC-C-003802-M1_CASHOUT,ACC-C-003802-M2A_RUNWAY,DEV-00199
ACC-C-003802-M2A_RUNWAY,ACC-C-006197-M1_GATEWAY,DEV-00199
ACC-C-006197-M1_GATEWAY,ACC-C-008110-M1_GATEWAY,DEV-00199
ACC-C-008110-M1_GATEWAY,ACC-C-013304-M1_CASHOUT,DEV-00199
ACC-C-013304-M1_CASHOUT,ACC-C-013304-M2_LAYERING,DEV-00199
ACC-C-013304-M2_LAYERING,ACC-C-013304-M2A_RUNWAY,DEV-00199
ACC-C-013304-M2A_RUNWAY,ACC-C-013390-M1_GATEWAY,DEV-00199
ACC-C-003624-M1_CASHOUT,ACC-C-003624-M2A_RUNWAY,DEV-00180
ACC-C-003624-M2A_RUNWAY,ACC-C-005730-M1_CASHOUT,DEV-00180
ACC-C-005730-M1_CASHOUT,ACC-C-005730-M2A_RUNWAY,DEV-00180
ACC-C-005730-M2A_RUNWAY,ACC-C-007606-M1_CASHOUT,DEV-00180
ACC-C-007606-M1_CASHOUT,ACC-C-007606-M2_LAYERING,DEV-00180
ACC-C-007606-M2_LAYERING,ACC-C-007606-M2A_RUNWAY,DEV-00180
ACC-C-007606-M2A_RUNWAY,ACC-C-008616-M1_CASHOUT,DEV-00180
ACC-C-008616-M1_CASHOUT,ACC-C-008616-M2_LAYERING,DEV-00180
ACC-C-008616-M2_LAYERING,ACC-C-008616-M2A_RUNWAY,DEV-00180
ACC-C-008616-M2A_RUNWAY,ACC-C-009621-M1_GATEWAY,DEV-00180
ACC-C-009621-M1_GATEWAY,ACC-C-010769-M1_CASHOUT,DEV-00180
ACC-C-010769-M1_CASHOUT,ACC-C-010769-M2A_RUNWAY,DEV-00180
ACC-C-003636-M1_CASHOUT,ACC-C-003636-M2_LAYERING,DEV-00212
ACC-C-003636-M2_LAYERING,ACC-C-003636-M2A_RUNWAY,DEV-00212
ACC-C-003636-M2A_RUNWAY,ACC-C-009914-M1_GATEWAY,DEV-00212
ACC-C-009914-M1_GATEWAY,ACC-C-010922-M1_GATEWAY,DEV-00212
ACC-C-010922-M1_GATEWAY,ACC-C-011081-M1_GATEWAY,DEV-00212
ACC-C-011081-M1_GATEWAY,ACC-C-011405-M1_GATEWAY,DEV-00212
ACC-C-011405-M1_GATEWAY,ACC-C-015681-M1_CASHOUT,DEV-00212
ACC-C-015681-M1_CASHOUT,ACC-C-015681-M2_LAYERING,DEV-00212
ACC-C-015681-M2_LAYERING,ACC-C-015681-M2A_RUNWAY,DEV-00212
ACC-C-003692-M1_GATEWAY,ACC-C-003714-M1_CASHOUT,DEV-00098
ACC-C-003714-M1_CASHOUT,ACC-C-003714-M2_LAYERING,DEV-00098
ACC-C-003714-M2_LAYERING,ACC-C-003714-M2A_RUNWAY,DEV-00098
ACC-C-003714-M2A_RUNWAY,ACC-C-005950-M1_GATEWAY,DEV-00098
ACC-C-005950-M1_GATEWAY,ACC-C-010149-M1_CASHOUT,DEV-00098
ACC-C-010149-M1_CASHOUT,ACC-C-010149-M2_LAYERING,DEV-00098
ACC-C-010149-M2_LAYERING,ACC-C-010149-M2A_RUNWAY,DEV-00098
ACC-C-010149-M2A_RUNWAY,ACC-C-011039-M1_CASHOUT,DEV-00098
ACC-C-011039-M1_CASHOUT,ACC-C-011039-M2A_RUNWAY,DEV-00098
ACC-C-011039-M2A_RUNWAY,ACC-C-013367-M1_CASHOUT,DEV-00098
ACC-C-013367-M1_CASHOUT,ACC-C-013367-M2A_RUNWAY,DEV-00098
ACC-C-013367-M2A_RUNWAY,ACC-C-015371-M1_CASHOUT,DEV-00098
ACC-C-015371-M1_CASHOUT,ACC-C-015371-M2A_RUNWAY,DEV-00098
ACC-C-003814-M1_CASHOUT,ACC-C-003814-M2A_RUNWAY,DEV-00191
ACC-C-003814-M2A_RUNWAY,ACC-C-008136-M1_CASHOUT,DEV-00191
ACC-C-008136-M1_CASHOUT,ACC-C-008136-M2A_RUNWAY,DEV-00191
ACC-C-008136-M2A_RUNWAY,ACC-C-011077-M1_GATEWAY,DEV-00191
ACC-C-011077-M1_GATEWAY,ACC-C-013094-M1_GATEWAY,DEV-00191
ACC-C-003825-M1_CASHOUT,ACC-C-003825-M2_LAYERING,DEV-00031
ACC-C-003825-M2_LAYERING,ACC-C-003825-M2A_RUNWAY,DEV-00031
ACC-C-003825-M2A_RUNWAY,ACC-C-009618-M1_GATEWAY,DEV-00031
ACC-C-009618-M1_GATEWAY,ACC-C-009719-M1_CASHOUT,DEV-00031
ACC-C-009719-M1_CASHOUT,ACC-C-009719-M2_LAYERING,DEV-00031
ACC-C-009719-M2_LAYERING,ACC-C-009719-M2A_RUNWAY,DEV-00031
ACC-C-003874-M1_GATEWAY,ACC-C-004132-M1_CASHOUT,DEV-00230
ACC-C-004132-M1_CASHOUT,ACC-C-004132-M2A_RUNWAY,DEV-00230
ACC-C-004132-M2A_RUNWAY,ACC-C-009726-M1_GATEWAY,DEV-00230
ACC-C-009726-M1_GATEWAY,ACC-C-009979-M1_CASHOUT,DEV-00230
ACC-C-009979-M1_CASHOUT,ACC-C-009979-M2_LAYERING,DEV-00230
ACC-C-009979-M2_LAYERING,ACC-C-009979-M2A_RUNWAY,DEV-00230
ACC-C-009979-M2A_RUNWAY,ACC-C-013984-M1_CASHOUT,DEV-00230
ACC-C-013984-M1_CASHOUT,ACC-C-013984-M2A_RUNWAY,DEV-00230
ACC-C-013984-M2A_RUNWAY,ACC-C-014760-M1_CASHOUT,DEV-00230
ACC-C-014760-M1_CASHOUT,ACC-C-014760-M2A_RUNWAY,DEV-00230
ACC-C-014760-M2A_RUNWAY,ACC-C-017681-M1_GATEWAY,DEV-00230
ACC-C-004048-M1_CASHOUT,ACC-C-004048-M2A_RUNWAY,DEV-00146
ACC-C-004048-M2A_RUNWAY,ACC-C-007053-M1_CASHOUT,DEV-00146
ACC-C-007053-M1_CASHOUT,ACC-C-007053-M2A_RUNWAY,DEV-00146
ACC-C-007053-M2A_RUNWAY,ACC-C-007458-M1_CASHOUT,DEV-00146
ACC-C-007458-M1_CASHOUT,ACC-C-007458-M2_LAYERING,DEV-00146
ACC-C-007458-M2_LAYERING,ACC-C-007458-M2A_RUNWAY,DEV-00146
ACC-C-007458-M2A_RUNWAY,ACC-C-007819-M1_GATEWAY,DEV-00146
ACC-C-007819-M1_GATEWAY,ACC-C-015872-M1_CASHOUT,DEV-00146
ACC-C-015872-M1_CASHOUT,ACC-C-015872-M2_LAYERING,DEV-00146
ACC-C-015872-M2_LAYERING,ACC-C-015872-M2A_RUNWAY,DEV-00146
ACC-C-015872-M2A_RUNWAY,ACC-C-017264-M1_GATEWAY,DEV-00146
ACC-C-004073-M1_CASHOUT,ACC-C-004073-M2_LAYERING,DEV-00157
ACC-C-004073-M2_LAYERING,ACC-C-004073-M2A_RUNWAY,DEV-00157
ACC-C-004073-M2A_RUNWAY,ACC-C-005228-M1_CASHOUT,DEV-00157
ACC-C-005228-M1_CASHOUT,ACC-C-005228-M2A_RUNWAY,DEV-00157
ACC-C-005228-M2A_RUNWAY,ACC-C-006474-M1_GATEWAY,DEV-00157
ACC-C-006474-M1_GATEWAY,ACC-C-009835-M1_CASHOUT,DEV-00157
ACC-C-009835-M1_CASHOUT,ACC-C-009835-M2_LAYERING,DEV-00157
ACC-C-009835-M2_LAYERING,ACC-C-009835-M2A_RUNWAY,DEV-00157
ACC-C-009835-M2A_RUNWAY,ACC-C-015756-M1_CASHOUT,DEV-00157
ACC-C-015756-M1_CASHOUT,ACC-C-015756-M2_LAYERING,DEV-00157
ACC-C-015756-M2_LAYERING,ACC-C-015756-M2A_RUNWAY,DEV-00157
ACC-C-004175-M1_CASHOUT,ACC-C-004175-M2A_RUNWAY,DEV-00334
ACC-C-004175-M2A_RUNWAY,ACC-C-007898-M1_CASHOUT,DEV-00334
ACC-C-007898-M1_CASHOUT,ACC-C-007898-M2A_RUNWAY,DEV-00334
ACC-C-007898-M2A_RUNWAY,ACC-C-008187-M1_CASHOUT,DEV-00334
ACC-C-008187-M1_CASHOUT,ACC-C-008187-M2_LAYERING,DEV-00334
ACC-C-008187-M2_LAYERING,ACC-C-008187-M2A_RUNWAY,DEV-00334
ACC-C-008187-M2A_RUNWAY,ACC-C-009664-M1_GATEWAY,DEV-00334
ACC-C-009664-M1_GATEWAY,ACC-C-012768-M1_CASHOUT,DEV-00334
ACC-C-012768-M1_CASHOUT,ACC-C-012768-M2_LAYERING,DEV-00334
ACC-C-012768-M2_LAYERING,ACC-C-012768-M2A_RUNWAY,DEV-00334
ACC-C-012768-M2A_RUNWAY,ACC-C-016941-M1_CASHOUT,DEV-00334
ACC-C-016941-M1_CASHOUT,ACC-C-016941-M2A_RUNWAY,DEV-00334
ACC-C-016941-M2A_RUNWAY,ACC-C-017449-M1_GATEWAY,DEV-00334
ACC-C-004193-M1_GATEWAY,ACC-C-006429-M1_CASHOUT,DEV-00317
ACC-C-006429-M1_CASHOUT,ACC-C-006429-M2_LAYERING,DEV-00317
ACC-C-006429-M2_LAYERING,ACC-C-006429-M2A_RUNWAY,DEV-00317
ACC-C-006429-M2A_RUNWAY,ACC-C-007367-M1_CASHOUT,DEV-00317
ACC-C-007367-M1_CASHOUT,ACC-C-007367-M2A_RUNWAY,DEV-00317
ACC-C-007367-M2A_RUNWAY,ACC-C-008223-M1_CASHOUT,DEV-00317
ACC-C-008223-M1_CASHOUT,ACC-C-008223-M2_LAYERING,DEV-00317
ACC-C-008223-M2_LAYERING,ACC-C-008223-M2A_RUNWAY,DEV-00317
ACC-C-008223-M2A_RUNWAY,ACC-C-008653-M1_GATEWAY,DEV-00317
ACC-C-008653-M1_GATEWAY,ACC-C-011675-M1_GATEWAY,DEV-00317
ACC-C-011675-M1_GATEWAY,ACC-C-013414-M1_CASHOUT,DEV-00317
ACC-C-013414-M1_CASHOUT,ACC-C-013414-M2_LAYERING,DEV-00317
ACC-C-013414-M2_LAYERING,ACC-C-013414-M2A_RUNWAY,DEV-00317
ACC-C-004196-M1_GATEWAY,ACC-C-005113-M1_CASHOUT,DEV-00298
ACC-C-005113-M1_CASHOUT,ACC-C-005113-M2_LAYERING,DEV-00298
ACC-C-005113-M2_LAYERING,ACC-C-005113-M2A_RUNWAY,DEV-00298
ACC-C-005113-M2A_RUNWAY,ACC-C-005556-M1_CASHOUT,DEV-00298
ACC-C-005556-M1_CASHOUT,ACC-C-005556-M2_LAYERING,DEV-00298
ACC-C-005556-M2_LAYERING,ACC-C-005556-M2A_RUNWAY,DEV-00298
ACC-C-005556-M2A_RUNWAY,ACC-C-006139-M1_CASHOUT,DEV-00298
ACC-C-006139-M1_CASHOUT,ACC-C-006139-M2_LAYERING,DEV-00298
ACC-C-006139-M2_LAYERING,ACC-C-006139-M2A_RUNWAY,DEV-00298
ACC-C-006139-M2A_RUNWAY,ACC-C-008824-M1_GATEWAY,DEV-00298
ACC-C-008824-M1_GATEWAY,ACC-C-009135-M1_CASHOUT,DEV-00298
ACC-C-009135-M1_CASHOUT,ACC-C-009135-M2_LAYERING,DEV-00298
ACC-C-009135-M2_LAYERING,ACC-C-009135-M2A_RUNWAY,DEV-00298
ACC-C-009135-M2A_RUNWAY,ACC-C-010952-M1_CASHOUT,DEV-00298
ACC-C-010952-M1_CASHOUT,ACC-C-010952-M2_LAYERING,DEV-00298
ACC-C-010952-M2_LAYERING,ACC-C-010952-M2A_RUNWAY,DEV-00298
ACC-C-010952-M2A_RUNWAY,ACC-C-017531-M1_CASHOUT,DEV-00298
ACC-C-017531-M1_CASHOUT,ACC-C-017531-M2_LAYERING,DEV-00298
ACC-C-017531-M2_LAYERING,ACC-C-017531-M2A_RUNWAY,DEV-00298
ACC-C-004248-M1_CASHOUT,ACC-C-004248-M2_LAYERING,DEV-00189
ACC-C-004248-M2_LAYERING,ACC-C-004248-M2A_RUNWAY,DEV-00189
ACC-C-004248-M2A_RUNWAY,ACC-C-009775-M1_GATEWAY,DEV-00189
ACC-C-009775-M1_GATEWAY,ACC-C-012034-M1_CASHOUT,DEV-00189
ACC-C-012034-M1_CASHOUT,ACC-C-012034-M2_LAYERING,DEV-00189
ACC-C-012034-M2_LAYERING,ACC-C-012034-M2A_RUNWAY,DEV-00189
ACC-C-012034-M2A_RUNWAY,ACC-C-015121-M1_CASHOUT,DEV-00189
ACC-C-015121-M1_CASHOUT,ACC-C-015121-M2A_RUNWAY,DEV-00189
ACC-C-004267-M1_CASHOUT,ACC-C-004267-M2_LAYERING,DEV-00363
ACC-C-004267-M2_LAYERING,ACC-C-004267-M2A_RUNWAY,DEV-00363
ACC-C-004267-M2A_RUNWAY,ACC-C-012304-M1_GATEWAY,DEV-00363
ACC-C-012304-M1_GATEWAY,ACC-C-017315-M1_GATEWAY,DEV-00363
ACC-C-004273-M1_CASHOUT,ACC-C-004273-M2_LAYERING,DEV-00169
ACC-C-004273-M2_LAYERING,ACC-C-004273-M2A_RUNWAY,DEV-00169
ACC-C-004273-M2A_RUNWAY,ACC-C-005086-M1_CASHOUT,DEV-00169
ACC-C-005086-M1_CASHOUT,ACC-C-005086-M2A_RUNWAY,DEV-00169
ACC-C-005086-M2A_RUNWAY,ACC-C-007263-M1_CASHOUT,DEV-00169
ACC-C-007263-M1_CASHOUT,ACC-C-007263-M2_LAYERING,DEV-00169
ACC-C-007263-M2_LAYERING,ACC-C-007263-M2A_RUNWAY,DEV-00169
ACC-C-007263-M2A_RUNWAY,ACC-C-007769-M1_CASHOUT,DEV-00169
ACC-C-007769-M1_CASHOUT,ACC-C-007769-M2_LAYERING,DEV-00169
ACC-C-007769-M2_LAYERING,ACC-C-007769-M2A_RUNWAY,DEV-00169
ACC-C-007769-M2A_RUNWAY,ACC-C-015828-M1_GATEWAY,DEV-00169
ACC-C-004309-M1_GATEWAY,ACC-C-011443-M1_CASHOUT,DEV-00067
ACC-C-011443-M1_CASHOUT,ACC-C-011443-M2_LAYERING,DEV-00067
ACC-C-011443-M2_LAYERING,ACC-C-011443-M2A_RUNWAY,DEV-00067
ACC-C-011443-M2A_RUNWAY,ACC-C-011763-M1_CASHOUT,DEV-00067
ACC-C-011763-M1_CASHOUT,ACC-C-011763-M2_LAYERING,DEV-00067
ACC-C-011763-M2_LAYERING,ACC-C-011763-M2A_RUNWAY,DEV-00067
ACC-C-011763-M2A_RUNWAY,ACC-C-012544-M1_GATEWAY,DEV-00067
ACC-C-012544-M1_GATEWAY,ACC-C-014176-M1_CASHOUT,DEV-00067
ACC-C-014176-M1_CASHOUT,ACC-C-014176-M2_LAYERING,DEV-00067
ACC-C-014176-M2_LAYERING,ACC-C-014176-M2A_RUNWAY,DEV-00067
ACC-C-014176-M2A_RUNWAY,ACC-C-015338-M1_CASHOUT,DEV-00067
ACC-C-015338-M1_CASHOUT,ACC-C-015338-M2_LAYERING,DEV-00067
ACC-C-015338-M2_LAYERING,ACC-C-015338-M2A_RUNWAY,DEV-00067
ACC-C-015338-M2A_RUNWAY,ACC-C-017900-M1_GATEWAY,DEV-00067
ACC-C-004316-M1_GATEWAY,ACC-C-004413-M1_CASHOUT,DEV-00078
ACC-C-004413-M1_CASHOUT,ACC-C-004413-M2A_RUNWAY,DEV-00078
ACC-C-004413-M2A_RUNWAY,ACC-C-005170-M1_GATEWAY,DEV-00078
ACC-C-005170-M1_GATEWAY,ACC-C-015102-M1_GATEWAY,DEV-00078
ACC-C-015102-M1_GATEWAY,ACC-C-015522-M1_CASHOUT,DEV-00078
ACC-C-015522-M1_CASHOUT,ACC-C-015522-M2_LAYERING,DEV-00078
ACC-C-015522-M2_LAYERING,ACC-C-015522-M2A_RUNWAY,DEV-00078
ACC-C-015522-M2A_RUNWAY,ACC-C-015986-M1_CASHOUT,DEV-00078
ACC-C-015986-M1_CASHOUT,ACC-C-015986-M2_LAYERING,DEV-00078
ACC-C-015986-M2_LAYERING,ACC-C-015986-M2A_RUNWAY,DEV-00078
ACC-C-004372-M1_CASHOUT,ACC-C-004372-M2_LAYERING,DEV-00035
ACC-C-004372-M2_LAYERING,ACC-C-004372-M2A_RUNWAY,DEV-00035
ACC-C-004372-M2A_RUNWAY,ACC-C-006729-M1_GATEWAY,DEV-00035
ACC-C-006729-M1_GATEWAY,ACC-C-007219-M1_CASHOUT,DEV-00035
ACC-C-007219-M1_CASHOUT,ACC-C-007219-M2_LAYERING,DEV-00035
ACC-C-007219-M2_LAYERING,ACC-C-007219-M2A_RUNWAY,DEV-00035
ACC-C-007219-M2A_RUNWAY,ACC-C-009695-M1_CASHOUT,DEV-00035
ACC-C-009695-M1_CASHOUT,ACC-C-009695-M2_LAYERING,DEV-00035
ACC-C-009695-M2_LAYERING,ACC-C-009695-M2A_RUNWAY,DEV-00035
ACC-C-009695-M2A_RUNWAY,ACC-C-013380-M1_CASHOUT,DEV-00035
ACC-C-013380-M1_CASHOUT,ACC-C-013380-M2_LAYERING,DEV-00035
ACC-C-013380-M2_LAYERING,ACC-C-013380-M2A_RUNWAY,DEV-00035
ACC-C-013380-M2A_RUNWAY,ACC-C-014841-M1_CASHOUT,DEV-00035
ACC-C-014841-M1_CASHOUT,ACC-C-014841-M2_LAYERING,DEV-00035
ACC-C-014841-M2_LAYERING,ACC-C-014841-M2A_RUNWAY,DEV-00035
ACC-C-014841-M2A_RUNWAY,ACC-C-015429-M1_GATEWAY,DEV-00035
ACC-C-015429-M1_GATEWAY,ACC-C-017432-M1_GATEWAY,DEV-00035
ACC-C-004388-M1_CASHOUT,ACC-C-004388-M2A_RUNWAY,DEV-00303
ACC-C-004388-M2A_RUNWAY,ACC-C-004442-M1_CASHOUT,DEV-00303
ACC-C-004442-M1_CASHOUT,ACC-C-004442-M2A_RUNWAY,DEV-00303
ACC-C-004442-M2A_RUNWAY,ACC-C-006850-M1_GATEWAY,DEV-00303
ACC-C-006850-M1_GATEWAY,ACC-C-008198-M1_CASHOUT,DEV-00303
ACC-C-008198-M1_CASHOUT,ACC-C-008198-M2A_RUNWAY,DEV-00303
ACC-C-008198-M2A_RUNWAY,ACC-C-012371-M1_CASHOUT,DEV-00303
ACC-C-012371-M1_CASHOUT,ACC-C-012371-M2_LAYERING,DEV-00303
ACC-C-012371-M2_LAYERING,ACC-C-012371-M2A_RUNWAY,DEV-00303
ACC-C-012371-M2A_RUNWAY,ACC-C-014071-M1_GATEWAY,DEV-00303
ACC-C-004403-M1_CASHOUT,ACC-C-004403-M2_LAYERING,DEV-00264
ACC-C-004403-M2_LAYERING,ACC-C-004403-M2A_RUNWAY,DEV-00264
ACC-C-004403-M2A_RUNWAY,ACC-C-005428-M1_GATEWAY,DEV-00264
ACC-C-005428-M1_GATEWAY,ACC-C-005515-M1_GATEWAY,DEV-00264
ACC-C-005515-M1_GATEWAY,ACC-C-009945-M1_GATEWAY,DEV-00264
ACC-C-009945-M1_GATEWAY,ACC-C-012957-M1_GATEWAY,DEV-00264
ACC-C-012957-M1_GATEWAY,ACC-C-013313-M1_GATEWAY,DEV-00264
ACC-C-013313-M1_GATEWAY,ACC-C-013707-M1_CASHOUT,DEV-00264
ACC-C-013707-M1_CASHOUT,ACC-C-013707-M2_LAYERING,DEV-00264
ACC-C-013707-M2_LAYERING,ACC-C-013707-M2A_RUNWAY,DEV-00264
ACC-C-013707-M2A_RUNWAY,ACC-C-015606-M1_GATEWAY,DEV-00264
ACC-C-015606-M1_GATEWAY,ACC-C-017094-M1_CASHOUT,DEV-00264
ACC-C-017094-M1_CASHOUT,ACC-C-017094-M2_LAYERING,DEV-00264
ACC-C-017094-M2_LAYERING,ACC-C-017094-M2A_RUNWAY,DEV-00264
ACC-C-004408-M1_CASHOUT,ACC-C-004408-M2_LAYERING,DEV-00064
ACC-C-004408-M2_LAYERING,ACC-C-004408-M2A_RUNWAY,DEV-00064
ACC-C-004408-M2A_RUNWAY,ACC-C-004750-M1_CASHOUT,DEV-00064
ACC-C-004750-M1_CASHOUT,ACC-C-004750-M2_LAYERING,DEV-00064
ACC-C-004750-M2_LAYERING,ACC-C-004750-M2A_RUNWAY,DEV-00064
ACC-C-004750-M2A_RUNWAY,ACC-C-006503-M1_GATEWAY,DEV-00064
ACC-C-006503-M1_GATEWAY,ACC-C-011524-M1_CASHOUT,DEV-00064
ACC-C-011524-M1_CASHOUT,ACC-C-011524-M2_LAYERING,DEV-00064
ACC-C-011524-M2_LAYERING,ACC-C-011524-M2A_RUNWAY,DEV-00064
ACC-C-011524-M2A_RUNWAY,ACC-C-011628-M1_CASHOUT,DEV-00064
ACC-C-011628-M1_CASHOUT,ACC-C-011628-M2A_RUNWAY,DEV-00064
ACC-C-011628-M2A_RUNWAY,ACC-C-012082-M1_GATEWAY,DEV-00064
ACC-C-012082-M1_GATEWAY,ACC-C-016650-M1_CASHOUT,DEV-00064
ACC-C-016650-M1_CASHOUT,ACC-C-016650-M2_LAYERING,DEV-00064
ACC-C-016650-M2_LAYERING,ACC-C-016650-M2A_RUNWAY,DEV-00064
ACC-C-004461-M1_CASHOUT,ACC-C-004461-M2_LAYERING,DEV-00162
ACC-C-004461-M2_LAYERING,ACC-C-004461-M2A_RUNWAY,DEV-00162
ACC-C-004461-M2A_RUNWAY,ACC-C-008905-M1_CASHOUT,DEV-00162
ACC-C-008905-M1_CASHOUT,ACC-C-008905-M2_LAYERING,DEV-00162
ACC-C-008905-M2_LAYERING,ACC-C-008905-M2A_RUNWAY,DEV-00162
ACC-C-008905-M2A_RUNWAY,ACC-C-009792-M1_CASHOUT,DEV-00162
ACC-C-009792-M1_CASHOUT,ACC-C-009792-M2_LAYERING,DEV-00162
ACC-C-009792-M2_LAYERING,ACC-C-009792-M2A_RUNWAY,DEV-00162
ACC-C-009792-M2A_RUNWAY,ACC-C-010898-M1_CASHOUT,DEV-00162
ACC-C-010898-M1_CASHOUT,ACC-C-010898-M2_LAYERING,DEV-00162
ACC-C-010898-M2_LAYERING,ACC-C-010898-M2A_RUNWAY,DEV-00162
ACC-C-010898-M2A_RUNWAY,ACC-C-011165-M1_GATEWAY,DEV-00162
ACC-C-004587-M1_CASHOUT,ACC-C-004587-M2_LAYERING,DEV-00036
ACC-C-004587-M2_LAYERING,ACC-C-004587-M2A_RUNWAY,DEV-00036
ACC-C-004587-M2A_RUNWAY,ACC-C-005889-M1_GATEWAY,DEV-00036
ACC-C-005889-M1_GATEWAY,ACC-C-006581-M1_GATEWAY,DEV-00036
ACC-C-006581-M1_GATEWAY,ACC-C-012115-M1_CASHOUT,DEV-00036
ACC-C-012115-M1_CASHOUT,ACC-C-012115-M2_LAYERING,DEV-00036
ACC-C-012115-M2_LAYERING,ACC-C-012115-M2A_RUNWAY,DEV-00036
ACC-C-012115-M2A_RUNWAY,ACC-C-013047-M1_CASHOUT,DEV-00036
ACC-C-013047-M1_CASHOUT,ACC-C-013047-M2A_RUNWAY,DEV-00036
ACC-C-004596-M1_CASHOUT,ACC-C-004596-M2A_RUNWAY,DEV-00206
ACC-C-004596-M2A_RUNWAY,ACC-C-005862-M1_CASHOUT,DEV-00206
ACC-C-005862-M1_CASHOUT,ACC-C-005862-M2A_RUNWAY,DEV-00206
ACC-C-005862-M2A_RUNWAY,ACC-C-008495-M1_CASHOUT,DEV-00206
ACC-C-008495-M1_CASHOUT,ACC-C-008495-M2A_RUNWAY,DEV-00206
ACC-C-008495-M2A_RUNWAY,ACC-C-011458-M1_CASHOUT,DEV-00206
ACC-C-011458-M1_CASHOUT,ACC-C-011458-M2_LAYERING,DEV-00206
ACC-C-011458-M2_LAYERING,ACC-C-011458-M2A_RUNWAY,DEV-00206
ACC-C-011458-M2A_RUNWAY,ACC-C-016469-M1_CASHOUT,DEV-00206
ACC-C-016469-M1_CASHOUT,ACC-C-016469-M2_LAYERING,DEV-00206
ACC-C-016469-M2_LAYERING,ACC-C-016469-M2A_RUNWAY,DEV-00206
ACC-C-016469-M2A_RUNWAY,ACC-C-017730-M1_GATEWAY,DEV-00206
ACC-C-004680-M1_CASHOUT,ACC-C-004680-M2_LAYERING,DEV-00349
ACC-C-004680-M2_LAYERING,ACC-C-004680-M2A_RUNWAY,DEV-00349
ACC-C-004680-M2A_RUNWAY,ACC-C-006605-M1_CASHOUT,DEV-00349
ACC-C-006605-M1_CASHOUT,ACC-C-006605-M2_LAYERING,DEV-00349
ACC-C-006605-M2_LAYERING,ACC-C-006605-M2A_RUNWAY,DEV-00349
ACC-C-006605-M2A_RUNWAY,ACC-C-007288-M1_CASHOUT,DEV-00349
ACC-C-007288-M1_CASHOUT,ACC-C-007288-M2A_RUNWAY,DEV-00349
ACC-C-007288-M2A_RUNWAY,ACC-C-009035-M1_CASHOUT,DEV-00349
ACC-C-009035-M1_CASHOUT,ACC-C-009035-M2A_RUNWAY,DEV-00349
ACC-C-009035-M2A_RUNWAY,ACC-C-017597-M1_CASHOUT,DEV-00349
ACC-C-017597-M1_CASHOUT,ACC-C-017597-M2_LAYERING,DEV-00349
ACC-C-017597-M2_LAYERING,ACC-C-017597-M2A_RUNWAY,DEV-00349
ACC-C-017597-M2A_RUNWAY,ACC-C-017763-M1_GATEWAY,DEV-00349
ACC-C-004698-M1_CASHOUT,ACC-C-004698-M2_LAYERING,DEV-00241
ACC-C-004698-M2_LAYERING,ACC-C-004698-M2A_RUNWAY,DEV-00241
ACC-C-004698-M2A_RUNWAY,ACC-C-009511-M1_GATEWAY,DEV-00241
ACC-C-009511-M1_GATEWAY,ACC-C-012772-M1_CASHOUT,DEV-00241
ACC-C-012772-M1_CASHOUT,ACC-C-012772-M2A_RUNWAY,DEV-00241
ACC-C-012772-M2A_RUNWAY,ACC-C-013028-M1_CASHOUT,DEV-00241
ACC-C-013028-M1_CASHOUT,ACC-C-013028-M2_LAYERING,DEV-00241
ACC-C-013028-M2_LAYERING,ACC-C-013028-M2A_RUNWAY,DEV-00241
ACC-C-004710-M1_GATEWAY,ACC-C-004843-M1_CASHOUT,DEV-00054
ACC-C-004843-M1_CASHOUT,ACC-C-004843-M2_LAYERING,DEV-00054
ACC-C-004843-M2_LAYERING,ACC-C-004843-M2A_RUNWAY,DEV-00054
ACC-C-004843-M2A_RUNWAY,ACC-C-013765-M1_GATEWAY,DEV-00054
ACC-C-013765-M1_GATEWAY,ACC-C-014261-M1_CASHOUT,DEV-00054
ACC-C-014261-M1_CASHOUT,ACC-C-014261-M2_LAYERING,DEV-00054
ACC-C-014261-M2_LAYERING,ACC-C-014261-M2A_RUNWAY,DEV-00054
ACC-C-014261-M2A_RUNWAY,ACC-C-017950-M1_GATEWAY,DEV-00054
ACC-C-004768-M1_CASHOUT,ACC-C-004768-M2_LAYERING,DEV-00245
ACC-C-004768-M2_LAYERING,ACC-C-004768-M2A_RUNWAY,DEV-00245
ACC-C-004768-M2A_RUNWAY,ACC-C-013317-M1_GATEWAY,DEV-00245
ACC-C-013317-M1_GATEWAY,ACC-C-016184-M1_GATEWAY,DEV-00245
ACC-C-016184-M1_GATEWAY,ACC-C-017129-M1_GATEWAY,DEV-00245
ACC-C-004817-M1_GATEWAY,ACC-C-004995-M1_GATEWAY,DEV-00160
ACC-C-004995-M1_GATEWAY,ACC-C-006479-M1_CASHOUT,DEV-00160
ACC-C-006479-M1_CASHOUT,ACC-C-006479-M2_LAYERING,DEV-00160
ACC-C-006479-M2_LAYERING,ACC-C-006479-M2A_RUNWAY,DEV-00160
ACC-C-006479-M2A_RUNWAY,ACC-C-007645-M1_GATEWAY,DEV-00160
ACC-C-007645-M1_GATEWAY,ACC-C-011602-M1_CASHOUT,DEV-00160
ACC-C-011602-M1_CASHOUT,ACC-C-011602-M2A_RUNWAY,DEV-00160
ACC-C-011602-M2A_RUNWAY,ACC-C-013255-M1_CASHOUT,DEV-00160
ACC-C-013255-M1_CASHOUT,ACC-C-013255-M2_LAYERING,DEV-00160
ACC-C-013255-M2_LAYERING,ACC-C-013255-M2A_RUNWAY,DEV-00160
ACC-C-013255-M2A_RUNWAY,ACC-C-015220-M1_CASHOUT,DEV-00160
ACC-C-015220-M1_CASHOUT,ACC-C-015220-M2A_RUNWAY,DEV-00160
ACC-C-004882-M1_GATEWAY,ACC-C-005570-M1_CASHOUT,DEV-00033
ACC-C-005570-M1_CASHOUT,ACC-C-005570-M2_LAYERING,DEV-00033
ACC-C-005570-M2_LAYERING,ACC-C-005570-M2A_RUNWAY,DEV-00033
ACC-C-005570-M2A_RUNWAY,ACC-C-010408-M1_GATEWAY,DEV-00033
ACC-C-010408-M1_GATEWAY,ACC-C-010987-M1_CASHOUT,DEV-00033
ACC-C-010987-M1_CASHOUT,ACC-C-010987-M2_LAYERING,DEV-00033
ACC-C-010987-M2_LAYERING,ACC-C-010987-M2A_RUNWAY,DEV-00033
ACC-C-010987-M2A_RUNWAY,ACC-C-011329-M1_CASHOUT,DEV-00033
ACC-C-011329-M1_CASHOUT,ACC-C-011329-M2A_RUNWAY,DEV-00033
ACC-C-011329-M2A_RUNWAY,ACC-C-011472-M1_GATEWAY,DEV-00033
ACC-C-011472-M1_GATEWAY,ACC-C-011655-M1_CASHOUT,DEV-00033
ACC-C-011655-M1_CASHOUT,ACC-C-011655-M2A_RUNWAY,DEV-00033
ACC-C-011655-M2A_RUNWAY,ACC-C-011878-M1_GATEWAY,DEV-00033
ACC-C-011878-M1_GATEWAY,ACC-C-014866-M1_GATEWAY,DEV-00033
ACC-C-005013-M1_GATEWAY,ACC-C-007612-M1_CASHOUT,DEV-00200
ACC-C-007612-M1_CASHOUT,ACC-C-007612-M2_LAYERING,DEV-00200
ACC-C-007612-M2_LAYERING,ACC-C-007612-M2A_RUNWAY,DEV-00200
ACC-C-007612-M2A_RUNWAY,ACC-C-007993-M1_GATEWAY,DEV-00200
ACC-C-007993-M1_GATEWAY,ACC-C-010182-M1_GATEWAY,DEV-00200
ACC-C-010182-M1_GATEWAY,ACC-C-011098-M1_CASHOUT,DEV-00200
ACC-C-011098-M1_CASHOUT,ACC-C-011098-M2A_RUNWAY,DEV-00200
ACC-C-011098-M2A_RUNWAY,ACC-C-012141-M1_GATEWAY,DEV-00200
ACC-C-012141-M1_GATEWAY,ACC-C-012448-M1_CASHOUT,DEV-00200
ACC-C-012448-M1_CASHOUT,ACC-C-012448-M2A_RUNWAY,DEV-00200
ACC-C-012448-M2A_RUNWAY,ACC-C-013350-M1_CASHOUT,DEV-00200
ACC-C-013350-M1_CASHOUT,ACC-C-013350-M2_LAYERING,DEV-00200
ACC-C-013350-M2_LAYERING,ACC-C-013350-M2A_RUNWAY,DEV-00200
ACC-C-013350-M2A_RUNWAY,ACC-C-017283-M1_CASHOUT,DEV-00200
ACC-C-017283-M1_CASHOUT,ACC-C-017283-M2_LAYERING,DEV-00200
ACC-C-017283-M2_LAYERING,ACC-C-017283-M2A_RUNWAY,DEV-00200
ACC-C-005028-M1_GATEWAY,ACC-C-010101-M1_CASHOUT,DEV-00015
ACC-C-010101-M1_CASHOUT,ACC-C-010101-M2_LAYERING,DEV-00015
ACC-C-010101-M2_LAYERING,ACC-C-010101-M2A_RUNWAY,DEV-00015
ACC-C-010101-M2A_RUNWAY,ACC-C-013838-M1_CASHOUT,DEV-00015
ACC-C-013838-M1_CASHOUT,ACC-C-013838-M2A_RUNWAY,DEV-00015
ACC-C-013838-M2A_RUNWAY,ACC-C-015080-M1_CASHOUT,DEV-00015
ACC-C-015080-M1_CASHOUT,ACC-C-015080-M2_LAYERING,DEV-00015
ACC-C-015080-M2_LAYERING,ACC-C-015080-M2A_RUNWAY,DEV-00015
ACC-C-005042-M1_GATEWAY,ACC-C-009255-M1_CASHOUT,DEV-00259
ACC-C-009255-M1_CASHOUT,ACC-C-009255-M2_LAYERING,DEV-00259
ACC-C-009255-M2_LAYERING,ACC-C-009255-M2A_RUNWAY,DEV-00259
ACC-C-009255-M2A_RUNWAY,ACC-C-013276-M1_GATEWAY,DEV-00259
ACC-C-013276-M1_GATEWAY,ACC-C-017825-M1_CASHOUT,DEV-00259
ACC-C-017825-M1_CASHOUT,ACC-C-017825-M2_LAYERING,DEV-00259
ACC-C-017825-M2_LAYERING,ACC-C-017825-M2A_RUNWAY,DEV-00259
ACC-C-005047-M1_GATEWAY,ACC-C-007050-M1_CASHOUT,DEV-00003
ACC-C-007050-M1_CASHOUT,ACC-C-007050-M2_LAYERING,DEV-00003
ACC-C-007050-M2_LAYERING,ACC-C-007050-M2A_RUNWAY,DEV-00003
ACC-C-007050-M2A_RUNWAY,ACC-C-009176-M1_CASHOUT,DEV-00003
ACC-C-009176-M1_CASHOUT,ACC-C-009176-M2A_RUNWAY,DEV-00003
ACC-C-009176-M2A_RUNWAY,ACC-C-012472-M1_CASHOUT,DEV-00003
ACC-C-012472-M1_CASHOUT,ACC-C-012472-M2_LAYERING,DEV-00003
ACC-C-012472-M2_LAYERING,ACC-C-012472-M2A_RUNWAY,DEV-00003
ACC-C-012472-M2A_RUNWAY,ACC-C-012648-M1_GATEWAY,DEV-00003
ACC-C-012648-M1_GATEWAY,ACC-C-013918-M1_CASHOUT,DEV-00003
ACC-C-013918-M1_CASHOUT,ACC-C-013918-M2_LAYERING,DEV-00003
ACC-C-013918-M2_LAYERING,ACC-C-013918-M2A_RUNWAY,DEV-00003
ACC-C-013918-M2A_RUNWAY,ACC-C-013952-M1_CASHOUT,DEV-00003
ACC-C-013952-M1_CASHOUT,ACC-C-013952-M2_LAYERING,DEV-00003
ACC-C-013952-M2_LAYERING,ACC-C-013952-M2A_RUNWAY,DEV-00003
ACC-C-005060-M1_GATEWAY,ACC-C-006001-M1_GATEWAY,DEV-00114
ACC-C-006001-M1_GATEWAY,ACC-C-006357-M1_GATEWAY,DEV-00114
ACC-C-005088-M1_CASHOUT,ACC-C-005088-M2A_RUNWAY,DEV-00132
ACC-C-005088-M2A_RUNWAY,ACC-C-008755-M1_CASHOUT,DEV-00132
ACC-C-008755-M1_CASHOUT,ACC-C-008755-M2A_RUNWAY,DEV-00132
ACC-C-008755-M2A_RUNWAY,ACC-C-009636-M1_GATEWAY,DEV-00132
ACC-C-009636-M1_GATEWAY,ACC-C-011305-M1_GATEWAY,DEV-00132
ACC-C-011305-M1_GATEWAY,ACC-C-016989-M1_CASHOUT,DEV-00132
ACC-C-016989-M1_CASHOUT,ACC-C-016989-M2A_RUNWAY,DEV-00132
ACC-C-016989-M2A_RUNWAY,ACC-C-017353-M1_CASHOUT,DEV-00132
ACC-C-017353-M1_CASHOUT,ACC-C-017353-M2A_RUNWAY,DEV-00132
ACC-C-005121-M1_CASHOUT,ACC-C-005121-M2_LAYERING,DEV-00004
ACC-C-005121-M2_LAYERING,ACC-C-005121-M2A_RUNWAY,DEV-00004
ACC-C-005121-M2A_RUNWAY,ACC-C-011567-M1_CASHOUT,DEV-00004
ACC-C-011567-M1_CASHOUT,ACC-C-011567-M2_LAYERING,DEV-00004
ACC-C-011567-M2_LAYERING,ACC-C-011567-M2A_RUNWAY,DEV-00004
ACC-C-011567-M2A_RUNWAY,ACC-C-012205-M1_GATEWAY,DEV-00004
ACC-C-012205-M1_GATEWAY,ACC-C-012971-M1_CASHOUT,DEV-00004
ACC-C-012971-M1_CASHOUT,ACC-C-012971-M2A_RUNWAY,DEV-00004
ACC-C-005181-M1_CASHOUT,ACC-C-005181-M2_LAYERING,DEV-00197
ACC-C-005181-M2_LAYERING,ACC-C-005181-M2A_RUNWAY,DEV-00197
ACC-C-005181-M2A_RUNWAY,ACC-C-011725-M1_GATEWAY,DEV-00197
ACC-C-011725-M1_GATEWAY,ACC-C-014728-M1_CASHOUT,DEV-00197
ACC-C-014728-M1_CASHOUT,ACC-C-014728-M2A_RUNWAY,DEV-00197
ACC-C-005198-M1_GATEWAY,ACC-C-005207-M1_GATEWAY,DEV-00002
ACC-C-005207-M1_GATEWAY,ACC-C-005285-M1_GATEWAY,DEV-00002
ACC-C-005285-M1_GATEWAY,ACC-C-006068-M1_GATEWAY,DEV-00002
ACC-C-006068-M1_GATEWAY,ACC-C-009581-M1_GATEWAY,DEV-00002
ACC-C-009581-M1_GATEWAY,ACC-C-010953-M1_GATEWAY,DEV-00002
ACC-C-010953-M1_GATEWAY,ACC-C-011172-M1_CASHOUT,DEV-00002
ACC-C-011172-M1_CASHOUT,ACC-C-011172-M2A_RUNWAY,DEV-00002
ACC-C-011172-M2A_RUNWAY,ACC-C-015050-M1_CASHOUT,DEV-00002
ACC-C-015050-M1_CASHOUT,ACC-C-015050-M2A_RUNWAY,DEV-00002
ACC-C-005235-M1_GATEWAY,ACC-C-007001-M1_CASHOUT,DEV-00365
ACC-C-007001-M1_CASHOUT,ACC-C-007001-M2_LAYERING,DEV-00365
ACC-C-007001-M2_LAYERING,ACC-C-007001-M2A_RUNWAY,DEV-00365
ACC-C-007001-M2A_RUNWAY,ACC-C-009051-M1_CASHOUT,DEV-00365
ACC-C-009051-M1_CASHOUT,ACC-C-009051-M2A_RUNWAY,DEV-00365
ACC-C-009051-M2A_RUNWAY,ACC-C-010202-M1_GATEWAY,DEV-00365
ACC-C-010202-M1_GATEWAY,ACC-C-011692-M1_CASHOUT,DEV-00365
ACC-C-011692-M1_CASHOUT,ACC-C-011692-M2A_RUNWAY,DEV-00365
ACC-C-011692-M2A_RUNWAY,ACC-C-012742-M1_CASHOUT,DEV-00365
ACC-C-012742-M1_CASHOUT,ACC-C-012742-M2A_RUNWAY,DEV-00365
ACC-C-005274-M1_CASHOUT,ACC-C-005274-M2_LAYERING,DEV-00062
ACC-C-005274-M2_LAYERING,ACC-C-005274-M2A_RUNWAY,DEV-00062
ACC-C-005274-M2A_RUNWAY,ACC-C-005453-M1_GATEWAY,DEV-00062
ACC-C-005453-M1_GATEWAY,ACC-C-005849-M1_CASHOUT,DEV-00062
ACC-C-005849-M1_CASHOUT,ACC-C-005849-M2_LAYERING,DEV-00062
ACC-C-005849-M2_LAYERING,ACC-C-005849-M2A_RUNWAY,DEV-00062
ACC-C-005849-M2A_RUNWAY,ACC-C-015909-M1_CASHOUT,DEV-00062
ACC-C-015909-M1_CASHOUT,ACC-C-015909-M2A_RUNWAY,DEV-00062
ACC-C-005277-M1_GATEWAY,ACC-C-005742-M1_GATEWAY,DEV-00020
ACC-C-005742-M1_GATEWAY,ACC-C-009978-M1_GATEWAY,DEV-00020
ACC-C-009978-M1_GATEWAY,ACC-C-013005-M1_GATEWAY,DEV-00020
ACC-C-013005-M1_GATEWAY,ACC-C-015624-M1_CASHOUT,DEV-00020
ACC-C-015624-M1_CASHOUT,ACC-C-015624-M2_LAYERING,DEV-00020
ACC-C-015624-M2_LAYERING,ACC-C-015624-M2A_RUNWAY,DEV-00020
ACC-C-015624-M2A_RUNWAY,ACC-C-017922-M1_GATEWAY,DEV-00020
ACC-C-005286-M1_GATEWAY,ACC-C-007853-M1_GATEWAY,DEV-00255
ACC-C-007853-M1_GATEWAY,ACC-C-008349-M1_CASHOUT,DEV-00255
ACC-C-008349-M1_CASHOUT,ACC-C-008349-M2A_RUNWAY,DEV-00255
ACC-C-008349-M2A_RUNWAY,ACC-C-017682-M1_CASHOUT,DEV-00255
ACC-C-017682-M1_CASHOUT,ACC-C-017682-M2_LAYERING,DEV-00255
ACC-C-017682-M2_LAYERING,ACC-C-017682-M2A_RUNWAY,DEV-00255
ACC-C-005357-M1_GATEWAY,ACC-C-005861-M1_CASHOUT,DEV-00267
ACC-C-005861-M1_CASHOUT,ACC-C-005861-M2_LAYERING,DEV-00267
ACC-C-005861-M2_LAYERING,ACC-C-005861-M2A_RUNWAY,DEV-00267
ACC-C-005861-M2A_RUNWAY,ACC-C-008409-M1_GATEWAY,DEV-00267
ACC-C-008409-M1_GATEWAY,ACC-C-009623-M1_CASHOUT,DEV-00267
ACC-C-009623-M1_CASHOUT,ACC-C-009623-M2_LAYERING,DEV-00267
ACC-C-009623-M2_LAYERING,ACC-C-009623-M2A_RUNWAY,DEV-00267
ACC-C-009623-M2A_RUNWAY,ACC-C-012986-M1_CASHOUT,DEV-00267
ACC-C-012986-M1_CASHOUT,ACC-C-012986-M2_LAYERING,DEV-00267
ACC-C-012986-M2_LAYERING,ACC-C-012986-M2A_RUNWAY,DEV-00267
ACC-C-012986-M2A_RUNWAY,ACC-C-016036-M1_CASHOUT,DEV-00267
ACC-C-016036-M1_CASHOUT,ACC-C-016036-M2A_RUNWAY,DEV-00267
ACC-C-016036-M2A_RUNWAY,ACC-C-016041-M1_GATEWAY,DEV-00267
ACC-C-005392-M1_GATEWAY,ACC-C-009525-M1_GATEWAY,DEV-00068
ACC-C-009525-M1_GATEWAY,ACC-C-010463-M1_GATEWAY,DEV-00068
ACC-C-010463-M1_GATEWAY,ACC-C-013114-M1_GATEWAY,DEV-00068
ACC-C-013114-M1_GATEWAY,ACC-C-013804-M1_CASHOUT,DEV-00068
ACC-C-013804-M1_CASHOUT,ACC-C-013804-M2_LAYERING,DEV-00068
ACC-C-013804-M2_LAYERING,ACC-C-013804-M2A_RUNWAY,DEV-00068
ACC-C-005410-M1_CASHOUT,ACC-C-005410-M2A_RUNWAY,DEV-00196
ACC-C-005410-M2A_RUNWAY,ACC-C-007360-M1_CASHOUT,DEV-00196
ACC-C-007360-M1_CASHOUT,ACC-C-007360-M2A_RUNWAY,DEV-00196
ACC-C-007360-M2A_RUNWAY,ACC-C-008413-M1_GATEWAY,DEV-00196
ACC-C-008413-M1_GATEWAY,ACC-C-016558-M1_CASHOUT,DEV-00196
ACC-C-016558-M1_CASHOUT,ACC-C-016558-M2A_RUNWAY,DEV-00196
ACC-C-005423-M1_CASHOUT,ACC-C-005423-M2A_RUNWAY,DEV-00123
ACC-C-005423-M2A_RUNWAY,ACC-C-007298-M1_CASHOUT,DEV-00123
ACC-C-007298-M1_CASHOUT,ACC-C-007298-M2_LAYERING,DEV-00123
ACC-C-007298-M2_LAYERING,ACC-C-007298-M2A_RUNWAY,DEV-00123
ACC-C-007298-M2A_RUNWAY,ACC-C-012756-M1_CASHOUT,DEV-00123
ACC-C-012756-M1_CASHOUT,ACC-C-012756-M2_LAYERING,DEV-00123
ACC-C-012756-M2_LAYERING,ACC-C-012756-M2A_RUNWAY,DEV-00123
ACC-C-012756-M2A_RUNWAY,ACC-C-016206-M1_CASHOUT,DEV-00123
ACC-C-016206-M1_CASHOUT,ACC-C-016206-M2A_RUNWAY,DEV-00123
ACC-C-005434-M1_GATEWAY,ACC-C-005645-M1_CASHOUT,DEV-00168
ACC-C-005645-M1_CASHOUT,ACC-C-005645-M2_LAYERING,DEV-00168
ACC-C-005645-M2_LAYERING,ACC-C-005645-M2A_RUNWAY,DEV-00168
ACC-C-005645-M2A_RUNWAY,ACC-C-006266-M1_CASHOUT,DEV-00168
ACC-C-006266-M1_CASHOUT,ACC-C-006266-M2A_RUNWAY,DEV-00168
ACC-C-006266-M2A_RUNWAY,ACC-C-007230-M1_CASHOUT,DEV-00168
ACC-C-007230-M1_CASHOUT,ACC-C-007230-M2_LAYERING,DEV-00168
ACC-C-007230-M2_LAYERING,ACC-C-007230-M2A_RUNWAY,DEV-00168
ACC-C-007230-M2A_RUNWAY,ACC-C-010609-M1_CASHOUT,DEV-00168
ACC-C-010609-M1_CASHOUT,ACC-C-010609-M2_LAYERING,DEV-00168
ACC-C-010609-M2_LAYERING,ACC-C-010609-M2A_RUNWAY,DEV-00168
ACC-C-010609-M2A_RUNWAY,ACC-C-015553-M1_CASHOUT,DEV-00168
ACC-C-015553-M1_CASHOUT,ACC-C-015553-M2_LAYERING,DEV-00168
ACC-C-015553-M2_LAYERING,ACC-C-015553-M2A_RUNWAY,DEV-00168
ACC-C-015553-M2A_RUNWAY,ACC-C-017090-M1_CASHOUT,DEV-00168
ACC-C-017090-M1_CASHOUT,ACC-C-017090-M2A_RUNWAY,DEV-00168
ACC-C-005438-M1_CASHOUT,ACC-C-005438-M2_LAYERING,DEV-00321
ACC-C-005438-M2_LAYERING,ACC-C-005438-M2A_RUNWAY,DEV-00321
ACC-C-005438-M2A_RUNWAY,ACC-C-010070-M1_GATEWAY,DEV-00321
ACC-C-010070-M1_GATEWAY,ACC-C-011852-M1_CASHOUT,DEV-00321
ACC-C-011852-M1_CASHOUT,ACC-C-011852-M2A_RUNWAY,DEV-00321
ACC-C-005482-M1_CASHOUT,ACC-C-005482-M2_LAYERING,DEV-00269
ACC-C-005482-M2_LAYERING,ACC-C-005482-M2A_RUNWAY,DEV-00269
ACC-C-005482-M2A_RUNWAY,ACC-C-006544-M1_CASHOUT,DEV-00269
ACC-C-006544-M1_CASHOUT,ACC-C-006544-M2_LAYERING,DEV-00269
ACC-C-006544-M2_LAYERING,ACC-C-006544-M2A_RUNWAY,DEV-00269
ACC-C-006544-M2A_RUNWAY,ACC-C-006617-M1_CASHOUT,DEV-00269
ACC-C-006617-M1_CASHOUT,ACC-C-006617-M2A_RUNWAY,DEV-00269
ACC-C-006617-M2A_RUNWAY,ACC-C-009039-M1_CASHOUT,DEV-00269
ACC-C-009039-M1_CASHOUT,ACC-C-009039-M2A_RUNWAY,DEV-00269
ACC-C-009039-M2A_RUNWAY,ACC-C-009328-M1_CASHOUT,DEV-00269
ACC-C-009328-M1_CASHOUT,ACC-C-009328-M2A_RUNWAY,DEV-00269
ACC-C-009328-M2A_RUNWAY,ACC-C-011460-M1_GATEWAY,DEV-00269
ACC-C-011460-M1_GATEWAY,ACC-C-014678-M1_CASHOUT,DEV-00269
ACC-C-014678-M1_CASHOUT,ACC-C-014678-M2_LAYERING,DEV-00269
ACC-C-014678-M2_LAYERING,ACC-C-014678-M2A_RUNWAY,DEV-00269
ACC-C-005797-M1_GATEWAY,ACC-C-010162-M1_CASHOUT,DEV-00394
ACC-C-010162-M1_CASHOUT,ACC-C-010162-M2_LAYERING,DEV-00394
ACC-C-010162-M2_LAYERING,ACC-C-010162-M2A_RUNWAY,DEV-00394
ACC-C-010162-M2A_RUNWAY,ACC-C-014387-M1_CASHOUT,DEV-00394
ACC-C-014387-M1_CASHOUT,ACC-C-014387-M2_LAYERING,DEV-00394
ACC-C-014387-M2_LAYERING,ACC-C-014387-M2A_RUNWAY,DEV-00394
ACC-C-005816-M1_GATEWAY,ACC-C-010327-M1_GATEWAY,DEV-00167
ACC-C-010327-M1_GATEWAY,ACC-C-013306-M1_GATEWAY,DEV-00167
ACC-C-013306-M1_GATEWAY,ACC-C-013628-M1_CASHOUT,DEV-00167
ACC-C-013628-M1_CASHOUT,ACC-C-013628-M2_LAYERING,DEV-00167
ACC-C-013628-M2_LAYERING,ACC-C-013628-M2A_RUNWAY,DEV-00167
ACC-C-005848-M1_CASHOUT,ACC-C-005848-M2_LAYERING,DEV-00087
ACC-C-005848-M2_LAYERING,ACC-C-005848-M2A_RUNWAY,DEV-00087
ACC-C-005855-M1_CASHOUT,ACC-C-005855-M2_LAYERING,DEV-00396
ACC-C-005855-M2_LAYERING,ACC-C-005855-M2A_RUNWAY,DEV-00396
ACC-C-005855-M2A_RUNWAY,ACC-C-008833-M1_CASHOUT,DEV-00396
ACC-C-008833-M1_CASHOUT,ACC-C-008833-M2_LAYERING,DEV-00396
ACC-C-008833-M2_LAYERING,ACC-C-008833-M2A_RUNWAY,DEV-00396
ACC-C-008833-M2A_RUNWAY,ACC-C-009054-M1_GATEWAY,DEV-00396
ACC-C-009054-M1_GATEWAY,ACC-C-009602-M1_CASHOUT,DEV-00396
ACC-C-009602-M1_CASHOUT,ACC-C-009602-M2_LAYERING,DEV-00396
ACC-C-009602-M2_LAYERING,ACC-C-009602-M2A_RUNWAY,DEV-00396
ACC-C-009602-M2A_RUNWAY,ACC-C-014897-M1_GATEWAY,DEV-00396
ACC-C-005874-M1_CASHOUT,ACC-C-005874-M2_LAYERING,DEV-00371
ACC-C-005874-M2_LAYERING,ACC-C-005874-M2A_RUNWAY,DEV-00371
ACC-C-005874-M2A_RUNWAY,ACC-C-006772-M1_CASHOUT,DEV-00371
ACC-C-006772-M1_CASHOUT,ACC-C-006772-M2_LAYERING,DEV-00371
ACC-C-006772-M2_LAYERING,ACC-C-006772-M2A_RUNWAY,DEV-00371
ACC-C-006772-M2A_RUNWAY,ACC-C-013819-M1_CASHOUT,DEV-00371
ACC-C-013819-M1_CASHOUT,ACC-C-013819-M2A_RUNWAY,DEV-00371
ACC-C-013819-M2A_RUNWAY,ACC-C-013841-M1_GATEWAY,DEV-00371
ACC-C-013841-M1_GATEWAY,ACC-C-016868-M1_GATEWAY,DEV-00371
ACC-C-016868-M1_GATEWAY,ACC-C-017947-M1_GATEWAY,DEV-00371
ACC-C-005915-M1_CASHOUT,ACC-C-005915-M2_LAYERING,DEV-00358
ACC-C-005915-M2_LAYERING,ACC-C-005915-M2A_RUNWAY,DEV-00358
ACC-C-005915-M2A_RUNWAY,ACC-C-008889-M1_CASHOUT,DEV-00358
ACC-C-008889-M1_CASHOUT,ACC-C-008889-M2_LAYERING,DEV-00358
ACC-C-008889-M2_LAYERING,ACC-C-008889-M2A_RUNWAY,DEV-00358
ACC-C-008889-M2A_RUNWAY,ACC-C-010684-M1_CASHOUT,DEV-00358
ACC-C-010684-M1_CASHOUT,ACC-C-010684-M2A_RUNWAY,DEV-00358
ACC-C-010684-M2A_RUNWAY,ACC-C-015151-M1_CASHOUT,DEV-00358
ACC-C-015151-M1_CASHOUT,ACC-C-015151-M2_LAYERING,DEV-00358
ACC-C-015151-M2_LAYERING,ACC-C-015151-M2A_RUNWAY,DEV-00358
ACC-C-015151-M2A_RUNWAY,ACC-C-015966-M1_GATEWAY,DEV-00358
ACC-C-015966-M1_GATEWAY,ACC-C-017488-M1_CASHOUT,DEV-00358
ACC-C-017488-M1_CASHOUT,ACC-C-017488-M2_LAYERING,DEV-00358
ACC-C-017488-M2_LAYERING,ACC-C-017488-M2A_RUNWAY,DEV-00358
ACC-C-017488-M2A_RUNWAY,ACC-C-017878-M1_GATEWAY,DEV-00358
ACC-C-005965-M1_CASHOUT,ACC-C-005965-M2A_RUNWAY,DEV-00144
ACC-C-005965-M2A_RUNWAY,ACC-C-006085-M1_CASHOUT,DEV-00144
ACC-C-006085-M1_CASHOUT,ACC-C-006085-M2A_RUNWAY,DEV-00144
ACC-C-006085-M2A_RUNWAY,ACC-C-006999-M1_CASHOUT,DEV-00144
ACC-C-006999-M1_CASHOUT,ACC-C-006999-M2_LAYERING,DEV-00144
ACC-C-006999-M2_LAYERING,ACC-C-006999-M2A_RUNWAY,DEV-00144
ACC-C-006999-M2A_RUNWAY,ACC-C-009721-M1_CASHOUT,DEV-00144
ACC-C-009721-M1_CASHOUT,ACC-C-009721-M2_LAYERING,DEV-00144
ACC-C-009721-M2_LAYERING,ACC-C-009721-M2A_RUNWAY,DEV-00144
ACC-C-009721-M2A_RUNWAY,ACC-C-012066-M1_GATEWAY,DEV-00144
ACC-C-012066-M1_GATEWAY,ACC-C-013616-M1_CASHOUT,DEV-00144
ACC-C-013616-M1_CASHOUT,ACC-C-013616-M2_LAYERING,DEV-00144
ACC-C-013616-M2_LAYERING,ACC-C-013616-M2A_RUNWAY,DEV-00144
ACC-C-013616-M2A_RUNWAY,ACC-C-013795-M1_GATEWAY,DEV-00144
ACC-C-013795-M1_GATEWAY,ACC-C-017663-M1_GATEWAY,DEV-00144
ACC-C-006015-M1_GATEWAY,ACC-C-006616-M1_CASHOUT,DEV-00181
ACC-C-006616-M1_CASHOUT,ACC-C-006616-M2_LAYERING,DEV-00181
ACC-C-006616-M2_LAYERING,ACC-C-006616-M2A_RUNWAY,DEV-00181
ACC-C-006616-M2A_RUNWAY,ACC-C-016929-M1_CASHOUT,DEV-00181
ACC-C-016929-M1_CASHOUT,ACC-C-016929-M2_LAYERING,DEV-00181
ACC-C-016929-M2_LAYERING,ACC-C-016929-M2A_RUNWAY,DEV-00181
ACC-C-006053-M1_GATEWAY,ACC-C-006830-M1_CASHOUT,DEV-00172
ACC-C-006830-M1_CASHOUT,ACC-C-006830-M2_LAYERING,DEV-00172
ACC-C-006830-M2_LAYERING,ACC-C-006830-M2A_RUNWAY,DEV-00172
ACC-C-006830-M2A_RUNWAY,ACC-C-007022-M1_GATEWAY,DEV-00172
ACC-C-007022-M1_GATEWAY,ACC-C-007129-M1_CASHOUT,DEV-00172
ACC-C-007129-M1_CASHOUT,ACC-C-007129-M2_LAYERING,DEV-00172
ACC-C-007129-M2_LAYERING,ACC-C-007129-M2A_RUNWAY,DEV-00172
ACC-C-007129-M2A_RUNWAY,ACC-C-008894-M1_CASHOUT,DEV-00172
ACC-C-008894-M1_CASHOUT,ACC-C-008894-M2_LAYERING,DEV-00172
ACC-C-008894-M2_LAYERING,ACC-C-008894-M2A_RUNWAY,DEV-00172
ACC-C-008894-M2A_RUNWAY,ACC-C-011720-M1_CASHOUT,DEV-00172
ACC-C-011720-M1_CASHOUT,ACC-C-011720-M2A_RUNWAY,DEV-00172
ACC-C-011720-M2A_RUNWAY,ACC-C-013245-M1_GATEWAY,DEV-00172
ACC-C-013245-M1_GATEWAY,ACC-C-014528-M1_CASHOUT,DEV-00172
ACC-C-014528-M1_CASHOUT,ACC-C-014528-M2A_RUNWAY,DEV-00172
ACC-C-014528-M2A_RUNWAY,ACC-C-014731-M1_CASHOUT,DEV-00172
ACC-C-014731-M1_CASHOUT,ACC-C-014731-M2A_RUNWAY,DEV-00172
ACC-C-014731-M2A_RUNWAY,ACC-C-015478-M1_GATEWAY,DEV-00172
ACC-C-015478-M1_GATEWAY,ACC-C-017111-M1_GATEWAY,DEV-00172
ACC-C-006079-M1_GATEWAY,ACC-C-006949-M1_GATEWAY,DEV-00055
ACC-C-006949-M1_GATEWAY,ACC-C-010190-M1_GATEWAY,DEV-00055
ACC-C-010190-M1_GATEWAY,ACC-C-011527-M1_CASHOUT,DEV-00055
ACC-C-011527-M1_CASHOUT,ACC-C-011527-M2A_RUNWAY,DEV-00055
ACC-C-011527-M2A_RUNWAY,ACC-C-012062-M1_CASHOUT,DEV-00055
ACC-C-012062-M1_CASHOUT,ACC-C-012062-M2A_RUNWAY,DEV-00055
ACC-C-012062-M2A_RUNWAY,ACC-C-012383-M1_CASHOUT,DEV-00055
ACC-C-012383-M1_CASHOUT,ACC-C-012383-M2_LAYERING,DEV-00055
ACC-C-012383-M2_LAYERING,ACC-C-012383-M2A_RUNWAY,DEV-00055
ACC-C-012383-M2A_RUNWAY,ACC-C-013581-M1_GATEWAY,DEV-00055
ACC-C-013581-M1_GATEWAY,ACC-C-013594-M1_GATEWAY,DEV-00055
ACC-C-013594-M1_GATEWAY,ACC-C-014352-M1_CASHOUT,DEV-00055
ACC-C-014352-M1_CASHOUT,ACC-C-014352-M2_LAYERING,DEV-00055
ACC-C-014352-M2_LAYERING,ACC-C-014352-M2A_RUNWAY,DEV-00055
ACC-C-006096-M1_CASHOUT,ACC-C-006096-M2A_RUNWAY,DEV-00216
ACC-C-006096-M2A_RUNWAY,ACC-C-010393-M1_CASHOUT,DEV-00216
ACC-C-010393-M1_CASHOUT,ACC-C-010393-M2_LAYERING,DEV-00216
ACC-C-010393-M2_LAYERING,ACC-C-010393-M2A_RUNWAY,DEV-00216
ACC-C-010393-M2A_RUNWAY,ACC-C-011755-M1_GATEWAY,DEV-00216
ACC-C-011755-M1_GATEWAY,ACC-C-015239-M1_GATEWAY,DEV-00216
ACC-C-015239-M1_GATEWAY,ACC-C-015422-M1_CASHOUT,DEV-00216
ACC-C-015422-M1_CASHOUT,ACC-C-015422-M2_LAYERING,DEV-00216
ACC-C-015422-M2_LAYERING,ACC-C-015422-M2A_RUNWAY,DEV-00216
ACC-C-015422-M2A_RUNWAY,ACC-C-017580-M1_GATEWAY,DEV-00216
ACC-C-006154-M1_CASHOUT,ACC-C-006154-M2_LAYERING,DEV-00228
ACC-C-006154-M2_LAYERING,ACC-C-006154-M2A_RUNWAY,DEV-00228
ACC-C-006154-M2A_RUNWAY,ACC-C-006715-M1_GATEWAY,DEV-00228
ACC-C-006715-M1_GATEWAY,ACC-C-009601-M1_GATEWAY,DEV-00228
ACC-C-009601-M1_GATEWAY,ACC-C-010016-M1_CASHOUT,DEV-00228
ACC-C-010016-M1_CASHOUT,ACC-C-010016-M2A_RUNWAY,DEV-00228
ACC-C-006255-M1_GATEWAY,ACC-C-006368-M1_GATEWAY,DEV-00208
ACC-C-006368-M1_GATEWAY,ACC-C-009714-M1_CASHOUT,DEV-00208
ACC-C-009714-M1_CASHOUT,ACC-C-009714-M2_LAYERING,DEV-00208
ACC-C-009714-M2_LAYERING,ACC-C-009714-M2A_RUNWAY,DEV-00208
ACC-C-009714-M2A_RUNWAY,ACC-C-013982-M1_CASHOUT,DEV-00208
ACC-C-013982-M1_CASHOUT,ACC-C-013982-M2_LAYERING,DEV-00208
ACC-C-013982-M2_LAYERING,ACC-C-013982-M2A_RUNWAY,DEV-00208
ACC-C-013982-M2A_RUNWAY,ACC-C-015856-M1_CASHOUT,DEV-00208
ACC-C-015856-M1_CASHOUT,ACC-C-015856-M2A_RUNWAY,DEV-00208
ACC-C-015856-M2A_RUNWAY,ACC-C-016130-M1_CASHOUT,DEV-00208
ACC-C-016130-M1_CASHOUT,ACC-C-016130-M2A_RUNWAY,DEV-00208
ACC-C-006455-M1_CASHOUT,ACC-C-006455-M2_LAYERING,DEV-00082
ACC-C-006455-M2_LAYERING,ACC-C-006455-M2A_RUNWAY,DEV-00082
ACC-C-006455-M2A_RUNWAY,ACC-C-009997-M1_CASHOUT,DEV-00082
ACC-C-009997-M1_CASHOUT,ACC-C-009997-M2A_RUNWAY,DEV-00082
ACC-C-009997-M2A_RUNWAY,ACC-C-010752-M1_CASHOUT,DEV-00082
ACC-C-010752-M1_CASHOUT,ACC-C-010752-M2_LAYERING,DEV-00082
ACC-C-010752-M2_LAYERING,ACC-C-010752-M2A_RUNWAY,DEV-00082
ACC-C-010752-M2A_RUNWAY,ACC-C-010984-M1_CASHOUT,DEV-00082
ACC-C-010984-M1_CASHOUT,ACC-C-010984-M2A_RUNWAY,DEV-00082
ACC-C-010984-M2A_RUNWAY,ACC-C-013234-M1_CASHOUT,DEV-00082
ACC-C-013234-M1_CASHOUT,ACC-C-013234-M2A_RUNWAY,DEV-00082
ACC-C-013234-M2A_RUNWAY,ACC-C-014022-M1_CASHOUT,DEV-00082
ACC-C-014022-M1_CASHOUT,ACC-C-014022-M2A_RUNWAY,DEV-00082
ACC-C-014022-M2A_RUNWAY,ACC-C-016051-M1_GATEWAY,DEV-00082
ACC-C-006760-M1_CASHOUT,ACC-C-006760-M2_LAYERING,DEV-00233
ACC-C-006760-M2_LAYERING,ACC-C-006760-M2A_RUNWAY,DEV-00233
ACC-C-006760-M2A_RUNWAY,ACC-C-008830-M1_GATEWAY,DEV-00233
ACC-C-008830-M1_GATEWAY,ACC-C-011726-M1_CASHOUT,DEV-00233
ACC-C-011726-M1_CASHOUT,ACC-C-011726-M2_LAYERING,DEV-00233
ACC-C-011726-M2_LAYERING,ACC-C-011726-M2A_RUNWAY,DEV-00233
ACC-C-011726-M2A_RUNWAY,ACC-C-012587-M1_CASHOUT,DEV-00233
ACC-C-012587-M1_CASHOUT,ACC-C-012587-M2_LAYERING,DEV-00233
ACC-C-012587-M2_LAYERING,ACC-C-012587-M2A_RUNWAY,DEV-00233
ACC-C-006784-M1_GATEWAY,ACC-C-014239-M1_CASHOUT,DEV-00084
ACC-C-014239-M1_CASHOUT,ACC-C-014239-M2A_RUNWAY,DEV-00084
ACC-C-014239-M2A_RUNWAY,ACC-C-017151-M1_GATEWAY,DEV-00084
ACC-C-006790-M1_CASHOUT,ACC-C-006790-M2_LAYERING,DEV-00399
ACC-C-006790-M2_LAYERING,ACC-C-006790-M2A_RUNWAY,DEV-00399
ACC-C-006790-M2A_RUNWAY,ACC-C-008404-M1_CASHOUT,DEV-00399
ACC-C-008404-M1_CASHOUT,ACC-C-008404-M2_LAYERING,DEV-00399
ACC-C-008404-M2_LAYERING,ACC-C-008404-M2A_RUNWAY,DEV-00399
ACC-C-008404-M2A_RUNWAY,ACC-C-009269-M1_CASHOUT,DEV-00399
ACC-C-009269-M1_CASHOUT,ACC-C-009269-M2A_RUNWAY,DEV-00399
ACC-C-009269-M2A_RUNWAY,ACC-C-012470-M1_GATEWAY,DEV-00399
ACC-C-012470-M1_GATEWAY,ACC-C-017952-M1_GATEWAY,DEV-00399
ACC-C-007041-M1_GATEWAY,ACC-C-011848-M1_GATEWAY,DEV-00375
ACC-C-007087-M1_GATEWAY,ACC-C-008335-M1_GATEWAY,DEV-00378
ACC-C-008335-M1_GATEWAY,ACC-C-011378-M1_CASHOUT,DEV-00378
ACC-C-011378-M1_CASHOUT,ACC-C-011378-M2A_RUNWAY,DEV-00378
ACC-C-011378-M2A_RUNWAY,ACC-C-013363-M1_GATEWAY,DEV-00378
ACC-C-007159-M1_GATEWAY,ACC-C-007852-M1_CASHOUT,DEV-00219
ACC-C-007852-M1_CASHOUT,ACC-C-007852-M2_LAYERING,DEV-00219
ACC-C-007852-M2_LAYERING,ACC-C-007852-M2A_RUNWAY,DEV-00219
ACC-C-007852-M2A_RUNWAY,ACC-C-008558-M1_GATEWAY,DEV-00219
ACC-C-008558-M1_GATEWAY,ACC-C-009203-M1_GATEWAY,DEV-00219
ACC-C-009203-M1_GATEWAY,ACC-C-010362-M1_GATEWAY,DEV-00219
ACC-C-010362-M1_GATEWAY,ACC-C-011466-M1_CASHOUT,DEV-00219
ACC-C-011466-M1_CASHOUT,ACC-C-011466-M2A_RUNWAY,DEV-00219
ACC-C-011466-M2A_RUNWAY,ACC-C-017538-M1_GATEWAY,DEV-00219
ACC-C-007160-M1_CASHOUT,ACC-C-007160-M2_LAYERING,DEV-00275
ACC-C-007160-M2_LAYERING,ACC-C-007160-M2A_RUNWAY,DEV-00275
ACC-C-007160-M2A_RUNWAY,ACC-C-009356-M1_CASHOUT,DEV-00275
ACC-C-009356-M1_CASHOUT,ACC-C-009356-M2A_RUNWAY,DEV-00275
ACC-C-009356-M2A_RUNWAY,ACC-C-011875-M1_GATEWAY,DEV-00275
ACC-C-011875-M1_GATEWAY,ACC-C-013593-M1_CASHOUT,DEV-00275
ACC-C-013593-M1_CASHOUT,ACC-C-013593-M2A_RUNWAY,DEV-00275
ACC-C-007190-M1_GATEWAY,ACC-C-009099-M1_CASHOUT,DEV-00102
ACC-C-009099-M1_CASHOUT,ACC-C-009099-M2_LAYERING,DEV-00102
ACC-C-009099-M2_LAYERING,ACC-C-009099-M2A_RUNWAY,DEV-00102
ACC-C-009099-M2A_RUNWAY,ACC-C-009292-M1_CASHOUT,DEV-00102
ACC-C-009292-M1_CASHOUT,ACC-C-009292-M2A_RUNWAY,DEV-00102
ACC-C-009292-M2A_RUNWAY,ACC-C-011114-M1_CASHOUT,DEV-00102
ACC-C-011114-M1_CASHOUT,ACC-C-011114-M2A_RUNWAY,DEV-00102
ACC-C-011114-M2A_RUNWAY,ACC-C-012494-M1_GATEWAY,DEV-00102
ACC-C-012494-M1_GATEWAY,ACC-C-012985-M1_GATEWAY,DEV-00102
ACC-C-012985-M1_GATEWAY,ACC-C-013049-M1_GATEWAY,DEV-00102
ACC-C-013049-M1_GATEWAY,ACC-C-017606-M1_CASHOUT,DEV-00102
ACC-C-017606-M1_CASHOUT,ACC-C-017606-M2_LAYERING,DEV-00102
ACC-C-017606-M2_LAYERING,ACC-C-017606-M2A_RUNWAY,DEV-00102
ACC-C-007339-M1_GATEWAY,ACC-C-010811-M1_CASHOUT,DEV-00115
ACC-C-010811-M1_CASHOUT,ACC-C-010811-M2A_RUNWAY,DEV-00115
ACC-C-010811-M2A_RUNWAY,ACC-C-013272-M1_GATEWAY,DEV-00115
ACC-C-007361-M1_GATEWAY,ACC-C-008115-M1_CASHOUT,DEV-00034
ACC-C-008115-M1_CASHOUT,ACC-C-008115-M2_LAYERING,DEV-00034
ACC-C-008115-M2_LAYERING,ACC-C-008115-M2A_RUNWAY,DEV-00034
ACC-C-008115-M2A_RUNWAY,ACC-C-009693-M1_CASHOUT,DEV-00034
ACC-C-009693-M1_CASHOUT,ACC-C-009693-M2_LAYERING,DEV-00034
ACC-C-009693-M2_LAYERING,ACC-C-009693-M2A_RUNWAY,DEV-00034
ACC-C-009693-M2A_RUNWAY,ACC-C-011964-M1_CASHOUT,DEV-00034
ACC-C-011964-M1_CASHOUT,ACC-C-011964-M2A_RUNWAY,DEV-00034
ACC-C-011964-M2A_RUNWAY,ACC-C-012195-M1_CASHOUT,DEV-00034
ACC-C-012195-M1_CASHOUT,ACC-C-012195-M2_LAYERING,DEV-00034
ACC-C-012195-M2_LAYERING,ACC-C-012195-M2A_RUNWAY,DEV-00034
ACC-C-007455-M1_CASHOUT,ACC-C-007455-M2A_RUNWAY,DEV-00285
ACC-C-007455-M2A_RUNWAY,ACC-C-008390-M1_CASHOUT,DEV-00285
ACC-C-008390-M1_CASHOUT,ACC-C-008390-M2A_RUNWAY,DEV-00285
ACC-C-008390-M2A_RUNWAY,ACC-C-010115-M1_CASHOUT,DEV-00285
ACC-C-010115-M1_CASHOUT,ACC-C-010115-M2A_RUNWAY,DEV-00285
ACC-C-010115-M2A_RUNWAY,ACC-C-012886-M1_CASHOUT,DEV-00285
ACC-C-012886-M1_CASHOUT,ACC-C-012886-M2A_RUNWAY,DEV-00285
ACC-C-012886-M2A_RUNWAY,ACC-C-014914-M1_CASHOUT,DEV-00285
ACC-C-014914-M1_CASHOUT,ACC-C-014914-M2_LAYERING,DEV-00285
ACC-C-014914-M2_LAYERING,ACC-C-014914-M2A_RUNWAY,DEV-00285
ACC-C-007526-M1_CASHOUT,ACC-C-007526-M2A_RUNWAY,DEV-00294
ACC-C-007526-M2A_RUNWAY,ACC-C-011644-M1_CASHOUT,DEV-00294
ACC-C-011644-M1_CASHOUT,ACC-C-011644-M2_LAYERING,DEV-00294
ACC-C-011644-M2_LAYERING,ACC-C-011644-M2A_RUNWAY,DEV-00294
ACC-C-011644-M2A_RUNWAY,ACC-C-013107-M1_GATEWAY,DEV-00294
ACC-C-013107-M1_GATEWAY,ACC-C-014890-M1_GATEWAY,DEV-00294
ACC-C-014890-M1_GATEWAY,ACC-C-015902-M1_GATEWAY,DEV-00294
ACC-C-015902-M1_GATEWAY,ACC-C-016004-M1_CASHOUT,DEV-00294
ACC-C-016004-M1_CASHOUT,ACC-C-016004-M2A_RUNWAY,DEV-00294
ACC-C-007788-M1_CASHOUT,ACC-C-007788-M2_LAYERING,DEV-00327
ACC-C-007788-M2_LAYERING,ACC-C-007788-M2A_RUNWAY,DEV-00327
ACC-C-007788-M2A_RUNWAY,ACC-C-011941-M1_CASHOUT,DEV-00327
ACC-C-011941-M1_CASHOUT,ACC-C-011941-M2A_RUNWAY,DEV-00327
ACC-C-011941-M2A_RUNWAY,ACC-C-017676-M1_GATEWAY,DEV-00327
ACC-C-007875-M1_CASHOUT,ACC-C-007875-M2_LAYERING,DEV-00070
ACC-C-007875-M2_LAYERING,ACC-C-007875-M2A_RUNWAY,DEV-00070
ACC-C-007875-M2A_RUNWAY,ACC-C-013402-M1_GATEWAY,DEV-00070
ACC-C-007959-M1_CASHOUT,ACC-C-007959-M2A_RUNWAY,DEV-00065
ACC-C-007959-M2A_RUNWAY,ACC-C-009677-M1_GATEWAY,DEV-00065
ACC-C-009677-M1_GATEWAY,ACC-C-013710-M1_GATEWAY,DEV-00065
ACC-C-008104-M1_CASHOUT,ACC-C-008104-M2_LAYERING,DEV-00046
ACC-C-008104-M2_LAYERING,ACC-C-008104-M2A_RUNWAY,DEV-00046
ACC-C-008104-M2A_RUNWAY,ACC-C-012175-M1_GATEWAY,DEV-00046
ACC-C-008158-M1_CASHOUT,ACC-C-008158-M2_LAYERING,DEV-00313
ACC-C-008158-M2_LAYERING,ACC-C-008158-M2A_RUNWAY,DEV-00313
ACC-C-008158-M2A_RUNWAY,ACC-C-011395-M1_GATEWAY,DEV-00313
ACC-C-011395-M1_GATEWAY,ACC-C-013013-M1_CASHOUT,DEV-00313
ACC-C-013013-M1_CASHOUT,ACC-C-013013-M2_LAYERING,DEV-00313
ACC-C-013013-M2_LAYERING,ACC-C-013013-M2A_RUNWAY,DEV-00313
ACC-C-013013-M2A_RUNWAY,ACC-C-013971-M1_CASHOUT,DEV-00313
ACC-C-013971-M1_CASHOUT,ACC-C-013971-M2A_RUNWAY,DEV-00313
ACC-C-013971-M2A_RUNWAY,ACC-C-016268-M1_GATEWAY,DEV-00313
ACC-C-008171-M1_GATEWAY,ACC-C-016408-M1_CASHOUT,DEV-00021
ACC-C-016408-M1_CASHOUT,ACC-C-016408-M2_LAYERING,DEV-00021
ACC-C-016408-M2_LAYERING,ACC-C-016408-M2A_RUNWAY,DEV-00021
ACC-C-008467-M1_CASHOUT,ACC-C-008467-M2_LAYERING,DEV-00335
ACC-C-008467-M2_LAYERING,ACC-C-008467-M2A_RUNWAY,DEV-00335
ACC-C-008467-M2A_RUNWAY,ACC-C-009154-M1_GATEWAY,DEV-00335
ACC-C-008494-M1_CASHOUT,ACC-C-008494-M2_LAYERING,DEV-00237
ACC-C-008494-M2_LAYERING,ACC-C-008494-M2A_RUNWAY,DEV-00237
ACC-C-008494-M2A_RUNWAY,ACC-C-010850-M1_GATEWAY,DEV-00237
ACC-C-010850-M1_GATEWAY,ACC-C-012296-M1_GATEWAY,DEV-00237
ACC-C-012296-M1_GATEWAY,ACC-C-014179-M1_GATEWAY,DEV-00237
ACC-C-014179-M1_GATEWAY,ACC-C-015545-M1_CASHOUT,DEV-00237
ACC-C-015545-M1_CASHOUT,ACC-C-015545-M2_LAYERING,DEV-00237
ACC-C-015545-M2_LAYERING,ACC-C-015545-M2A_RUNWAY,DEV-00237
ACC-C-015545-M2A_RUNWAY,ACC-C-015831-M1_CASHOUT,DEV-00237
ACC-C-015831-M1_CASHOUT,ACC-C-015831-M2_LAYERING,DEV-00237
ACC-C-015831-M2_LAYERING,ACC-C-015831-M2A_RUNWAY,DEV-00237
ACC-C-008559-M1_GATEWAY,ACC-C-008671-M1_GATEWAY,DEV-00130
ACC-C-008671-M1_GATEWAY,ACC-C-009960-M1_GATEWAY,DEV-00130
ACC-C-009960-M1_GATEWAY,ACC-C-010282-M1_GATEWAY,DEV-00130
ACC-C-010282-M1_GATEWAY,ACC-C-013920-M1_CASHOUT,DEV-00130
ACC-C-013920-M1_CASHOUT,ACC-C-013920-M2_LAYERING,DEV-00130
ACC-C-013920-M2_LAYERING,ACC-C-013920-M2A_RUNWAY,DEV-00130
ACC-C-008591-M1_CASHOUT,ACC-C-008591-M2A_RUNWAY,DEV-00173
ACC-C-008591-M2A_RUNWAY,ACC-C-010877-M1_CASHOUT,DEV-00173
ACC-C-010877-M1_CASHOUT,ACC-C-010877-M2A_RUNWAY,DEV-00173
ACC-C-010877-M2A_RUNWAY,ACC-C-017953-M1_GATEWAY,DEV-00173
ACC-C-008747-M1_CASHOUT,ACC-C-008747-M2A_RUNWAY,DEV-00319
ACC-C-008747-M2A_RUNWAY,ACC-C-010318-M1_CASHOUT,DEV-00319
ACC-C-010318-M1_CASHOUT,ACC-C-010318-M2_LAYERING,DEV-00319
ACC-C-010318-M2_LAYERING,ACC-C-010318-M2A_RUNWAY,DEV-00319
ACC-C-010318-M2A_RUNWAY,ACC-C-015780-M1_GATEWAY,DEV-00319
ACC-C-008759-M1_CASHOUT,ACC-C-008759-M2A_RUNWAY,DEV-00263
ACC-C-008759-M2A_RUNWAY,ACC-C-013403-M1_CASHOUT,DEV-00263
ACC-C-013403-M1_CASHOUT,ACC-C-013403-M2A_RUNWAY,DEV-00263
ACC-C-008827-M1_GATEWAY,ACC-C-009717-M1_CASHOUT,DEV-00047
ACC-C-009717-M1_CASHOUT,ACC-C-009717-M2A_RUNWAY,DEV-00047
ACC-C-009717-M2A_RUNWAY,ACC-C-013168-M1_CASHOUT,DEV-00047
ACC-C-013168-M1_CASHOUT,ACC-C-013168-M2A_RUNWAY,DEV-00047
ACC-C-013168-M2A_RUNWAY,ACC-C-015087-M1_CASHOUT,DEV-00047
ACC-C-015087-M1_CASHOUT,ACC-C-015087-M2_LAYERING,DEV-00047
ACC-C-015087-M2_LAYERING,ACC-C-015087-M2A_RUNWAY,DEV-00047
ACC-C-008945-M1_GATEWAY,ACC-C-009040-M1_CASHOUT,DEV-00120
ACC-C-009040-M1_CASHOUT,ACC-C-009040-M2A_RUNWAY,DEV-00120
ACC-C-009040-M2A_RUNWAY,ACC-C-013485-M1_CASHOUT,DEV-00120
ACC-C-013485-M1_CASHOUT,ACC-C-013485-M2A_RUNWAY,DEV-00120
ACC-C-009102-M1_CASHOUT,ACC-C-009102-M2_LAYERING,DEV-00242
ACC-C-009102-M2_LAYERING,ACC-C-009102-M2A_RUNWAY,DEV-00242
ACC-C-009102-M2A_RUNWAY,ACC-C-011844-M1_GATEWAY,DEV-00242
ACC-C-011844-M1_GATEWAY,ACC-C-015631-M1_CASHOUT,DEV-00242
ACC-C-015631-M1_CASHOUT,ACC-C-015631-M2_LAYERING,DEV-00242
ACC-C-015631-M2_LAYERING,ACC-C-015631-M2A_RUNWAY,DEV-00242
ACC-C-009207-M1_CASHOUT,ACC-C-009207-M2A_RUNWAY,DEV-00266
ACC-C-009252-M1_GATEWAY,ACC-C-012468-M1_CASHOUT,DEV-00367
ACC-C-012468-M1_CASHOUT,ACC-C-012468-M2A_RUNWAY,DEV-00367
ACC-C-012468-M2A_RUNWAY,ACC-C-012991-M1_CASHOUT,DEV-00367
ACC-C-012991-M1_CASHOUT,ACC-C-012991-M2_LAYERING,DEV-00367
ACC-C-012991-M2_LAYERING,ACC-C-012991-M2A_RUNWAY,DEV-00367
ACC-C-012991-M2A_RUNWAY,ACC-C-014047-M1_GATEWAY,DEV-00367
ACC-C-009253-M1_GATEWAY,ACC-C-010506-M1_GATEWAY,DEV-00261
ACC-C-010506-M1_GATEWAY,ACC-C-017319-M1_GATEWAY,DEV-00261
ACC-C-009642-M1_CASHOUT,ACC-C-009642-M2_LAYERING,DEV-00011
ACC-C-009642-M2_LAYERING,ACC-C-009642-M2A_RUNWAY,DEV-00011
ACC-C-009642-M2A_RUNWAY,ACC-C-009857-M1_GATEWAY,DEV-00011
ACC-C-009883-M1_GATEWAY,ACC-C-012818-M1_GATEWAY,DEV-00251
ACC-C-012818-M1_GATEWAY,ACC-C-013656-M1_GATEWAY,DEV-00251
ACC-C-013656-M1_GATEWAY,ACC-C-016174-M1_CASHOUT,DEV-00251
ACC-C-016174-M1_CASHOUT,ACC-C-016174-M2_LAYERING,DEV-00251
ACC-C-016174-M2_LAYERING,ACC-C-016174-M2A_RUNWAY,DEV-00251
ACC-C-016174-M2A_RUNWAY,ACC-C-016211-M1_GATEWAY,DEV-00251
ACC-C-016211-M1_GATEWAY,ACC-C-017747-M1_CASHOUT,DEV-00251
ACC-C-017747-M1_CASHOUT,ACC-C-017747-M2A_RUNWAY,DEV-00251
ACC-C-009892-M1_GATEWAY,ACC-C-011939-M1_CASHOUT,DEV-00104
ACC-C-011939-M1_CASHOUT,ACC-C-011939-M2A_RUNWAY,DEV-00104
ACC-C-011939-M2A_RUNWAY,ACC-C-016002-M1_GATEWAY,DEV-00104
ACC-C-016002-M1_GATEWAY,ACC-C-017530-M1_GATEWAY,DEV-00104
ACC-C-010692-M1_CASHOUT,ACC-C-010692-M2A_RUNWAY,DEV-00121
ACC-C-010692-M2A_RUNWAY,ACC-C-016047-M1_CASHOUT,DEV-00121
ACC-C-016047-M1_CASHOUT,ACC-C-016047-M2_LAYERING,DEV-00121
ACC-C-016047-M2_LAYERING,ACC-C-016047-M2A_RUNWAY,DEV-00121
ACC-C-016047-M2A_RUNWAY,ACC-C-017600-M1_CASHOUT,DEV-00121
ACC-C-017600-M1_CASHOUT,ACC-C-017600-M2A_RUNWAY,DEV-00121
ACC-C-010699-M1_CASHOUT,ACC-C-010699-M2_LAYERING,DEV-00297
ACC-C-010699-M2_LAYERING,ACC-C-010699-M2A_RUNWAY,DEV-00297
ACC-C-010699-M2A_RUNWAY,ACC-C-016911-M1_CASHOUT,DEV-00297
ACC-C-016911-M1_CASHOUT,ACC-C-016911-M2_LAYERING,DEV-00297
ACC-C-016911-M2_LAYERING,ACC-C-016911-M2A_RUNWAY,DEV-00297
ACC-C-011217-M1_GATEWAY,ACC-C-014029-M1_GATEWAY,DEV-00213
ACC-C-014029-M1_GATEWAY,ACC-C-014938-M1_GATEWAY,DEV-00213
ACC-C-011278-M1_GATEWAY,ACC-C-015751-M1_GATEWAY,DEV-00300
ACC-C-015751-M1_GATEWAY,ACC-C-017275-M1_GATEWAY,DEV-00300
ACC-C-017275-M1_GATEWAY,ACC-C-017372-M1_CASHOUT,DEV-00300
ACC-C-017372-M1_CASHOUT,ACC-C-017372-M2_LAYERING,DEV-00300
ACC-C-017372-M2_LAYERING,ACC-C-017372-M2A_RUNWAY,DEV-00300
ACC-C-011317-M1_CASHOUT,ACC-C-011317-M2A_RUNWAY,DEV-00164
ACC-C-011317-M2A_RUNWAY,ACC-C-014111-M1_CASHOUT,DEV-00164
ACC-C-014111-M1_CASHOUT,ACC-C-014111-M2A_RUNWAY,DEV-00164
ACC-C-014111-M2A_RUNWAY,ACC-C-014490-M1_CASHOUT,DEV-00164
ACC-C-014490-M1_CASHOUT,ACC-C-014490-M2_LAYERING,DEV-00164
ACC-C-014490-M2_LAYERING,ACC-C-014490-M2A_RUNWAY,DEV-00164
ACC-C-014490-M2A_RUNWAY,ACC-C-017163-M1_GATEWAY,DEV-00164
ACC-C-011520-M1_CASHOUT,ACC-C-011520-M2_LAYERING,DEV-00393
ACC-C-011520-M2_LAYERING,ACC-C-011520-M2A_RUNWAY,DEV-00393
ACC-C-011520-M2A_RUNWAY,ACC-C-014257-M1_GATEWAY,DEV-00393
ACC-C-014257-M1_GATEWAY,ACC-C-015676-M1_GATEWAY,DEV-00393
ACC-C-015676-M1_GATEWAY,ACC-C-017848-M1_CASHOUT,DEV-00393
ACC-C-017848-M1_CASHOUT,ACC-C-017848-M2A_RUNWAY,DEV-00393
ACC-C-012237-M1_GATEWAY,ACC-C-013113-M1_CASHOUT,DEV-00096
ACC-C-013113-M1_CASHOUT,ACC-C-013113-M2_LAYERING,DEV-00096
ACC-C-013113-M2_LAYERING,ACC-C-013113-M2A_RUNWAY,DEV-00096
ACC-C-013113-M2A_RUNWAY,ACC-C-014317-M1_CASHOUT,DEV-00096
ACC-C-014317-M1_CASHOUT,ACC-C-014317-M2_LAYERING,DEV-00096
ACC-C-014317-M2_LAYERING,ACC-C-014317-M2A_RUNWAY,DEV-00096
ACC-C-012875-M1_CASHOUT,ACC-C-012875-M2_LAYERING,DEV-00277
ACC-C-012875-M2_LAYERING,ACC-C-012875-M2A_RUNWAY,DEV-00277
ACC-C-012875-M2A_RUNWAY,ACC-C-012978-M1_CASHOUT,DEV-00277
ACC-C-012978-M1_CASHOUT,ACC-C-012978-M2A_RUNWAY,DEV-00277
ACC-C-012978-M2A_RUNWAY,ACC-C-016247-M1_GATEWAY,DEV-00277
ACC-C-012925-M1_CASHOUT,ACC-C-012925-M2_LAYERING,DEV-00071
ACC-C-012925-M2_LAYERING,ACC-C-012925-M2A_RUNWAY,DEV-00071
ACC-C-012925-M2A_RUNWAY,ACC-C-012970-M1_CASHOUT,DEV-00071
ACC-C-012970-M1_CASHOUT,ACC-C-012970-M2_LAYERING,DEV-00071
ACC-C-012970-M2_LAYERING,ACC-C-012970-M2A_RUNWAY,DEV-00071
ACC-C-012970-M2A_RUNWAY,ACC-C-013376-M1_GATEWAY,DEV-00071
ACC-C-015027-M1_GATEWAY,ACC-C-016457-M1_CASHOUT,DEV-00320
ACC-C-016457-M1_CASHOUT,ACC-C-016457-M2_LAYERING,DEV-00320
ACC-C-016457-M2_LAYERING,ACC-C-016457-M2A_RUNWAY,DEV-00320
ACC-C-016457-M2A_RUNWAY,ACC-C-016621-M1_CASHOUT,DEV-00320
ACC-C-016621-M1_CASHOUT,ACC-C-016621-M2A_RUNWAY,DEV-00320
ACC-C-015623-M1_CASHOUT,ACC-C-015623-M2A_RUNWAY,DEV-00090
